planet_name,default_flag,discovery_method,discovery_year,solution_type,pl_controv_flag,orbital_period_days,orbital_distance_au,planet_radius_earth,planet_mass_earth,planet_mass_jupiter,sy_dist
11 Com b,1,Radial Velocity,2007,Published Confirmed,0,323.21,1.178,,4914.89848585,15.464,93.1846
11 UMi b,1,Radial Velocity,2009,Published Confirmed,0,516.21997,1.53,,4684.8142,14.74,125.321
14 And b,1,Radial Velocity,2008,Published Confirmed,0,186.76,0.775,,1131.15130051,3.559,75.4392
14 Her b,1,Radial Velocity,2002,Published Confirmed,0,,2.839,,2828.6728223,8.9,17.9323
16 Cyg B b,1,Radial Velocity,1996,Published Confirmed,0,798.5,1.66,,565.7374,1.78,21.1397
17 Sco b,1,Radial Velocity,2020,Published Confirmed,0,578.38,1.45,,1373.01871824,4.32,124.953
18 Del b,1,Radial Velocity,2008,Published Confirmed,0,982.85,2.476,,2926.24614325,9.207,76.222
1RXS J160929.1-210524 b,1,Imaging,2008,Published Confirmed,0,,330.0,,3000.0,8.0,139.135
24 Boo b,1,Radial Velocity,2018,Published Confirmed,0,30.33,0.194,,280.64248338,0.883,95.9863
24 Sex b,1,Radial Velocity,2010,Published Confirmed,0,452.8,1.333,,632.46,1.99,72.0691
24 Sex c,1,Radial Velocity,2010,Published Confirmed,0,883.0,2.08,,273.32,0.86,72.0691
2M0437 b,1,Imaging,2021,Published Confirmed,0,,118.0,,1271.313628,4.0,128.484
2MASS J01033563-5515561 AB b,1,Imaging,2013,Published Confirmed,0,,84.0,,4131.79,13.0,
2MASS J01225093-2439505 b,1,Imaging,2013,Published Confirmed,0,,52.0,,7786.5,24.5,33.8281
2MASS J02192210-3925225 b,1,Imaging,2015,Published Confirmed,0,,156.0,16.14096,4417.837,13.9,
2MASS J0249-0557 c,1,Imaging,2018,Published Confirmed,0,,,17.37392009,3616.88727166,11.38,66.0613
2MASS J03590986+2009361 b,1,Imaging,2024,Published Confirmed,0,,572.0,,5720.911326,18.0,117.435
2MASS J04414489+2301513 b,1,Imaging,2010,Published Confirmed,0,,15.0,,2383.6,7.5,
2MASS J11011926-7732383 b,1,Imaging,2024,Published Confirmed,0,,266.0,,8899.195396,28.0,
2MASS J11550485-7919108 b,1,Imaging,2024,Published Confirmed,0,,587.0,,6356.56814,20.0,100.862
2MASS J12073346-3932539 b,1,Imaging,2004,Published Confirmed,0,,,15.69257298,1652.7077164,5.2,64.308
2MASS J19383260+4603591 b,1,Eclipse Timing Variations,2015,Published Confirmed,0,406.0,,,591.16083702,1.86,396.332
2MASS J21252752-8138278 b,1,Imaging,2024,Published Confirmed,0,,7493.0,,3813.940884,12.0,34.1154
2MASS J22362452+4751425 b,1,Imaging,2016,Published Confirmed,0,,230.0,,3972.875,12.5,69.5737
2MASS J22501512+2325342 b,1,Imaging,2018,Published Confirmed,0,,518.0,,9534.85221,30.0,57.2309
4 UMa b,1,Radial Velocity,2006,Published Confirmed,0,270.27,0.877,,2511.48007211,7.902,73.4603
47 UMa b,1,Radial Velocity,1996,Published Confirmed,0,1078.0,2.1,,804.08,2.53,13.7967
47 UMa c,1,Radial Velocity,2001,Published Confirmed,0,2391.0,3.6,,171.621,0.54,13.7967
47 UMa d,1,Radial Velocity,2009,Published Confirmed,0,14002.0,11.6,,521.22,1.64,13.7967
51 Eri b,1,Imaging,2015,Published Confirmed,0,9100.0,10.4,,3464.3296363,10.9,29.7575
51 Peg b,1,Radial Velocity,1995,Published Confirmed,0,4.2307966,0.052,,193.87532827,0.61,15.4614
55 Cnc B b,1,Radial Velocity,2025,Published Confirmed,0,6.7994,0.044,,3.5,0.01101223,12.4773
55 Cnc B c,1,Radial Velocity,2025,Published Confirmed,0,33.747,0.13,,5.3,0.01667566,12.4773
55 Cnc b,1,Radial Velocity,1996,Published Confirmed,0,14.651552,0.118,,276.0,0.86839311,12.5855
55 Cnc c,1,Radial Velocity,2004,Published Confirmed,0,44.3936,0.247,,56.6,0.17808352,12.5855
55 Cnc d,1,Radial Velocity,2002,Published Confirmed,0,4799.0,5.6,,1214.10451474,3.82,12.5855
55 Cnc e,1,Radial Velocity,2004,Published Confirmed,0,0.7365474,0.01544,1.875,7.99,0.02513923,12.5855
55 Cnc f,1,Radial Velocity,2007,Published Confirmed,0,260.58,0.802,,48.5,0.15259807,12.5855
6 Lyn b,1,Radial Velocity,2008,Published Confirmed,0,919.86,2.028,,597.83523357,1.881,54.6599
61 Vir b,1,Radial Velocity,2009,Published Confirmed,0,4.215,0.050201,,5.1,0.016,8.50332
61 Vir c,1,Radial Velocity,2009,Published Confirmed,0,38.021,0.2175,,18.2,0.057,8.50332
61 Vir d,1,Radial Velocity,2009,Published Confirmed,0,123.01,0.476,,22.9,0.072,8.50332
7 CMa b,1,Radial Velocity,2011,Published Confirmed,0,735.1,1.758,,587.9855,1.85,19.8101
7 CMa c,1,Radial Velocity,2019,Published Confirmed,0,996.0,2.153,,276.5121,0.87,19.8101
70 Vir b,1,Radial Velocity,1996,Published Confirmed,0,116.688,0.481,,2357.02728,7.416,17.9011
75 Cet b,1,Radial Velocity,2012,Published Confirmed,0,696.62,1.912,,787.89662095,2.479,82.9613
75 Cet c,1,Radial Velocity,2023,Published Confirmed,0,2051.62,3.929,,289.85950718,0.912,82.9613
8 UMi b,1,Radial Velocity,2015,Published Confirmed,0,93.31,0.462,,524.41687155,1.65,162.552
81 Cet b,1,Radial Velocity,2008,Published Confirmed,0,1005.57,2.104,,1051.05854195,3.307,101.26
91 Aqr b,1,Radial Velocity,2013,Published Confirmed,0,181.4,0.7,,1017.0,3.2,44.0304
AB Aur b,1,Imaging,2022,Published Confirmed,0,,93.9,,2860.455663,9.0,162.127
AB Pic b,1,Imaging,2005,Published Confirmed,0,,260.0,,4290.5,13.5,50.0475
AF Lep b,1,Imaging,2023,Published Confirmed,0,8905.0,8.996,,1147.36054927,3.61,26.8564
AT2021ueyL b,1,Microlensing,2025,Published Confirmed,0,4168.69,4.01,,425.89006538,1.34,1040.0
AU Mic b,1,Transit,2020,Published Confirmed,0,8.463446,0.07,4.79,8.99,0.0282857,9.7221
AU Mic c,1,Transit,2021,Published Confirmed,0,18.859023,0.119,2.79,14.46,0.04549625,9.7221
AU Mic d,1,Transit Timing Variations,2023,Published Confirmed,0,12.73596,,,1.053,0.00331,9.7221
AU Mic e,1,Radial Velocity,2025,Published Confirmed,1,33.11,,,21.1,0.06638802,9.7221
BD+03 2562 b,1,Radial Velocity,2017,Published Confirmed,0,481.9,1.3,,2034.112,6.4,1070.63
BD+05 4868 A b,1,Transit,2025,Published Confirmed,0,1.271869,0.0208,,6.2,0.01950738,43.5687
BD+14 4559 b,1,Radial Velocity,2009,Published Confirmed,0,268.94,0.78,,330.5432,1.04,49.352
BD+15 2375 b,1,Radial Velocity,2016,Published Confirmed,0,153.22,0.576,,337.21763,1.061,768.045
BD+15 2940 b,1,Radial Velocity,2013,Published Confirmed,0,137.48,0.539,,352.78,1.11,426.42
BD+20 2457 b,1,Radial Velocity,2009,Published Confirmed,0,379.63,1.45,,6807.63,21.42,1539.71
BD+20 2457 c,1,Radial Velocity,2009,Published Confirmed,0,621.99,2.01,,3963.17,12.47,1539.71
BD+20 274 b,1,Radial Velocity,2012,Published Confirmed,0,578.2,1.3,,1334.886,4.2,1322.51
BD+20 594 b,1,Transit,2016,Published Confirmed,0,41.6855,,2.57807,22.2481,0.07,179.461
BD+37 3172 b,1,Radial Velocity,2023,Published Confirmed,0,1887.76,4.65,,3368.9811142,10.6,454.251
BD+42 2315 b,1,Radial Velocity,2023,Published Confirmed,0,123.05,0.54,,174.80562385,0.55,610.715
BD+45 564 b,1,Radial Velocity,2021,Published Confirmed,0,307.88,0.83,,432.24663352,1.36,53.622
BD+48 738 b,1,Radial Velocity,2011,Published Confirmed,0,392.6,1.0,,289.2253,0.91,871.493
BD+48 740 b,1,Radial Velocity,2018,Published Confirmed,0,733.0,1.7,,540.311,1.7,666.589
BD+49 828 b,1,Radial Velocity,2015,Published Confirmed,0,2590.0,4.2,,508.5,1.6,442.042
BD+55 362 b,1,Radial Velocity,2021,Published Confirmed,0,265.59,0.78,,228.83645304,0.72,52.5697
BD+60 1417 b,1,Imaging,2021,Published Confirmed,0,,1662.0,14.68376472,4767.426105,15.0,44.9543
BD+63 1405 b,1,Radial Velocity,2021,Published Confirmed,0,1198.48,2.06,,1258.60049172,3.96,38.0473
BD-06 1339 b,1,Radial Velocity,2013,Published Confirmed,1,3.8728,0.0428,,8.5,0.027,20.2695
BD-06 1339 c,1,Radial Velocity,2013,Published Confirmed,0,125.94,0.435,,53.0,0.17,20.2695
BD-08 2823 b,1,Radial Velocity,2009,Published Confirmed,0,5.6,0.06,,12.7132,0.04,41.3342
BD-08 2823 c,1,Radial Velocity,2009,Published Confirmed,0,237.6,0.68,,104.0,0.33,41.3342
BD-10 3166 b,1,Radial Velocity,2000,Published Confirmed,0,3.48777,0.04,,187.5197,0.59,84.4069
BD-11 4672 b,1,Radial Velocity,2014,Published Confirmed,0,1634.0,2.36,,206.5895,0.65,27.1665
BD-11 4672 c,1,Radial Velocity,2020,Published Confirmed,0,74.2,0.3,,15.37,0.04835919,27.1665
BD-13 2130 b,1,Radial Velocity,2007,Published Confirmed,0,714.29999,1.66,,3108.3774,9.78,925.214
BD-14 3065 b,1,Transit,2024,Published Confirmed,0,4.2889731,0.0656,21.59,3932.0,12.37,589.423
BD-17 63 b,1,Radial Velocity,2008,Published Confirmed,0,655.57,,,1639.99458012,5.16,34.4603
BD-210397 b,1,Radial Velocity,2023,Published Confirmed,0,1891.0,2.63,,214.0,0.7,23.7324
BD-210397 c,1,Radial Velocity,2023,Published Confirmed,0,6240.0,5.9,,1525.5763536,4.8,23.7324
BEBOP-3 b,1,Radial Velocity,2025,Published Confirmed,0,547.0,1.444,,177.34825111,0.558,119.052
BEBOP-4 AB b,1,Radial Velocity,2025,Published Confirmed,0,1823.5,3.634,,8358.8871041,26.3,234.294
Barnard b,1,Radial Velocity,2024,Published Confirmed,0,3.1542,0.0229,,0.299,0.00094076,1.82655
Barnard c,1,Radial Velocity,2025,Published Confirmed,0,4.1244,0.0274,,0.335,0.00105403,1.82655
Barnard d,1,Radial Velocity,2025,Published Confirmed,0,2.3402,0.0188,,0.263,0.00082749,1.82655
Barnard e,1,Radial Velocity,2025,Published Confirmed,0,6.7392,0.0381,,0.193,0.00060725,1.82655
CD Cet b,1,Radial Velocity,2020,Published Confirmed,0,2.2907,0.0185,,3.95,0.01242809,8.60715
CD-35 2722 b,1,Imaging,2011,Published Confirmed,0,,67.0,17.37392009,9375.9380065,29.5,22.3896
CFBDSIR J145829+101343 b,1,Imaging,2011,Published Confirmed,0,10037.5,2.6,,3337.1,10.5,
CFHTWIR-Oph 98 b,1,Imaging,2020,Published Confirmed,0,8040000.0,200.0,20.8487041,2479.0615746,7.8,
CHXR 73 b,1,Imaging,2006,Published Confirmed,0,,210.0,,3994.486,12.569,190.374
CI Tau c,1,Radial Velocity,2024,Published Confirmed,0,25.2,0.17,,1144.1822652,3.6,157.998
COCONUTS-2 b,1,Imaging,2021,Published Confirmed,0,,,12.57647635,2383.7130525,7.5,10.8864
CT Cha b,1,Imaging,2007,Published Confirmed,0,,440.0,24.66,5403.0,17.0,190.72
CWISEP J193518.59-154620.3 b,1,Imaging,2025,Published Confirmed,0,,2.48,,4926.3403085,15.5,14.43
CoRoT-1 b,1,Transit,2008,Published Confirmed,0,1.5089557,,16.7,327.35,1.03,787.909
CoRoT-10 b,1,Transit,2010,Published Confirmed,0,13.2406,0.1055,10.87,874.0,2.75,338.386
CoRoT-11 b,1,Transit,2010,Published Confirmed,0,2.99433,0.0436,16.03,740.51,2.33,655.037
CoRoT-12 b,1,Transit,2010,Published Confirmed,0,2.828042,0.04016,16.14,291.438,0.917,1126.37
CoRoT-13 b,1,Transit,2010,Published Confirmed,0,4.03519,0.051,9.92,415.704,1.308,1148.93
CoRoT-14 b,1,Transit,2010,Published Confirmed,0,1.51214,0.027,12.22,2415.4,7.6,1744.6
CoRoT-16 b,1,Transit,2011,Published Confirmed,0,5.35227,0.0618,13.11,170.032,0.535,732.409
CoRoT-17 b,1,Transit,2011,Published Confirmed,0,3.7681,0.0461,11.43,772.29,2.43,1176.12
CoRoT-18 b,1,Transit,2011,Published Confirmed,0,1.9000693,0.0295,14.68,1102.82,3.47,764.889
CoRoT-19 b,1,Transit,2011,Published Confirmed,0,3.89713,0.0518,14.46,352.78,1.11,790.663
CoRoT-2 b,1,Transit,2008,Published Confirmed,0,1.7429935,0.02798,16.432,1102.82,3.47,213.283
CoRoT-20 b,1,Transit,2011,Published Confirmed,0,9.24285,0.09,,1366.669,4.3,844.061
CoRoT-20 c,1,Radial Velocity,2018,Published Confirmed,0,1675.0,2.9,,5403.11,17.0,844.061
CoRoT-21 b,1,Transit,2012,Published Confirmed,0,2.72474,0.0417,14.5717,718.2958,2.26,
CoRoT-22 b,1,Transit,2014,Published Confirmed,0,9.75598,0.092,4.88,12.2,0.038,627.158
CoRoT-23 b,1,Transit,2011,Published Confirmed,0,3.6313,0.048,11.77,889.9,2.8,1060.97
CoRoT-24 b,1,Transit,2014,Published Confirmed,0,5.1134,0.056,3.7,5.7,0.018,591.555
CoRoT-24 c,1,Transit,2014,Published Confirmed,0,11.759,0.098,5.0,28.0,0.088,591.555
CoRoT-25 b,1,Transit,2013,Published Confirmed,0,4.86069,0.0578,12.11,85.81,0.27,1103.48
CoRoT-26 b,1,Transit,2013,Published Confirmed,0,4.20474,0.0526,14.12,165.26,0.52,1045.18
CoRoT-27 b,1,Transit,2014,Published Confirmed,0,3.57532,0.0476,11.287,3302.11,10.39,1010.28
CoRoT-28 b,1,Transit,2015,Published Confirmed,0,5.20851,0.0603,10.704595,153.82972,0.484,766.183
CoRoT-29 b,1,Transit,2015,Published Confirmed,0,2.85057,0.0386,10.0881,270.1555,0.85,806.507
CoRoT-3 b,1,Transit,2008,Published Confirmed,0,4.2568,,11.32,6883.91,21.66,768.771
CoRoT-30 b,1,Transit,2020,Published Confirmed,0,9.06005,0.0844,11.309881,921.707,2.9,1032.23
CoRoT-31 b,1,Transit,2020,Published Confirmed,0,4.62941,0.0586,16.36514,266.9772,0.84,2005.76
CoRoT-32 b,1,Transit,2018,Published Confirmed,0,6.71837,0.071,6.38913,47.6745,0.15,576.683
CoRoT-35 b,1,Transit,2022,Published Confirmed,0,3.22748,0.0429,18.83108758,349.6112477,1.1,1123.21
CoRoT-36 b,1,Transit,2022,Published Confirmed,0,5.616531,0.066,15.80466279,216.12331676,0.68,925.958
CoRoT-4 b,1,Transit,2008,Published Confirmed,0,9.20205,0.09,13.34,228.83,0.72,726.412
CoRoT-5 b,1,Transit,2009,Published Confirmed,0,4.0378962,0.04947,15.558,148.42,0.467,882.472
CoRoT-6 b,1,Transit,2009,Published Confirmed,0,8.886593,0.0855,13.068,940.74,2.96,645.294
CoRoT-7 b,1,Transit,2009,Published Confirmed,0,0.85359163,,1.68135,4.07660518,0.01282637,159.906
CoRoT-7 c,1,Radial Velocity,2009,Published Confirmed,0,3.698,0.046,,8.4,0.02642922,159.906
CoRoT-7 d,1,Radial Velocity,2022,Published Confirmed,0,8.966,,,17.142,0.05393476,159.906
CoRoT-8 b,1,Transit,2010,Published Confirmed,0,6.21229,0.063,6.39,69.92,0.22,322.037
CoRoT-9 b,1,Transit,2009,Published Confirmed,0,95.272656,0.4021,11.948794,266.9772,0.84,412.98
DE CVn b,1,Eclipse Timing Variations,2018,Published Confirmed,1,4098.1,5.75,,3823.27330161,12.02930278,30.5225
DENIS-P J082303.1-491201 b,1,Astrometry,2013,Published Confirmed,0,246.36,0.36,,9057.77,28.5,
DH Tau b,1,Imaging,2004,Published Confirmed,0,,330.0,,3496.0,11.0,134.846
DMPP-1 b,1,Radial Velocity,2019,Published Confirmed,0,17.812,0.1423,,16.8,0.05285871,62.5388
DMPP-1 c,1,Radial Velocity,2019,Published Confirmed,0,10.03,0.0973,,10.94,0.03442109,62.5388
DMPP-1 d,1,Radial Velocity,2019,Published Confirmed,0,3.1417,0.04467,,4.72,0.01485078,62.5388
DMPP-1 e,1,Radial Velocity,2019,Published Confirmed,0,5.516,0.0651,,4.13,0.01299437,62.5388
DMPP-2 b,1,Radial Velocity,2019,Published Confirmed,0,5.203,0.06638,,171.48,0.53953642,137.94
DMPP-2 c,1,Radial Velocity,2026,Published Confirmed,0,3.168,0.04789,,51.79,0.16294956,137.94
DMPP-2 d,1,Radial Velocity,2026,Published Confirmed,0,16.491,0.1432,,91.79,0.28880364,137.94
DMPP-3 A b,1,Radial Velocity,2019,Published Confirmed,0,5.59,0.05958,,2.67,0.00840076,46.8917
DMPP-4 b,1,Radial Velocity,2023,Published Confirmed,0,3.4982,0.04853,,12.2,0.03838549,25.3284
DMPP-6 b,1,Radial Velocity,2026,Published Confirmed,0,7.6027,0.0779,,5.8,0.01824884,54.6303
DMPP-6 c,1,Radial Velocity,2026,Published Confirmed,0,36.441,0.2206,,13.47,0.04238136,54.6303
DMPP-7 b,1,Radial Velocity,2026,Published Confirmed,0,4.984,0.05873,,61.39,0.19315454,101.386
DMPP-8 b,1,Radial Velocity,2026,Published Confirmed,0,62.915,0.3098,,81.09,0.25513767,76.1335
DMPP-9 b,1,Radial Velocity,2026,Published Confirmed,0,12.733,0.1097,,14.43,0.04540186,109.539
DP Leo b,1,Eclipse Timing Variations,2009,Published Confirmed,0,10220.0,8.19,,1922.79,6.05,305.684
DS Tuc A b,1,Transit,2019,Published Confirmed,0,8.138268,,5.7,,,44.0622
EPIC 201170410.02,1,Transit,2020,Published Confirmed,0,6.7987,0.0349,1.047,,,
EPIC 201238110 b,1,Transit,2019,Published Confirmed,0,28.1656,,1.87,,,159.259
EPIC 201427007 b,1,Transit,2021,Published Confirmed,0,0.72091,,1.5,,,706.391
EPIC 201497682 b,1,Transit,2019,Published Confirmed,0,2.13174,,0.692,,,253.026
EPIC 201595106 b,1,Transit,2021,Published Confirmed,0,0.87724,0.0177,1.565,7.67,0.02413252,232.1
EPIC 201615463 c,1,Transit,2019,Published Confirmed,0,3.80464,,1.22,,,476.882
EPIC 201754305 d,1,Transit,2019,Published Confirmed,0,2.71578,,1.03,,,334.967
EPIC 201757695.02,1,Transit,2020,Published Confirmed,0,2.0478,0.0296,0.90819,,,
EPIC 201833600 c,1,Transit,2019,Published Confirmed,0,3.96151,,1.0,,,257.443
EPIC 201841433 b,1,Transit,2019,Published Confirmed,0,4.1698,0.035,1.04,,,436.488
EPIC 205950854 c,1,Transit,2019,Published Confirmed,0,8.050722,,1.31,,,243.935
EPIC 206024342 b,1,Transit,2019,Published Confirmed,0,4.50756,,1.7,,,369.888
EPIC 206024342 c,1,Transit,2021,Published Confirmed,0,0.911724,,1.4,,,369.888
EPIC 206024342 d,1,Transit,2021,Published Confirmed,0,14.647531,,2.6,,,369.888
EPIC 206032309 b,1,Transit,2019,Published Confirmed,0,2.87814,,1.01,,,161.365
EPIC 206042996 b,1,Transit,2019,Published Confirmed,0,5.2986,,1.7,,,451.769
EPIC 206042996 c,1,Transit,2021,Published Confirmed,0,0.354884,,1.2,,,451.769
EPIC 206215704 b,1,Transit,2019,Published Confirmed,0,2.255436,,1.0,,,109.888
EPIC 206317286 b,1,Transit,2019,Published Confirmed,0,1.58252,,0.96,,,314.35
EPIC 206317286 c,1,Transit,2022,Published Confirmed,0,17.515472,,2.094,,,314.35
EPIC 211822797 b,1,Transit,2016,Published Confirmed,0,21.1701963,0.1195,1.92,,,186.197
EPIC 211945201 b,1,Transit,2018,Published Confirmed,0,19.49221,0.1493,5.76,,,181.69
EPIC 212297394 b,1,Transit,2019,Published Confirmed,0,2.289363,,1.48,,,418.395
EPIC 212297394 c,1,Transit,2021,Published Confirmed,0,5.213965,,2.27,,,418.395
EPIC 212424622 b,1,Transit,2019,Published Confirmed,0,18.0983,,2.17,,,611.804
EPIC 212499991 b,1,Transit,2019,Published Confirmed,0,34.885,,1.6,,,283.29
EPIC 212587672 b,1,Transit,2019,Published Confirmed,0,15.28078,,1.26,,,320.07
EPIC 212587672 c,1,Transit,2021,Published Confirmed,0,23.228555,,2.32,,,320.07
EPIC 212624936 b,1,Transit,2021,Published Confirmed,0,0.578657,,1.2,,,561.929
EPIC 212624936 c,1,Transit,2021,Published Confirmed,0,11.811437,,2.3,,,561.929
EPIC 212737443 b,1,Transit,2019,Published Confirmed,0,13.603,0.098,2.586,,,336.25
EPIC 212737443 c,1,Transit,2019,Published Confirmed,0,65.55,0.28,2.69,,,336.25
EPIC 220492298 b,1,Transit,2021,Published Confirmed,0,0.762406,,0.99,,,624.512
EPIC 220554210 c,1,Transit,2019,Published Confirmed,0,0.70531,,1.6,,,496.289
EPIC 220674823 b,1,Transit,2016,Published Confirmed,0,0.57130782,0.0132,1.606,7.54,0.02372349,244.59
EPIC 220674823 c,1,Transit,2016,Published Confirmed,0,13.340603,0.1078,2.712,7.9,0.02485618,244.59
EPIC 228836835 b,1,Transit,2021,Published Confirmed,0,0.728113,,1.1,,,150.124
EPIC 229004835 b,1,Transit,2023,Published Confirmed,0,16.141132,0.1237,2.332,10.4,0.03272206,121.971
EPIC 246851721 b,1,Transit,2018,Published Confirmed,0,6.180235,0.07229,11.780659,953.49,3.0,372.632
EPIC 248847494 b,1,Transit,2018,Published Confirmed,0,3650.0,4.5,12.44199,4131.79,13.0,551.886
EPIC 249893012 b,1,Transit,2020,Published Confirmed,0,3.5951,0.047,1.95,8.75,0.02753044,321.296
EPIC 249893012 c,1,Transit,2020,Published Confirmed,0,15.624,0.13,3.67,14.67,0.04615675,321.296
EPIC 249893012 d,1,Transit,2020,Published Confirmed,0,35.747,0.22,3.94,10.18,0.0320297,321.296
FU Tau b,1,Imaging,2008,Published Confirmed,0,,800.0,,5085.28,16.0,
G 192-15 b,1,Radial Velocity,2025,Published Confirmed,0,2.27476,0.01723,,1.03,0.00324074,9.53114
G 192-15 c,1,Radial Velocity,2025,Published Confirmed,0,1219.0,1.137,,14.3,0.04499283,9.53114
G 196-3 b,1,Imaging,2024,Published Confirmed,0,,350.0,,8263.538582,26.0,21.7912
G 261-6 b,1,Radial Velocity,2025,Published Confirmed,0,5.4536,0.02971,,1.37,0.0043105,10.6267
G 264-012 b,1,Radial Velocity,2021,Published Confirmed,0,2.30538,0.02279,,2.5,0.00786588,16.009
G 264-012 c,1,Radial Velocity,2021,Published Confirmed,0,8.0518,0.0525,,3.75,0.01179882,16.009
G 268-110 b,1,Radial Velocity,2025,Published Confirmed,0,1.43263,0.01283,,1.52,0.00478245,
G 9-40 b,1,Transit,2019,Published Confirmed,0,5.7459982,0.0418,1.9,4.0,0.01258541,27.9276
GJ 1002 b,1,Radial Velocity,2022,Published Confirmed,0,10.3465,0.0457,,1.08,0.00339806,4.84867
GJ 1002 c,1,Radial Velocity,2022,Published Confirmed,0,21.202,0.0738,,1.36,0.00427904,4.84867
GJ 1061 b,1,Radial Velocity,2020,Published Confirmed,0,3.2073,0.021,,1.11,0.00349245,3.67278
GJ 1061 c,1,Radial Velocity,2020,Published Confirmed,0,6.6821,0.0342,,1.81,0.0056949,3.67278
GJ 1061 d,1,Radial Velocity,2020,Published Confirmed,0,13.066,0.054,,1.67,0.00525441,3.67278
GJ 1132 b,1,Transit,2015,Published Confirmed,0,1.62892911,0.0157,1.19151465,1.83704819,0.00578,12.613
GJ 1132 c,1,Radial Velocity,2018,Published Confirmed,0,8.929,,,2.91,0.00915588,12.613
GJ 1137 c,1,Radial Velocity,2026,Published Confirmed,0,9.6412,0.0835,,5.12,0.01610932,28.5159
GJ 1148 b,1,Radial Velocity,2010,Published Confirmed,0,41.38,0.166,,96.7,0.3042507,11.0143
GJ 1148 c,1,Radial Velocity,2017,Published Confirmed,0,532.58,0.912,,68.06,0.21413963,11.0143
GJ 1151 c,1,Radial Velocity,2023,Published Confirmed,0,389.7,0.5714,,10.62,0.03341426,8.03625
GJ 1214 b,1,Transit,2009,Published Confirmed,0,1.580404531,0.01505,2.733,8.41,0.02646082,14.6427
GJ 1252 b,1,Transit,2020,Published Confirmed,0,0.5182331,,1.193,1.32,0.00415318,20.373
GJ 1265 b,1,Radial Velocity,2018,Published Confirmed,0,3.6511,0.026,,7.4,0.02328289,10.2525
GJ 1289 b,1,Radial Velocity,2024,Published Confirmed,0,111.74,0.27,,6.27,0.01972763,8.35147
GJ 143 b,1,Transit,2019,Published Confirmed,0,35.61253,0.1915,2.61,22.7,0.07142183,16.32
GJ 15 A b,1,Radial Velocity,2014,Published Confirmed,1,11.4407,0.072,,3.03,0.0095334,3.56228
GJ 15 A c,1,Radial Velocity,2018,Published Confirmed,0,7600.0,5.4,,36.0,0.1132681,3.56228
GJ 160.2 b,1,Radial Velocity,2014,Published Confirmed,0,5.2354,0.053,,10.2,0.03209263,25.8557
GJ 163 b,1,Radial Velocity,2013,Published Confirmed,0,8.63182,0.0607,,10.6,0.03335116,15.1285
GJ 163 c,1,Radial Velocity,2013,Published Confirmed,0,25.63058,0.1254,,6.8,0.02139509,15.1285
GJ 163 d,1,Radial Velocity,2013,Published Confirmed,0,603.95116,1.0304,,29.4,0.09250228,15.1285
GJ 179 b,1,Radial Velocity,2009,Published Confirmed,0,2288.0,2.41,,260.61,0.82,12.356
GJ 180 b,1,Radial Velocity,2014,Published Confirmed,0,17.133,0.092,,6.49,0.02041972,11.9407
GJ 180 c,1,Radial Velocity,2014,Published Confirmed,0,24.329,0.129,,6.4,0.02013655,11.9407
GJ 180 d,1,Radial Velocity,2020,Published Confirmed,0,106.3,0.309,,7.56,0.0237863,11.9407
GJ 2030 b,1,Radial Velocity,2022,Published Confirmed,0,2.38129,0.034,,4.76742611,0.015,37.0788
GJ 2030 c,1,Radial Velocity,2022,Published Confirmed,0,25533.11353,16.761,,4069.15709482,12.803,37.0788
GJ 2056 b,1,Radial Velocity,2020,Published Confirmed,0,69.971,0.283,,16.2,0.05097064,28.4434
GJ 2126 b,1,Radial Velocity,2025,Published Confirmed,0,272.7,0.71,,413.1769291,1.3,38.129
GJ 229 A c,1,Radial Velocity,2020,Published Confirmed,1,121.93268,0.384,,8.58136699,0.027,5.75624
GJ 229 b,1,Radial Velocity,2014,Published Confirmed,1,579.47495,1.086,,14.93793513,0.047,5.75624
GJ 238 b,1,Transit,2024,Published Confirmed,0,1.7446999,0.02123,0.566,,,15.2142
GJ 251 b,1,Radial Velocity,2020,Published Confirmed,0,14.237,0.0808,,3.85,0.01211345,5.58057
GJ 251 c,1,Radial Velocity,2025,Published Confirmed,0,53.647,0.196,,3.88,0.01220785,5.58057
GJ 27.1 b,1,Radial Velocity,2014,Published Confirmed,0,15.819,0.101,,13.0,0.04090237,23.6062
GJ 273 b,1,Radial Velocity,2017,Published Confirmed,0,18.6498,0.091101,,2.89,0.00909291,5.921535
GJ 273 c,1,Radial Velocity,2017,Published Confirmed,0,4.7234,0.036467,,1.18,0.00371268,5.921535
GJ 3021 b,1,Radial Velocity,2000,Published Confirmed,0,133.71,0.49,,1071.04,3.37,17.5559
GJ 3082 b,1,Radial Velocity,2020,Published Confirmed,0,11.949,0.079,,8.2,0.02579996,16.6186
GJ 3090 b,1,Transit,2022,Published Confirmed,0,2.85310198,0.0316,2.18,4.52,0.01422151,22.4751
GJ 3090 c,1,Radial Velocity,2026,Published Confirmed,0,15.9407,0.0997,,10.0,0.03146352,22.4751
GJ 3138 b,1,Radial Velocity,2017,Published Confirmed,0,1.22003,0.0197,,1.78,0.00560048,28.4712
GJ 3138 c,1,Radial Velocity,2017,Published Confirmed,0,5.974,0.057,,4.18,0.01315168,28.4712
GJ 3138 d,1,Radial Velocity,2017,Published Confirmed,0,257.8,0.698,,10.5,0.03303653,28.4712
GJ 317 b,1,Radial Velocity,2007,Published Confirmed,0,695.69,1.138,,536.49435102,1.688,15.1968
GJ 317 c,1,Radial Velocity,2016,Published Confirmed,0,6500.0,5.04,,454.49462201,1.43,15.1968
GJ 3222 b,1,Radial Velocity,2022,Published Confirmed,0,10.66669,0.091,,11.44182265,0.036,18.23817
GJ 328 b,1,Radial Velocity,2013,Published Confirmed,0,3771.0,4.11,,797.74930157,2.51,20.5266
GJ 328 c,1,Radial Velocity,2023,Published Confirmed,0,241.8,0.657,,21.4,0.06733193,20.5266
GJ 3293 b,1,Radial Velocity,2015,Published Confirmed,0,30.5987,0.14339,,23.54,0.07406475,20.1903
GJ 3293 c,1,Radial Velocity,2015,Published Confirmed,0,122.6196,0.36175,,21.09,0.06635623,20.1903
GJ 3293 d,1,Radial Velocity,2017,Published Confirmed,0,48.1345,0.19394,,7.6,0.02391215,20.1903
GJ 3293 e,1,Radial Velocity,2017,Published Confirmed,0,13.2543,0.08208,,3.28,0.01031998,20.1903
GJ 3323 b,1,Radial Velocity,2017,Published Confirmed,0,5.3636,0.03282,,2.02,0.0063556,5.37484
GJ 3323 c,1,Radial Velocity,2017,Published Confirmed,0,40.54,0.1264,,2.31,0.00726804,5.37484
GJ 3341 b,1,Radial Velocity,2015,Published Confirmed,0,14.207,0.089,,6.6,0.0208,23.619
GJ 3378 b,1,Radial Velocity,2026,Published Confirmed,0,21.45,0.09673,,2.3,0.00723661,7.72274
GJ 338 B b,1,Radial Velocity,2020,Published Confirmed,0,24.422,0.142,,10.6,0.03335133,6.33256
GJ 341 b,1,Transit,2025,Published Confirmed,0,7.57686,,0.88,4.0,0.01258541,10.454
GJ 3470 b,1,Radial Velocity,2012,Published Confirmed,0,3.3366496,0.0355,4.57,13.9,0.04373407,29.4214
GJ 3473 b,1,Transit,2020,Published Confirmed,0,1.1980035,0.01589,1.264,1.86,0.00585219,27.3644
GJ 3473 c,1,Radial Velocity,2020,Published Confirmed,0,15.509,0.0876,,7.41,0.02331435,27.3644
GJ 3512 b,1,Radial Velocity,2019,Published Confirmed,0,203.109,0.3376,,146.51889563,0.461,9.48637
GJ 3512 c,1,Radial Velocity,2020,Published Confirmed,0,2354.0,1.731,,143.97626837,0.453,9.48637
GJ 357 b,1,Transit,2019,Published Confirmed,0,3.9306,0.036,1.2,,,9.44181
GJ 357 c,1,Radial Velocity,2019,Published Confirmed,0,9.1247,0.061,,3.4,0.01069754,9.44181
GJ 357 d,1,Radial Velocity,2019,Published Confirmed,0,55.661,0.204,,6.1,0.01919265,9.44181
GJ 3634 b,1,Radial Velocity,2010,Published Confirmed,0,2.64561,0.0287,,8.4,0.026,20.3779
GJ 367 b,1,Transit,2021,Published Confirmed,0,0.3219226,,0.736,0.503,0.00158261,9.41263
GJ 367 c,1,Radial Velocity,2023,Published Confirmed,0,11.5301,,,4.13,0.01299443,9.41263
GJ 367 d,1,Radial Velocity,2023,Published Confirmed,0,34.369,,,6.03,0.0189725,9.41263
GJ 3779 b,1,Radial Velocity,2018,Published Confirmed,0,3.0232,0.026,,8.0,0.02517069,13.743
GJ 3929 b,1,Transit,2022,Published Confirmed,0,2.616235,0.0252,1.09,1.75,0.00550612,15.8095
GJ 3929 c,1,Radial Velocity,2022,Published Confirmed,0,15.04,0.081,,5.71,0.01796567,15.8095
GJ 393 b,1,Radial Velocity,2021,Published Confirmed,0,7.02679,0.05402,,1.71,0.00538026,7.03149
GJ 3942 b,1,Radial Velocity,2017,Published Confirmed,0,6.905,0.0608,,7.14,0.02246484,16.9287
GJ 3988 b,1,Radial Velocity,2023,Published Confirmed,0,6.9442,0.0405,,3.69,0.01161004,9.9105
GJ 3998 b,1,Radial Velocity,2016,Published Confirmed,0,2.65033,0.03,,2.5,0.00786588,18.1459
GJ 3998 c,1,Radial Velocity,2016,Published Confirmed,0,13.727,0.09,,6.82,0.02145812,18.1459
GJ 3998 d,1,Radial Velocity,2025,Published Confirmed,0,41.78,0.189,,6.07,0.01909836,18.1459
GJ 411 b,1,Radial Velocity,2019,Published Confirmed,0,12.9394,0.07879,,2.69,0.00846369,5.675773
GJ 414 A b,1,Radial Velocity,2021,Published Confirmed,0,50.8,0.2324,2.63,7.6,0.02391215,11.8893
GJ 414 A c,1,Radial Velocity,2021,Published Confirmed,0,749.83,1.4,8.4,53.83,0.16936727,11.8893
GJ 422 b,1,Radial Velocity,2014,Published Confirmed,0,20.129,0.111,,11.07,0.03482994,12.6631
GJ 4274 b,1,Radial Velocity,2026,Published Confirmed,0,1.6339,0.0153,,2.97,0.00934467,7.23556
GJ 4274 c,1,Radial Velocity,2026,Published Confirmed,0,69.57,0.186,,8.39,0.02639789,7.23556
GJ 4276 b,1,Radial Velocity,2019,Published Confirmed,0,13.352,0.082,,16.57,0.05213479,21.3362
GJ 433 b,1,Radial Velocity,2013,Published Confirmed,0,7.3705,0.062,,6.043,0.01901331,9.06456
GJ 433 c,1,Radial Velocity,2014,Published Confirmed,0,5094.105,4.819,,32.422,0.10201051,9.06456
GJ 433 d,1,Radial Velocity,2020,Published Confirmed,0,36.059,0.178,,5.223,0.01643331,9.06456
GJ 436 b,1,Radial Velocity,2004,Published Confirmed,0,2.64388312,0.0291,4.17,22.1,0.07,9.75321
GJ 463 b,1,Radial Velocity,2022,Published Confirmed,0,3459.0,3.53,,524.09904314,1.649,18.3554
GJ 480 b,1,Radial Velocity,2020,Published Confirmed,0,9.5536,0.068,,8.8,0.0276879,14.2358
GJ 486 b,1,Radial Velocity,2021,Published Confirmed,0,1.46712127,0.01714,1.289,2.77,0.00871539,8.07426
GJ 504 b,1,Imaging,2013,Published Confirmed,0,,43.5,,1271.3,4.0,17.5299
GJ 508.2 b,1,Radial Velocity,2025,Published Confirmed,0,5300.0,4.85,,587.98255295,1.85,16.6374
GJ 514 b,1,Radial Velocity,2022,Published Confirmed,0,140.43,0.422,,5.2,0.01636103,7.61778
GJ 536 b,1,Radial Velocity,2016,Published Confirmed,0,8.70874,0.0668,,6.37,0.02004226,10.4092
GJ 536 c,1,Radial Velocity,2025,Published Confirmed,0,32.761,0.1617,,5.89,0.01853201,10.4092
GJ 581 b,1,Radial Velocity,2005,Published Confirmed,0,5.3686,0.0399,,20.5,0.06450021,6.2981
GJ 581 c,1,Radial Velocity,2007,Published Confirmed,0,12.9211,0.0718,,6.81,0.02142666,6.2981
GJ 581 e,1,Radial Velocity,2009,Published Confirmed,0,3.1481,0.02799,,2.48,0.00780295,6.2981
GJ 625 b,1,Radial Velocity,2017,Published Confirmed,0,14.628,0.078361,,2.82,0.00887267,6.47249
GJ 649 b,1,Radial Velocity,2009,Published Confirmed,0,600.1,1.112,,81.99972901,0.258,10.3796
GJ 667 C b,1,Radial Velocity,2012,Published Confirmed,0,7.203,,,,,7.24396
GJ 667 C c,1,Radial Velocity,2013,Published Confirmed,0,28.14,0.125,,3.8,0.012,7.24396
GJ 667 C e,1,Radial Velocity,2013,Published Confirmed,1,62.24,0.213,,2.7,0.008,7.24396
GJ 667 C f,1,Radial Velocity,2013,Published Confirmed,1,39.026,0.156,,2.7,0.008,7.24396
GJ 667 C g,1,Radial Velocity,2013,Published Confirmed,1,256.2,0.549,,4.6,0.014,7.24396
GJ 674 b,1,Radial Velocity,2007,Published Confirmed,0,4.6938,0.039,,11.09,0.035,4.54896
GJ 676 A b,1,Radial Velocity,2010,Published Confirmed,0,1051.44521,1.735,,1840.86213334,5.792,16.0272
GJ 676 A c,1,Radial Velocity,2016,Published Confirmed,0,13921.42302,9.726,,4288.14086724,13.492,16.0272
GJ 676 A d,1,Radial Velocity,2012,Published Confirmed,0,3.60076,0.039,,3.81394088,0.012,16.0272
GJ 676 A e,1,Radial Velocity,2012,Published Confirmed,0,35.47358,0.181,,6.67439655,0.021,16.0272
GJ 680 b,1,Radial Velocity,2022,Published Confirmed,0,17281.66514,10.138,,7977.4930157,25.1,9.67315
GJ 682 b,1,Radial Velocity,2014,Published Confirmed,0,17.478,0.08,,4.4,0.01384388,5.00671
GJ 682 c,1,Radial Velocity,2014,Published Confirmed,0,57.32,0.176,,8.7,0.02737312,5.00671
GJ 685 b,1,Radial Velocity,2019,Published Confirmed,0,24.16,0.1344,,9.0,0.02831702,14.3155
GJ 687 b,1,Radial Velocity,2014,Published Confirmed,0,38.142,0.163,,17.2,0.05411698,4.54939
GJ 687 c,1,Radial Velocity,2020,Published Confirmed,0,727.562,1.165,,16.0,0.05034138,4.54939
GJ 720 A b,1,Radial Velocity,2021,Published Confirmed,0,19.466,0.119,,13.64,0.04291624,15.5575
GJ 724 b,1,Radial Velocity,2023,Published Confirmed,0,5.101284,0.04685,,10.75,0.03382328,16.9658
GJ 740 b,1,Radial Velocity,2021,Published Confirmed,0,2.37756,0.029,,2.96,0.00931315,11.1017
GJ 806 b,1,Transit,2023,Published Confirmed,0,0.9263237,0.01406,1.331,1.9,0.00597807,12.0445
GJ 806 c,1,Radial Velocity,2023,Published Confirmed,0,6.64064,0.0523,,5.8,0.01824884,12.0445
GJ 832 b,1,Radial Velocity,2008,Published Confirmed,0,3853.0,3.7,,314.65012293,0.99,4.96435
GJ 849 b,1,Radial Velocity,2006,Published Confirmed,0,1925.31,2.32,,283.82076745,0.893,8.80058
GJ 849 c,1,Radial Velocity,2014,Published Confirmed,0,5990.0,4.95,,314.65012293,0.99,8.80058
GJ 86 b,1,Radial Velocity,1999,Published Confirmed,0,15.76491,0.11,,1404.8086,4.42,10.7836
GJ 876 b,1,Radial Velocity,1998,Published Confirmed,0,61.1166,0.208317,,723.2235,2.2756,4.67517
GJ 876 c,1,Radial Velocity,2000,Published Confirmed,0,30.0881,0.12959,,226.9846,0.7142,4.67517
GJ 876 d,1,Radial Velocity,2005,Published Confirmed,0,1.93778,0.02080665,,6.83,0.021,4.67517
GJ 876 e,1,Radial Velocity,2010,Published Confirmed,0,124.26,0.3343,,14.6,0.046,4.67517
GJ 887 b,1,Radial Velocity,2020,Published Confirmed,0,9.2619,0.0683,,3.9,0.01227077,3.28679
GJ 887 c,1,Radial Velocity,2020,Published Confirmed,0,21.784,0.121,,6.5,0.02045129,3.28679
GJ 887 d,1,Radial Velocity,2026,Published Confirmed,0,50.77,0.212,,6.1,0.01919275,3.28679
GJ 887 e,1,Radial Velocity,2026,Published Confirmed,0,4.4249,0.0417,,1.46,0.00459367,3.28679
GJ 896 A b,1,Astrometry,2022,Published Confirmed,0,284.39,0.63965,,718.29219982,2.26,6.26022
GJ 900 b,1,Imaging,2024,Published Confirmed,0,,12000.0,,3496.112477,11.0,20.8065
GJ 9066 c,1,Radial Velocity,2020,Published Confirmed,0,771.36,0.88,,66.74396547,0.21,4.471
GJ 9404 b,1,Radial Velocity,2023,Published Confirmed,0,13.4586,0.0943,,11.9,0.03744159,23.8839
GJ 96 b,1,Radial Velocity,2018,Published Confirmed,0,73.94,0.291,,19.66,0.06185697,11.9315
GJ 9689 b,1,Radial Velocity,2020,Published Confirmed,0,18.27,0.1139,,9.65,0.0303623,30.6203
GJ 9714 b,1,Radial Velocity,2022,Published Confirmed,0,19240.75467,12.319,,2988.54051102,9.403,20.5121
GJ 9773 b,1,Radial Velocity,2025,Published Confirmed,0,2965.0,2.921,,172.580825,0.543,15.9211
GJ 9827 b,1,Transit,2017,Published Confirmed,0,1.208974,0.0189,1.44,4.28,0.01346639,29.661
GJ 9827 c,1,Transit,2017,Published Confirmed,0,3.648103,0.0395,1.13,1.86,0.00585221,29.661
GJ 9827 d,1,Transit,2017,Published Confirmed,0,6.20183,0.053,1.98,3.02,0.00950198,29.661
GPX-1 b,1,Transit,2021,Published Confirmed,0,1.744579,0.0338,16.47720163,6261.2196179,19.7,655.013
GQ Lup b,1,Imaging,2004,Published Confirmed,0,,100.0,33.6,6356.0,20.0,151.169
GSC 06214-00210 b,1,Imaging,2010,Published Confirmed,0,,320.0,,5000.0,16.0,108.5
GU Psc b,1,Imaging,2014,Published Confirmed,0,,2000.0,14.179,3591.3,11.3,47.5501
Gaia-1 b,1,Transit,2022,Published Confirmed,0,3.052524,0.04047,13.77583728,533.95172376,1.68,363.66
Gaia-2 b,1,Transit,2022,Published Confirmed,0,3.6915224,0.0467,14.81827249,259.66580852,0.817,209.229
Gaia-4 b,1,Astrometry,2025,Published Confirmed,0,571.3,,,3750.3752026,11.8,73.4829
Gaia-5 b,1,Astrometry,2025,Published Confirmed,0,358.62,,,6633.07885409,20.87,41.1813
Gaia22dkvL b,1,Microlensing,2024,Published Confirmed,0,,1.4,,187.83658854,0.591,1270.0
Gaia23braL b,1,Microlensing,2026,Published Confirmed,0,,4.847,,518.06030341,1.63,4330.0
Gl 378 b,1,Radial Velocity,2019,Published Confirmed,0,3.822,0.039435,,13.02,0.0409653,14.9545
Gl 410 b,1,Radial Velocity,2025,Published Confirmed,0,6.02,0.0531,,8.4,0.02642936,11.9324
Gl 49 b,1,Radial Velocity,2019,Published Confirmed,0,13.8508,0.0905,,5.63,0.01771387,9.8528
Gl 686 b,1,Radial Velocity,2018,Published Confirmed,0,15.53,0.091,,6.624,0.02084133,8.15728
Gl 725 A b,1,Radial Velocity,2025,Published Confirmed,0,11.2201,0.068,,2.78,0.00874686,3.5214
Gliese 12 b,1,Transit,2024,Published Confirmed,0,12.761418,,0.93,0.95,0.00298903,12.21
Gliese 48 b,1,Radial Velocity,2026,Published Confirmed,0,39.6299,0.1752,,8.11,0.02551691,8.23366
HAT-P-1 b,1,Transit,2006,Published Confirmed,0,4.46529976,0.05561,14.784671,166.86075,0.525,158.979
HAT-P-11 b,1,Transit,2010,Published Confirmed,0,4.888,0.05258,,23.51930212,0.074,37.7647
HAT-P-11 c,1,Radial Velocity,2018,Published Confirmed,0,3361.0,4.1,,851.78013076,2.68,37.7647
HAT-P-12 b,1,Transit,2009,Published Confirmed,0,3.2130598,0.0384,10.749,67.059,0.211,142.751
HAT-P-13 b,1,Transit,2009,Published Confirmed,0,2.91625,,14.258,270.462,0.851,246.81
HAT-P-13 c,1,Radial Velocity,2009,Published Confirmed,0,446.27,,,4538.421,14.28,246.81
HAT-P-14 b,1,Transit,2010,Published Confirmed,0,4.62767,,15.91678,1093.3352,3.44,222.663
HAT-P-15 b,1,Transit,2010,Published Confirmed,0,10.8635,,11.88154,616.5902,1.94,192.516
HAT-P-16 b,1,Transit,2010,Published Confirmed,0,,,14.68376472,,,226.637
HAT-P-17 b,1,Transit,2012,Published Confirmed,0,10.33852,,11.76945,184.3414,0.58,92.3831
HAT-P-17 c,1,Radial Velocity,2012,Published Confirmed,0,5584.0,5.6,,1080.6,3.4,92.3831
HAT-P-18 b,1,Transit,2010,Published Confirmed,0,5.508023,0.0559,11.153,62.61,0.197,161.4
HAT-P-19 b,1,Transit,2010,Published Confirmed,0,4.00878322,0.04599,11.29865255,88.03846874,0.277,202.078
HAT-P-2 b,1,Transit,2007,Published Confirmed,0,5.6335158,0.06814,,2739.6946,8.62,127.774
HAT-P-2 c,1,Radial Velocity,2023,Published Confirmed,0,8500.0,,,3400.7639549,10.7,127.774
HAT-P-20 b,1,Transit,2010,Published Confirmed,0,2.875317,0.0361,9.718,2302.899,7.246,71.0374
HAT-P-21 b,1,Transit,2010,Published Confirmed,0,4.12448,,12.44199,1547.8321,4.87,277.278
HAT-P-22 b,1,Transit,2010,Published Confirmed,0,3.21222,,12.89035,785.0401,2.47,81.7647
HAT-P-23 b,1,Transit,2010,Published Confirmed,0,1.212884,0.0232,15.334,664.237,2.09,364.813
HAT-P-24 b,1,Transit,2010,Published Confirmed,0,3.35524,,14.5717,238.3725,0.75,415.344
HAT-P-25 b,1,Transit,2012,Published Confirmed,0,3.65281514,0.0466,12.722215,180.84527,0.569,300.384
HAT-P-26 b,1,Transit,2010,Published Confirmed,0,4.23452,,7.06167,22.2481,0.07,141.837
HAT-P-27 b,1,Transit,2011,Published Confirmed,0,3.039577,0.04,11.43,197.05,0.62,199.173
HAT-P-28 b,1,Transit,2011,Published Confirmed,0,3.257215,0.0434,13.585,198.953,0.626,401.319
HAT-P-29 b,1,Transit,2011,Published Confirmed,0,5.72319,,13.11453,279.6904,0.88,313.576
HAT-P-3 b,1,Transit,2007,Published Confirmed,0,2.8997,,10.53646,206.5895,0.65,134.554
HAT-P-30 b,1,Transit,2011,Published Confirmed,0,2.8106,,16.14096,263.7989,0.83,213.985
HAT-P-31 b,1,Transit,2011,Published Confirmed,0,5.00542,,12.21781,721.4741,2.27,344.05
HAT-P-32 b,1,Transit,2011,Published Confirmed,0,2.1500082,0.03397,22.19382,216.1244,0.68,289.205
HAT-P-33 b,1,Transit,2011,Published Confirmed,0,3.47447,,20.73665,292.4036,0.92,396.11
HAT-P-34 b,1,Transit,2011,Published Confirmed,0,5.452654,0.06774,13.417173,1058.3739,3.33,249.325
HAT-P-35 b,1,Transit,2011,Published Confirmed,0,3.646706,0.04978,14.930388,335.62848,1.056,506.965
HAT-P-36 b,1,Transit,2011,Published Confirmed,0,1.32734683,0.0241,14.313893,587.413406,1.8482,294.419
HAT-P-37 b,1,Transit,2011,Published Confirmed,0,2.797436,0.0379,13.204,371.528,1.169,390.594
HAT-P-38 b,1,Transit,2012,Published Confirmed,0,4.640382,0.0523,9.247,84.857,0.267,255.206
HAT-P-39 b,1,Transit,2012,Published Confirmed,0,3.54387,0.0509,17.609,190.372,0.599,697.004
HAT-P-4 b,1,Transit,2007,Published Confirmed,0,3.056536,0.04438,14.28,213.255,0.671,320.451
HAT-P-40 b,1,Transit,2012,Published Confirmed,0,4.45724,,17.03768,152.5584,0.48,464.469
HAT-P-41 b,1,Transit,2012,Published Confirmed,0,2.69405,,22.97845,378.2177,1.19,348.185
HAT-P-42 b,1,Transit,2012,Published Confirmed,0,4.641878,0.0575,14.348,331.801,1.044,405.238
HAT-P-43 b,1,Transit,2012,Published Confirmed,0,3.3326414,0.0444,13.63,,,528.825
HAT-P-44 b,1,Transit,2014,Published Confirmed,0,4.301219,0.0507,13.922,111.871,0.352,347.85
HAT-P-44 c,1,Radial Velocity,2014,Published Confirmed,0,872.2,1.752,,1271.3,4.0,347.85
HAT-P-45 b,1,Transit,2014,Published Confirmed,0,3.128992,0.0452,15.984,283.492,0.892,298.64
HAT-P-46 b,1,Transit,2014,Published Confirmed,0,4.463129,0.0577,14.392,156.684,0.493,290.736
HAT-P-47 b,1,Transit,2026,Published Confirmed,0,4.73217441,,14.71739166,65.47265184,0.206,282.096
HAT-P-49 b,1,Transit,2014,Published Confirmed,0,2.69155,,17.82231,699.226,2.2,350.351
HAT-P-5 b,1,Transit,2007,Published Confirmed,0,2.78849,,13.56289,311.4734,0.98,303.336
HAT-P-50 b,1,Transit,2015,Published Confirmed,0,3.1220109,0.0453,14.437192,429.0705,1.35,515.458
HAT-P-51 b,1,Transit,2015,Published Confirmed,0,4.21802091,0.05042,13.50682174,97.57332095,0.307,440.089
HAT-P-52 b,1,Transit,2015,Published Confirmed,0,2.7535953,0.03694,11.309881,259.98494,0.818,361.155
HAT-P-53 b,1,Transit,2015,Published Confirmed,0,1.9616241,0.03159,14.773462,471.65972,1.484,666.802
HAT-P-54 b,1,Transit,2015,Published Confirmed,0,3.799847,0.04117,10.581296,241.5508,0.76,143.651
HAT-P-55 b,1,Transit,2015,Published Confirmed,0,3.5852313,0.04628,14.84069045,189.42573057,0.596,511.388
HAT-P-56 b,1,Transit,2015,Published Confirmed,0,2.79083,,16.92559,734.1873,2.31,320.639
HAT-P-57 b,1,Transit,2015,Published Confirmed,0,2.4653,,19.50366,448.1403,1.41,279.86
HAT-P-58 b,1,Transit,2021,Published Confirmed,0,4.0138379,0.04994,14.93036229,118.2321674,0.372,515.59
HAT-P-59 b,1,Transit,2021,Published Confirmed,0,4.1419771,0.05064,12.58768533,489.45574678,1.54,265.471
HAT-P-6 b,1,Transit,2007,Published Confirmed,0,3.85298,,16.58932,419.5356,1.32,275.358
HAT-P-60 b,1,Transit,2021,Published Confirmed,0,4.7947813,0.06277,18.28184752,182.43350562,0.574,233.22
HAT-P-61 b,1,Transit,2021,Published Confirmed,0,1.90231289,0.0301,10.07687365,335.9446262,1.057,338.84
HAT-P-62 b,1,Transit,2021,Published Confirmed,0,2.6453235,0.03772,12.02723629,241.86741773,0.761,348.815
HAT-P-63 b,1,Transit,2021,Published Confirmed,0,3.377728,0.04294,12.5428494,195.1466419,0.614,403.458
HAT-P-64 b,1,Transit,2021,Published Confirmed,0,4.007232,0.05387,19.08889413,184.34047606,0.58,651.897
HAT-P-65 b,1,Transit,2016,Published Confirmed,0,2.60544751,0.04042,18.05766791,176.07693748,0.554,738.519
HAT-P-66 b,1,Transit,2016,Published Confirmed,0,2.972086,0.04363,17.82231,248.86089,0.783,935.456
HAT-P-67 b,1,Transit,2017,Published Confirmed,0,4.8101069,,23.9872187,143.02278315,0.45,371.686
HAT-P-68 b,1,Transit,2020,Published Confirmed,0,2.29840551,0.02996,12.016048,230.10892,0.724,202.152
HAT-P-69 b,1,Transit,2019,Published Confirmed,0,4.7869491,0.06555,18.786284,1137.8314,3.58,341.263
HAT-P-7 b,1,Transit,2008,Published Confirmed,0,2.20474,,16.92559,584.8072,1.84,341.079
HAT-P-70 b,1,Transit,2019,Published Confirmed,0,2.74432452,0.04739,20.96083,2154.8874,6.78,330.739
HAT-P-8 b,1,Transit,2008,Published Confirmed,0,3.07634,,15.6926,406.8224,1.28,211.553
HAT-P-9 b,1,Transit,2008,Published Confirmed,0,3.92281072,0.05287,15.614137,238.05467,0.749,455.203
HATS-1 b,1,Transit,2012,Published Confirmed,0,3.446459,0.0444,14.594,589.55,1.855,283.971
HATS-10 b,1,Transit,2015,Published Confirmed,0,3.312846,0.04491,10.861521,167.17858,0.526,534.889
HATS-11 b,1,Transit,2016,Published Confirmed,0,3.619188,0.0507,18.03,,,944.603
HATS-12 b,1,Transit,2016,Published Confirmed,0,3.142702,0.0441,7.76,,,746.138
HATS-13 b,1,Transit,2015,Published Confirmed,0,3.0440499,0.04057,13.585308,172.58169,0.543,421.855
HATS-14 b,1,Transit,2015,Published Confirmed,0,2.7667641,0.03815,11.646151,340.39593,1.071,513.011
HATS-15 b,1,Transit,2016,Published Confirmed,0,1.74748753,0.02712,12.385945,689.6911,2.17,1139.55
HATS-16 b,1,Transit,2016,Published Confirmed,0,2.686502,0.03744,14.5717,1039.3041,3.27,757.044
HATS-17 b,1,Transit,2016,Published Confirmed,0,16.254611,0.1308,8.709393,425.25654,1.338,400.331
HATS-18 b,1,Transit,2016,Published Confirmed,0,0.83784,0.0174,14.896761,629.144485,1.9795,624.368
HATS-2 b,1,Transit,2013,Published Confirmed,0,1.35413379,0.02317,12.57647635,435.42491759,1.37,341.925
HATS-22 b,1,Transit,2017,Published Confirmed,0,4.7228124,0.05025,10.682177,870.8542,2.74,229.518
HATS-23 b,1,Transit,2017,Published Confirmed,0,2.1605156,0.03397,20.84874,467.2101,1.47,639.004
HATS-24 b,1,Transit,2017,Published Confirmed,0,1.3484978,0.0238,15.636555,718.2958,2.26,494.182
HATS-25 b,1,Transit,2016,Published Confirmed,0,4.2986432,0.05163,14.12334,194.82979,0.613,471.158
HATS-26 b,1,Transit,2016,Published Confirmed,0,3.3023881,0.04735,19.61575,206.5895,0.65,861.843
HATS-27 b,1,Transit,2016,Published Confirmed,0,4.637038,0.0611,16.8135,168.4499,0.53,816.988
HATS-28 b,1,Transit,2016,Published Confirmed,0,3.1810781,0.04131,13.383546,213.58176,0.672,535.383
HATS-29 b,1,Transit,2016,Published Confirmed,0,4.6058749,0.05475,14.022459,207.54299,0.653,353.891
HATS-3 b,1,Transit,2013,Published Confirmed,0,3.547851,0.0485,15.48,340.382,1.071,411.211
HATS-30 b,1,Transit,2016,Published Confirmed,0,3.1743516,0.04354,13.170575,224.38798,0.706,342.14
HATS-31 b,1,Transit,2016,Published Confirmed,0,3.37796,0.0478,18.38276,279.6904,0.88,773.974
HATS-32 b,1,Transit,2016,Published Confirmed,0,2.8126548,0.04024,14.000041,292.4036,0.92,745.116
HATS-33 b,1,Transit,2016,Published Confirmed,0,2.5495551,0.03727,13.78707,378.85336,1.192,248.46
HATS-34 b,1,Transit,2016,Published Confirmed,0,2.1061607,0.03166,16.02887,299.07803,0.941,508.842
HATS-35 b,1,Transit,2016,Published Confirmed,0,1.8209993,0.03199,16.409976,388.38826,1.222,514.555
HATS-36 b,1,Transit,2018,Published Confirmed,0,4.175186,0.0523,12.92,,,856.436
HATS-37 A b,1,Transit,2020,Published Confirmed,0,4.3315366,0.04913,6.792654,31.46517,0.099,211.896
HATS-38 b,1,Transit,2020,Published Confirmed,0,4.375021,0.05036,6.882326,23.51942,0.074,343.525
HATS-39 b,1,Transit,2018,Published Confirmed,0,4.5776348,0.06007,17.59813,200.2329,0.63,878.521
HATS-4 b,1,Transit,2014,Published Confirmed,0,2.516729,0.0362,11.433,420.471,1.323,416.459
HATS-40 b,1,Transit,2018,Published Confirmed,0,3.2642736,0.04997,17.71022,505.3497,1.59,1342.29
HATS-41 b,1,Transit,2018,Published Confirmed,0,4.193649,0.0583,14.90797,3082.951,9.7,737.668
HATS-42 b,1,Transit,2018,Published Confirmed,0,2.292102,0.03689,15.6926,597.5204,1.88,800.377
HATS-43 b,1,Transit,2018,Published Confirmed,0,4.3888497,0.04944,13.22662,82.95363,0.261,362.273
HATS-44 b,1,Transit,2018,Published Confirmed,0,2.7439004,0.03649,11.960003,177.9848,0.56,446.035
HATS-45 b,1,Transit,2018,Published Confirmed,0,4.1876244,0.05511,14.414774,222.481,0.7,772.11
HATS-46 b,1,Transit,2018,Published Confirmed,0,4.7423729,0.05367,10.121727,54.98459,0.173,453.808
HATS-47 b,1,Transit,2020,Published Confirmed,0,3.9228038,0.04269,12.520453,117.27927,0.369,300.67
HATS-48 A b,1,Transit,2020,Published Confirmed,0,3.1316666,0.03769,8.9672,77.23269,0.243,263.609
HATS-49 b,1,Transit,2020,Published Confirmed,0,4.1480467,0.04515,8.574885,112.19399,0.353,324.413
HATS-5 b,1,Transit,2014,Published Confirmed,0,4.763387,0.0542,10.223,75.323,0.237,246.384
HATS-50 b,1,Transit,2017,Published Confirmed,0,3.8297015,0.05046,12.66617,123.9537,0.39,756.742
HATS-51 b,1,Transit,2017,Published Confirmed,0,3.3488702,0.04639,15.80469,244.09344,0.768,389.57
HATS-52 b,1,Transit,2017,Published Confirmed,0,1.36665436,0.02498,15.490838,711.9392,2.24,555.134
HATS-53 b,1,Transit,2017,Published Confirmed,0,3.8537768,0.04753,15.02006,189.10885,0.595,585.77
HATS-54 b,1,Transit,2019,Published Confirmed,0,2.5441765,0.037,11.37711541,239.32479047,0.753,748.585
HATS-55 b,1,Transit,2019,Published Confirmed,0,4.2042001,0.05412,14.022459,292.72143,0.921,609.838
HATS-56 b,1,Transit,2019,Published Confirmed,0,4.324799,0.06043,18.920792,191.33366,0.602,564.409
HATS-57 b,1,Transit,2019,Published Confirmed,0,2.350621,0.03493,12.767051,1000.21101,3.147,279.485
HATS-58 A b,1,Transit,2019,Published Confirmed,0,4.2180896,0.05798,12.273855,327.3649,1.03,403.591
HATS-59 b,1,Transit,2018,Published Confirmed,0,5.416081,0.06112,12.621334,256.17098,0.806,642.884
HATS-59 c,1,Radial Velocity,2018,Published Confirmed,0,1422.0,2.504,,4036.441,12.7,642.884
HATS-6 b,1,Transit,2015,Published Confirmed,0,3.3252725,0.03623,11.186582,101.38777,0.319,169.318
HATS-60 b,1,Transit,2018,Published Confirmed,0,3.560829,0.04708,12.923977,210.40346,0.662,486.474
HATS-61 b,1,Transit,2018,Published Confirmed,0,7.817953,0.07908,13.394755,1080.622,3.4,679.761
HATS-62 b,1,Transit,2018,Published Confirmed,0,3.2768837,0.04163,11.825495,56.89157,0.179,523.067
HATS-63 b,1,Transit,2018,Published Confirmed,0,3.0566527,0.04026,13.529263,305.1168,0.96,623.232
HATS-64 b,1,Transit,2018,Published Confirmed,0,4.908897,0.06562,18.819911,305.1168,0.96,1080.15
HATS-65 b,1,Transit,2018,Published Confirmed,0,3.105161,0.04497,16.824709,260.93843,0.821,493.32
HATS-66 b,1,Transit,2018,Published Confirmed,0,3.1414391,0.04714,15.815899,1694.0339,5.33,1477.98
HATS-67 b,1,Transit,2018,Published Confirmed,0,1.6091788,0.03032,18.887165,460.8535,1.45,960.109
HATS-68 b,1,Transit,2018,Published Confirmed,0,3.5862202,0.05071,13.809488,410.0007,1.29,603.955
HATS-69 b,1,Transit,2018,Published Confirmed,0,2.2252577,0.03211,10.592505,183.38791,0.577,414.537
HATS-7 b,1,Transit,2015,Published Confirmed,0,3.185315,0.04012,6.310667,38.1396,0.12,240.707
HATS-70 b,1,Transit,2019,Published Confirmed,0,1.8882378,0.03632,15.513256,4100.007,12.9,1458.83
HATS-71 b,1,Transit,2020,Published Confirmed,0,3.7955202,0.03745,11.478016,117.5971,0.37,140.225
HATS-72 b,1,Transit,2020,Published Confirmed,0,7.3279474,0.066517,8.0973816,39.855882,0.1254,127.589
HATS-74 A b,1,Transit,2021,Published Confirmed,0,1.73185606,0.02384,11.56766808,464.02947422,1.46,299.389
HATS-75 b,1,Transit,2021,Published Confirmed,0,2.7886556,0.032742,9.90873894,156.05374784,0.491,194.964
HATS-76 b,1,Transit,2021,Published Confirmed,0,1.9416423,0.02658,12.09449018,835.570882,2.629,385.689
HATS-77 b,1,Transit,2021,Published Confirmed,0,3.0876262,0.03607,13.05846252,436.69623122,1.374,436.176
HATS-8 b,1,Transit,2015,Published Confirmed,0,3.583893,0.04667,9.785457,43.86054,0.138,794.637
HATS-9 b,1,Transit,2015,Published Confirmed,0,1.915291,0.0312,13.85,,,638.7
HD 100508 b,1,Radial Velocity,2026,Published Confirmed,0,5681.0,6.11,,381.3940884,1.2,32.7548
HD 100546 b,1,Imaging,2014,Published Confirmed,1,,53.0,77.3421,2701.5414595,8.5,109.677
HD 100655 b,1,Radial Velocity,2011,Published Confirmed,0,157.57001,0.68,,511.7063,1.61,137.178
HD 100777 b,1,Radial Velocity,2007,Published Confirmed,0,383.0,1.06,,390.92894061,1.23,49.5336
HD 101581 b,1,Transit,2025,Published Confirmed,0,4.46569,0.046,0.956,,,12.7781
HD 101581 c,1,Transit,2025,Published Confirmed,0,6.20401,0.0573,0.99,,,12.7781
HD 10180 c,1,Radial Velocity,2010,Published Confirmed,0,5.75969,0.06412,,13.221728,0.0416,38.9607
HD 10180 d,1,Radial Velocity,2010,Published Confirmed,0,16.357,0.12859,,12.013974,0.0378,38.9607
HD 10180 e,1,Radial Velocity,2010,Published Confirmed,0,49.748,0.2699,,25.585315,0.0805,38.9607
HD 10180 f,1,Radial Velocity,2010,Published Confirmed,0,122.744,0.4929,,22.947326,0.0722,38.9607
HD 10180 g,1,Radial Velocity,2010,Published Confirmed,0,604.67,1.427,,23.265156,0.0732,38.9607
HD 10180 h,1,Radial Velocity,2010,Published Confirmed,0,2205.0,3.381,,65.663678,0.2066,38.9607
HD 101930 b,1,Radial Velocity,2005,Published Confirmed,0,70.46,0.3,,79.4575,0.25,30.0274
HD 102117 b,1,Radial Velocity,2005,Published Confirmed,0,20.8133,0.15,,54.0311,0.17,39.5792
HD 102195 b,1,Radial Velocity,2006,Published Confirmed,0,4.11377,0.05,,130.3103,0.41,29.3386
HD 102272 b,1,Radial Velocity,2008,Published Confirmed,0,127.58,0.51,,1570.0802,4.94,347.097
HD 102329 b,1,Radial Velocity,2011,Published Confirmed,0,778.09998,1.81,,2593.4928,8.16,217.107
HD 102329 c,1,Radial Velocity,2016,Published Confirmed,0,1123.0,,,483.1016,1.52,217.107
HD 102843 b,1,Radial Velocity,2019,Published Confirmed,0,3090.942,4.074,,113.9,0.35836768,62.758
HD 102888 b,1,Radial Velocity,2025,Published Confirmed,0,252.06,1.05,,1808.44363583,5.69,126.484
HD 102956 b,1,Radial Velocity,2010,Published Confirmed,0,6.4947,0.0807,,305.1168,0.96,121.89
HD 103197 b,1,Radial Velocity,2011,Published Confirmed,0,47.84,0.25,,28.6047,0.09,57.1463
HD 103720 b,1,Radial Velocity,2014,Published Confirmed,0,4.5557,0.0498,,197.046,0.62,45.5352
HD 103774 b,1,Radial Velocity,2013,Published Confirmed,0,5.8881,0.07,,116.0,0.367,56.4089
HD 103891 b,1,Radial Velocity,2022,Published Confirmed,0,1919.0,3.27,,457.67290608,1.44,55.5213
HD 103949 b,1,Radial Velocity,2019,Published Confirmed,0,120.878,0.439,,11.2,0.03523896,26.4997
HD 104067 b,1,Radial Velocity,2011,Published Confirmed,0,55.851,0.2674,,62.1,0.19538845,20.3632
HD 104067 c,1,Radial Velocity,2024,Published Confirmed,0,13.8992,0.1058,,13.2,0.04153184,20.3632
HD 10442 b,1,Radial Velocity,2014,Published Confirmed,0,1032.3,2.01,,472.61321,1.487,135.374
HD 104985 b,1,Radial Velocity,2003,Published Confirmed,0,199.68,0.715,,1766.80811451,5.559,100.576
HD 105618 b,1,Radial Velocity,2022,Published Confirmed,0,10.02245,0.091,,25.42627256,0.08,70.0837
HD 105618 c,1,Radial Velocity,2022,Published Confirmed,0,77114.07158,35.731,,8419.59232984,26.491,70.0837
HD 105779 b,1,Radial Velocity,2022,Published Confirmed,0,2412.0,3.38,,203.41018048,0.64,55.2411
HD 106252 b,1,Radial Velocity,2002,Published Confirmed,0,1535.0,2.655,,3178.28407,10.0,38.185
HD 106270 b,1,Radial Velocity,2011,Published Confirmed,0,1888.0,3.34,,3219.6179,10.13,93.808
HD 106315 b,1,Transit,2017,Published Confirmed,0,9.55237,0.0907,2.44,12.6,0.03964383,109.353
HD 106315 c,1,Transit,2017,Published Confirmed,0,21.05704,0.1536,4.35,15.2,0.04782431,109.353
HD 10647 b,1,Radial Velocity,2006,Published Confirmed,0,989.2,2.015,,298.75,0.94,17.3357
HD 106515 A b,1,Radial Velocity,2012,Published Confirmed,0,3626.0,4.48,,6006.9568923,18.9,34.0915
HD 106906 b,1,Imaging,2013,Published Confirmed,0,,650.0,,3496.0,11.0,103.029
HD 10697 b,1,Radial Velocity,1999,Published Confirmed,0,1075.3799,2.051,,1825.2885414,5.743,33.1205
HD 107148 b,1,Radial Velocity,2005,Published Confirmed,0,48.056,0.269,,66.741,0.21,49.4156
HD 107148 c,1,Radial Velocity,2021,Published Confirmed,0,18.3267,0.1407,,19.89605828,0.0626,49.4156
HD 108147 b,1,Radial Velocity,2002,Published Confirmed,0,10.8985,0.102,,82.95,0.261,38.92
HD 108202 b,1,Radial Velocity,2023,Published Confirmed,0,2990.0,3.7,,953.485221,3.0,38.6846
HD 108236 b,1,Transit,2020,Published Confirmed,0,3.795963,0.04527,1.615,,,64.5978
HD 108236 c,1,Transit,2020,Published Confirmed,0,6.203449,0.062,2.071,,,64.5978
HD 108236 e,1,Transit,2020,Published Confirmed,0,19.590025,0.1367,3.083,,,64.5978
HD 108236 f,1,Transit,2021,Published Confirmed,0,29.54115,0.1758,2.017,,,64.5978
HD 108341 b,1,Radial Velocity,2014,Published Confirmed,0,1129.0,2.0,,1112.4,3.5,48.9102
HD 108863 b,1,Radial Velocity,2011,Published Confirmed,0,437.7,1.32,,767.24162,2.414,164.742
HD 108874 b,1,Radial Velocity,2002,Published Confirmed,0,394.48123,1.04,,451.3186,1.42,59.5175
HD 108874 c,1,Radial Velocity,2005,Published Confirmed,0,1624.0,2.659,,314.64,0.99,59.5175
HD 109246 b,1,Radial Velocity,2010,Published Confirmed,0,68.27,0.33,,273.3338,0.86,67.8349
HD 109271 b,1,Radial Velocity,2013,Published Confirmed,0,7.8543,0.079,,17.162,0.054,55.8716
HD 109271 c,1,Radial Velocity,2013,Published Confirmed,0,30.93,0.196,,24.154,0.076,55.8716
HD 109286 b,1,Radial Velocity,2021,Published Confirmed,0,520.1,1.259,,950.30693693,2.99,55.4156
HD 109749 b,1,Radial Velocity,2005,Published Confirmed,0,5.239891,0.0615,,85.8141,0.27,63.0821
HD 10975 b,1,Radial Velocity,2021,Published Confirmed,0,283.8,0.95,,143.02278315,0.45,116.506
HD 109833 b,1,Transit,2022,Published Confirmed,0,9.188526,,2.888,,,79.5561
HD 109833 c,1,Transit,2022,Published Confirmed,0,13.900148,,2.59,,,79.5561
HD 109988 b,1,Radial Velocity,2022,Published Confirmed,0,17132.15854,12.518,,6935.33366915,21.821,42.5279
HD 110014 b,1,Radial Velocity,2009,Published Confirmed,0,835.477,2.14,,3524.59,11.09,100.758
HD 110067 b,1,Transit,2023,Published Confirmed,0,9.113678,0.0793,2.2,5.69,0.01790274,32.1585
HD 110067 c,1,Transit,2023,Published Confirmed,0,13.673694,0.1039,2.388,6.3,0.01982202,32.1585
HD 110067 d,1,Transit,2023,Published Confirmed,0,20.519617,0.1362,2.852,8.52,0.02680692,32.1585
HD 110067 e,1,Transit,2023,Published Confirmed,0,30.793091,0.1785,1.94,3.9,0.01227077,32.1585
HD 110067 f,1,Transit,2023,Published Confirmed,0,41.05854,0.2163,2.601,5.04,0.01585761,32.1585
HD 110067 g,1,Transit,2023,Published Confirmed,0,54.76992,0.2621,2.607,8.4,0.02642936,32.1585
HD 110082 b,1,Transit,2021,Published Confirmed,0,10.18271,0.113,3.2,,,105.096
HD 110113 b,1,Transit,2021,Published Confirmed,0,2.541,0.035,2.05,4.55,0.01431583,106.307
HD 110113 c,1,Radial Velocity,2021,Published Confirmed,0,6.744,0.068,,10.5,0.03303653,106.307
HD 110537 b,1,Radial Velocity,2022,Published Confirmed,0,24469.67342,16.714,,8612.83200129,27.099,45.0858
HD 11112 b,1,Radial Velocity,2022,Published Confirmed,0,17244.90764,13.38,,2598.56505563,8.176,44.3804
HD 111232 b,1,Radial Velocity,2003,Published Confirmed,0,1169.13202,2.148,,2531.50326176,7.965,28.9571
HD 111232 c,1,Radial Velocity,2022,Published Confirmed,0,26472.44623,17.25,,5740.93451564,18.063,28.9571
HD 111591 b,1,Radial Velocity,2017,Published Confirmed,0,1056.4,2.5,,1398.452,4.4,114.166
HD 111998 b,1,Radial Velocity,2016,Published Confirmed,0,810.0,1.91,,1525.5763536,4.8,33.2237
HD 112300 b,1,Radial Velocity,2023,Published Confirmed,0,466.63,1.33,,5031.22368281,15.83,62.07324
HD 112570 b,1,Radial Velocity,2023,Published Confirmed,0,2615.0,3.9,,1086.97315194,3.42,101.166
HD 112640 b,1,Radial Velocity,2020,Published Confirmed,0,613.2,1.7,,1589.15,5.0,323.335
HD 113337 b,1,Radial Velocity,2013,Published Confirmed,0,317.58639,1.022,,1035.80277841,3.259,36.18
HD 113337 c,1,Radial Velocity,2020,Published Confirmed,0,5429.93477,6.805,,6299.67685515,19.821,36.18
HD 11343 c,1,Radial Velocity,2022,Published Confirmed,0,228.53731,0.923,,255.53403923,0.804,155.121
HD 113538 b,1,Radial Velocity,2010,Published Confirmed,0,663.2,1.24,,114.41,0.36,16.2817
HD 113538 c,1,Radial Velocity,2010,Published Confirmed,0,1818.0,2.44,,295.57,0.93,16.2817
HD 113996 b,1,Radial Velocity,2017,Published Confirmed,0,610.2,1.6,,2002.329,6.3,116.334
HD 114082 b,1,Radial Velocity,2022,Published Confirmed,0,109.75,0.5109,11.2089807,2542.627256,8.0,95.3906
HD 114386 b,1,Radial Velocity,2003,Published Confirmed,0,937.70001,1.73,,362.3262,1.14,27.9243
HD 114386 c,1,Radial Velocity,2026,Published Confirmed,0,444.0,1.05,,117.59651059,0.37,27.9243
HD 114729 b,1,Radial Velocity,2002,Published Confirmed,0,1121.79,2.067,,262.20975,0.825,37.8063
HD 114783 b,1,Radial Velocity,2001,Published Confirmed,0,493.7,1.16,,349.6,1.1,21.0628
HD 114783 c,1,Radial Velocity,2016,Published Confirmed,0,4352.0,5.0,,603.8739733,1.9,21.0628
HD 11505 b,1,Radial Velocity,2022,Published Confirmed,0,32669.22247,20.247,,2510.52658689,7.899,38.9679
HD 11506 b,1,Radial Velocity,2007,Published Confirmed,0,1617.7,2.885,,1525.5763536,4.8,51.261
HD 11506 c,1,Radial Velocity,2008,Published Confirmed,0,223.92,0.771,,127.1313628,0.4,51.261
HD 11506 d,1,Radial Velocity,2022,Published Confirmed,0,26500.0,18.2,,4068.2036096,12.8,51.261
HD 115404 A b,1,Radial Velocity,2022,Published Confirmed,0,10.49488,0.088,,30.82935548,0.097,10.9816
HD 115404 A c,1,Radial Velocity,2022,Published Confirmed,0,15319.22517,11.364,,3279.67133183,10.319,10.9816
HD 115954 b,1,Radial Velocity,2021,Published Confirmed,0,3700.0,5.0,,2634.79749403,8.29,87.6437
HD 116029 b,1,Radial Velocity,2011,Published Confirmed,0,670.0,1.65,,444.962,1.4,123.245
HD 116029 c,1,Radial Velocity,2016,Published Confirmed,0,907.0,,,403.6441,1.27,123.245
HD 117207 b,1,Radial Velocity,2004,Published Confirmed,0,2621.75,3.787,,612.14058,1.926,32.3547
HD 11755 b,1,Radial Velocity,2015,Published Confirmed,0,433.70001,1.09,,1789.3829,5.63,235.045
HD 117618 b,1,Radial Velocity,2004,Published Confirmed,0,25.8,0.18,,55.30242,0.174,37.7781
HD 118203 b,1,Radial Velocity,2005,Published Confirmed,0,6.1349779,0.0713,12.778238,680.15279098,2.14,92.2589
HD 118203 c,1,Radial Velocity,2024,Published Confirmed,0,5103.0,6.28,,3747.19691853,11.79,92.2589
HD 11964 b,1,Radial Velocity,2005,Published Confirmed,0,1945.0,3.16,,198.0,0.622,33.5369
HD 11964 c,1,Radial Velocity,2008,Published Confirmed,0,37.91,0.229,,25.0,0.0788,33.5369
HD 11977 b,1,Radial Velocity,2005,Published Confirmed,0,711.0,1.93,,2080.0,6.54,67.9331
HD 120084 b,1,Radial Velocity,2013,Published Confirmed,0,2142.0,4.21,,2034.1018048,6.4,103.044
HD 121504 b,1,Radial Velocity,2003,Published Confirmed,0,63.33,0.33,,479.9233,1.51,41.6592
HD 12235 b,1,Radial Velocity,2022,Published Confirmed,0,4.36305,0.054,,10.48833743,0.033,31.7627
HD 12235 c,1,Radial Velocity,2022,Published Confirmed,0,36336.70679,22.21,,3135.69506346,9.866,31.7627
HD 122562 c,1,Radial Velocity,2022,Published Confirmed,0,84.96276,0.406,,73.10053361,0.23,53.2528
HD 124330 b,1,Radial Velocity,2021,Published Confirmed,0,270.66,0.86,,238.37130525,0.75,60.1977
HD 12484 b,1,Radial Velocity,2016,Published Confirmed,0,58.83,0.297,,947.1334,2.98,48.3367
HD 125136 b,1,Radial Velocity,2026,Published Confirmed,0,849.77,,,718.29219982,2.26,121.257
HD 125271 b,1,Radial Velocity,2022,Published Confirmed,0,14901.99295,10.817,,3465.60094993,10.904,39.3466
HD 125390 b,1,Radial Velocity,2019,Published Confirmed,0,1757.39151,3.496,,8646.20398403,27.204,153.647
HD 125595 b,1,Radial Velocity,2011,Published Confirmed,0,9.6737,0.08,,6.3566,0.02,28.1989
HD 125612 b,1,Radial Velocity,2007,Published Confirmed,0,557.69994,1.349,,945.22168242,2.974,57.6207
HD 125612 c,1,Radial Velocity,2009,Published Confirmed,0,4.15466,0.051,,15.57359194,0.049,57.6207
HD 125612 d,1,Radial Velocity,2009,Published Confirmed,0,2822.72698,3.982,,2281.37230545,7.178,57.6207
HD 126105 b,1,Radial Velocity,2026,Published Confirmed,0,524.0,1.36,,530.77343969,1.67,82.8811
HD 12648 b,1,Radial Velocity,2015,Published Confirmed,0,133.60001,0.54,,622.9468,1.96,182.192
HD 126525 b,1,Radial Velocity,2018,Published Confirmed,0,960.41,1.837,,75.32571,0.237,37.6506
HD 12661 b,1,Radial Velocity,2000,Published Confirmed,0,262.70862,0.84,,772.3269,2.43,37.8478
HD 12661 c,1,Radial Velocity,2002,Published Confirmed,0,1708.0,2.8145,,575.884,1.812,37.8478
HD 126614 b,1,Radial Velocity,2009,Published Confirmed,0,1257.25303,2.249,,107.74382997,0.339,73.0961
HD 127195 b,1,Radial Velocity,2026,Published Confirmed,0,534.5,,,212.94503269,0.67,84.7167
HD 127195 c,1,Radial Velocity,2026,Published Confirmed,0,836.99,,,206.58846455,0.65,84.7167
HD 127506 b,1,Radial Velocity,2022,Published Confirmed,0,65.78395,0.287,,27.333243,0.086,22.5279
HD 128311 b,1,Radial Velocity,2002,Published Confirmed,0,453.019,1.084,,562.24127,1.769,16.3292
HD 128311 c,1,Radial Velocity,2005,Published Confirmed,0,921.538,1.74,,1204.25787,3.789,16.3292
HD 128356 b,1,Radial Velocity,2016,Published Confirmed,0,298.2,0.87,,282.8687,0.89,26.1548
HD 128717 b,1,Astrometry,2025,Published Confirmed,0,3420.0,4.85,,6293.0024586,19.8,73.636
HD 129445 b,1,Radial Velocity,2009,Published Confirmed,0,1840.0,2.9,,508.507,1.6,67.4386
HD 130322 b,1,Radial Velocity,1999,Published Confirmed,0,10.70871,0.0925,,365.49,1.15,31.8766
HD 131496 b,1,Radial Velocity,2011,Published Confirmed,0,896.0,2.01,,572.094,1.8,131.849
HD 13167 b,1,Radial Velocity,2018,Published Confirmed,0,2613.0,4.1,,1052.0173,3.31,148.934
HD 13189 b,1,Radial Velocity,2005,Published Confirmed,0,471.60001,1.25,,3480.2385,10.95,497.823
HD 132406 b,1,Radial Velocity,2007,Published Confirmed,0,908.0,,,1887.90073758,5.94,70.7832
HD 132563 b,1,Radial Velocity,2011,Published Confirmed,0,1544.0,2.62,,473.547,1.49,105.155
HD 133131 A b,1,Radial Velocity,2016,Published Confirmed,0,649.0,1.44,,451.3186,1.42,51.4736
HD 133131 A c,1,Radial Velocity,2016,Published Confirmed,0,3568.0,4.49,,133.4886,0.42,51.4736
HD 133131 B b,1,Radial Velocity,2016,Published Confirmed,0,5769.0,6.15,,794.575,2.5,51.2993
HD 134060 b,1,Radial Velocity,2019,Published Confirmed,0,3.2696,0.0444,,10.1,0.0318,24.0125
HD 134060 c,1,Radial Velocity,2019,Published Confirmed,0,1291.5646,2.3928,,29.29,0.0922,24.0125
HD 134606 b,1,Radial Velocity,2024,Published Confirmed,0,12.089,0.1046,,9.09,0.02860034,26.7909
HD 134606 c,1,Radial Velocity,2024,Published Confirmed,0,58.883,0.3007,,11.31,0.03558524,26.7909
HD 134606 d,1,Radial Velocity,2024,Published Confirmed,0,966.5,1.941,,44.8,0.14095656,26.7909
HD 134606 e,1,Radial Velocity,2024,Published Confirmed,0,4.3203,0.0527,,2.34,0.00736246,26.7909
HD 134606 f,1,Radial Velocity,2024,Published Confirmed,0,26.915,0.1784,,5.63,0.01771396,26.7909
HD 134987 b,1,Radial Velocity,1999,Published Confirmed,0,258.17999,0.81,,511.7063,1.61,26.1804
HD 134987 c,1,Radial Velocity,2009,Published Confirmed,0,5000.0,5.8,,260.0,0.82,26.1804
HD 135344 A b,1,Imaging,2025,Published Confirmed,0,,16.5,16.25302201,3178.28407,10.0,141.595
HD 135625 b,1,Radial Velocity,2023,Published Confirmed,0,4055.0,5.4,,731.0053361,2.3,56.518
HD 135694 b,1,Transit,2023,Published Confirmed,0,15.923475568,0.124695,2.857,,,73.8713
HD 135872 b,1,Radial Velocity,2022,Published Confirmed,0,2422.32597,4.172,,1744.56012602,5.489,82.4251
HD 136118 b,1,Radial Velocity,2022,Published Confirmed,0,1187.59765,2.327,,4164.18778851,13.102,51.4359
HD 136352 b,1,Radial Velocity,2019,Published Confirmed,0,11.57797,0.0964,1.664,4.72,0.01485078,14.682
HD 136352 c,1,Radial Velocity,2019,Published Confirmed,0,27.59221,0.1721,2.916,11.24,0.03536499,14.682
HD 136352 d,1,Radial Velocity,2019,Published Confirmed,0,107.245,0.425,2.562,8.82,0.02775082,14.682
HD 136418 b,1,Radial Velocity,2009,Published Confirmed,0,464.29999,1.29,,680.1562,2.14,105.168
HD 136925 b,1,Radial Velocity,2021,Published Confirmed,0,4540.0,5.13,,266.97586188,0.84,47.874
HD 13724 c,1,Radial Velocity,2022,Published Confirmed,0,142.22895,0.534,,50.85254512,0.16,43.465
HD 137388 b,1,Radial Velocity,2011,Published Confirmed,0,330.0,0.89,,63.566,0.2,40.4841
HD 137496 b,1,Transit,2021,Published Confirmed,0,1.62116,0.02732,1.31,4.04,0.01271126,155.317
HD 137496 c,1,Radial Velocity,2021,Published Confirmed,0,479.9,1.2163,,2434.56559762,7.66,155.317
HD 13808 b,1,Radial Velocity,2021,Published Confirmed,0,14.1815,0.10519,,11.2,0.03523896,28.2305
HD 13808 c,1,Radial Velocity,2021,Published Confirmed,0,53.753,0.2554,,9.96,0.03133751,28.2305
HD 13908 b,1,Radial Velocity,2013,Published Confirmed,0,19.382,0.154,,274.91,0.865,79.5515
HD 13908 c,1,Radial Velocity,2013,Published Confirmed,0,931.0,2.03,,1630.4,5.13,79.5515
HD 13931 b,1,Radial Velocity,2009,Published Confirmed,0,4218.0,5.15,,699.226,2.2,47.3963
HD 139357 b,1,Radial Velocity,2008,Published Confirmed,0,1124.79139,2.949,,6315.5682755,19.871,112.09
HD 1397 b,1,Transit,2018,Published Confirmed,0,11.53533,0.1097,11.500434,131.89945,0.415,79.5702
HD 14067 b,1,Radial Velocity,2014,Published Confirmed,0,2744.0,5.15,,4862.7746271,15.3,142.024
HD 140901 b,1,Radial Velocity,2022,Published Confirmed,1,9.02378,0.085,,15.57359194,0.049,15.2528
HD 140901 c,1,Radial Velocity,2022,Published Confirmed,0,14386.0,11.8,,572.0911326,1.8,15.2528
HD 141004 b,1,Radial Velocity,2021,Published Confirmed,0,15.5083,0.1238,,13.63483866,0.0429,11.8148
HD 141399 b,1,Radial Velocity,2014,Published Confirmed,0,94.44,0.415,,143.34133,0.451,37.0169
HD 141399 c,1,Radial Velocity,2014,Published Confirmed,0,201.99,0.689,,422.7139,1.33,37.0169
HD 141399 d,1,Radial Velocity,2014,Published Confirmed,0,1069.8,2.09,,375.0394,1.18,37.0169
HD 141399 e,1,Radial Velocity,2014,Published Confirmed,0,5000.0,5.0,,209.7678,0.66,37.0169
HD 141937 b,1,Radial Velocity,2002,Published Confirmed,0,662.37,1.54,,3591.4609991,11.3,33.3622
HD 142 A d,1,Radial Velocity,2022,Published Confirmed,0,108.45299,0.474,,82.63538582,0.26,26.1853
HD 142 b,1,Radial Velocity,2001,Published Confirmed,0,351.43394,1.039,,396.96768034,1.249,26.1853
HD 142 c,1,Radial Velocity,2012,Published Confirmed,0,10159.64279,9.811,,3464.64746471,10.901,26.1853
HD 142022 A b,1,Radial Velocity,2005,Published Confirmed,0,1928.0,2.93,,1411.1652,4.44,34.2802
HD 142245 b,1,Radial Velocity,2011,Published Confirmed,0,1299.0,2.78,,975.7381,3.07,97.2305
HD 142415 b,1,Radial Velocity,2003,Published Confirmed,0,386.29999,1.06,,530.7761,1.67,35.5318
HD 143105 b,1,Radial Velocity,2016,Published Confirmed,0,2.1974,0.0379,,384.5743,1.21,46.7789
HD 143361 b,1,Radial Velocity,2008,Published Confirmed,0,1039.15,1.988,,1122.57556,3.532,68.5146
HD 143811 AB b,1,Imaging,2025,Published Confirmed,0,117000.0,63.0,15.69257298,1938.7532827,6.1,136.608
HD 144899 b,1,Radial Velocity,2022,Published Confirmed,0,40.43914,0.242,,20.34101805,0.064,115.665
HD 145377 b,1,Radial Velocity,2008,Published Confirmed,0,103.95,0.45,,1913.3366,6.02,53.4884
HD 145457 b,1,Radial Velocity,2010,Published Confirmed,0,176.13,0.762,,888.01256916,2.794,135.292
HD 145675 c,1,Radial Velocity,2021,Published Confirmed,0,,20.0,,2510.8444153,7.9,17.9323
HD 145934 b,1,Radial Velocity,2015,Published Confirmed,0,2751.53433,4.89,,658.5404593,2.072,227.881
HD 1461 b,1,Radial Velocity,2010,Published Confirmed,0,5.77152,0.0634,,6.44,0.0202624,23.4534
HD 1461 c,1,Radial Velocity,2015,Published Confirmed,0,13.5052,0.1117,,5.59,0.01758802,23.4534
HD 147018 b,1,Radial Velocity,2009,Published Confirmed,0,44.236,0.2388,,674.0,2.12,40.4256
HD 147018 c,1,Radial Velocity,2009,Published Confirmed,0,1008.0,1.922,,2080.0,6.56,40.4256
HD 147379 b,1,Radial Velocity,2017,Published Confirmed,0,86.58,,,21.6,0.0679612,10.7643
HD 147513 b,1,Radial Velocity,2003,Published Confirmed,1,528.4,1.32,,385.0,1.21,12.9032
HD 14787 b,1,Radial Velocity,2018,Published Confirmed,0,676.6,1.7,,356.28743,1.121,119.137
HD 147873 b,1,Radial Velocity,2016,Published Confirmed,0,116.596,0.522,,1633.6462,5.14,109.055
HD 147873 c,1,Radial Velocity,2016,Published Confirmed,0,491.54,1.36,,731.009,2.3,109.055
HD 148156 b,1,Radial Velocity,2009,Published Confirmed,0,1027.0,2.45,,270.144,0.85,57.1289
HD 148164 b,1,Radial Velocity,2018,Published Confirmed,0,328.55,0.993,,390.9309,1.23,77.1971
HD 148164 c,1,Radial Velocity,2018,Published Confirmed,0,5062.0,6.15,,1640.0028,5.16,77.1971
HD 148427 b,1,Radial Velocity,2009,Published Confirmed,1,331.9,1.11,,381.3940884,1.2,71.3499
HD 149026 b,1,Radial Velocity,2005,Published Confirmed,0,2.87589,,8.29466,120.7754,0.38,75.8643
HD 149143 b,1,Radial Velocity,2005,Published Confirmed,0,4.07182,0.053,,422.7139,1.33,73.2801
HD 149806 b,1,Radial Velocity,2022,Published Confirmed,0,16521.52778,12.404,,4003.68444298,12.597,20.2727
HD 150010 b,1,Radial Velocity,2022,Published Confirmed,0,562.0,1.4,,762.7881768,2.4,144.49
HD 1502 b,1,Radial Velocity,2011,Published Confirmed,0,428.5,1.262,,874.0325,2.75,190.953
HD 150706 b,1,Radial Velocity,2012,Published Confirmed,0,5894.0,6.7,,861.28,2.71,28.2697
HD 151450 b,1,Radial Velocity,2022,Published Confirmed,0,21.89288,0.16,,38.45723725,0.121,43.6002
HD 151450 c,1,Radial Velocity,2022,Published Confirmed,0,18144.76236,14.131,,1636.18063924,5.148,43.6002
HD 152079 b,1,Radial Velocity,2009,Published Confirmed,0,2918.92,4.187,,845.74563,2.661,87.8888
HD 152581 b,1,Radial Velocity,2011,Published Confirmed,0,686.5,1.66,,594.02427,1.869,165.76
HD 152843 b,1,Transit,2021,Published Confirmed,0,11.62071,0.1049,3.05,9.82,0.03089718,107.898
HD 152843 c,1,Transit,2021,Published Confirmed,0,19.502104,0.1482,5.94,9.67,0.03042522,107.898
HD 15337 b,1,Transit,2019,Published Confirmed,0,4.7559804,,1.77,6.519,0.02051107,44.8155
HD 15337 c,1,Transit,2019,Published Confirmed,0,17.180546,,2.526,6.792,0.02137002,44.8155
HD 153557 b,1,Radial Velocity,2022,Published Confirmed,0,7.29903,0.068,,20.34101805,0.064,17.9412
HD 153557 c,1,Radial Velocity,2022,Published Confirmed,0,15.27018,0.111,,17.48056238,0.055,17.9412
HD 153557 d,1,Radial Velocity,2022,Published Confirmed,0,40654.64809,21.449,,8725.66108578,27.454,17.9412
HD 153950 b,1,Radial Velocity,2008,Published Confirmed,0,499.39999,1.28,,937.5985,2.95,48.4549
HD 154088 b,1,Radial Velocity,2021,Published Confirmed,0,18.56,0.134,,6.6,0.02076592,18.2692
HD 154345 b,1,Radial Velocity,2006,Published Confirmed,0,3280.0,4.158,,376.9444907,1.186,18.284
HD 154391 b,1,Radial Velocity,2023,Published Confirmed,0,5163.0,7.46,,2892.2385037,9.1,100.947
HD 154672 b,1,Radial Velocity,2008,Published Confirmed,0,163.94,0.6,,1706.7471,5.37,63.0484
HD 154857 b,1,Radial Velocity,2004,Published Confirmed,0,408.60001,1.29,,778.6835,2.45,63.4482
HD 154857 c,1,Radial Velocity,2014,Published Confirmed,0,3452.0,5.36,,819.97,2.58,63.4482
HD 155193 b,1,Radial Velocity,2021,Published Confirmed,0,352.65,1.04,,238.37130525,0.75,57.7995
HD 155358 b,1,Radial Velocity,2007,Published Confirmed,0,194.3,0.63,,314.6517,0.99,43.6197
HD 155358 c,1,Radial Velocity,2007,Published Confirmed,0,391.9,1.02,,261.0,0.82,43.6197
HD 155918 b,1,Radial Velocity,2022,Published Confirmed,0,1.87567,0.03,,7.62788177,0.024,27.561
HD 155918 c,1,Radial Velocity,2022,Published Confirmed,0,17202.19446,13.183,,1878.04805696,5.909,27.561
HD 156098 b,1,Radial Velocity,2022,Published Confirmed,0,21.85849,0.167,,15.89142035,0.05,48.249
HD 156098 c,1,Radial Velocity,2022,Published Confirmed,0,7841.5839,8.415,,1661.6069118,5.228,48.249
HD 156279 b,1,Radial Velocity,2011,Published Confirmed,0,133.40355,0.502,,2997.75753482,9.432,36.1945
HD 156279 c,1,Radial Velocity,2016,Published Confirmed,0,4818.25358,5.486,,3098.82696825,9.75,36.1945
HD 156411 b,1,Radial Velocity,2009,Published Confirmed,0,842.2,1.88,,235.18,0.74,56.8655
HD 156668 b,1,Radial Velocity,2010,Published Confirmed,0,4.6455,0.05,,4.15,0.013,24.3323
HD 156668 c,1,Radial Velocity,2021,Published Confirmed,0,811.3,1.57,,31.49679513,0.0991,24.3323
HD 156846 b,1,Radial Velocity,2007,Published Confirmed,0,359.51001,1.12,,3391.2461,10.67,47.7332
HD 158038 b,1,Radial Velocity,2011,Published Confirmed,0,521.0,1.5,,486.2799,1.53,94.8625
HD 158259 b,1,Radial Velocity,2020,Published Confirmed,0,2.178,,,2.22,0.00698487,27.0498
HD 158259 c,1,Radial Velocity,2020,Published Confirmed,0,3.432,,,5.6,0.01761948,27.0498
HD 158259 d,1,Radial Velocity,2020,Published Confirmed,0,5.1980814,,,5.41,0.01702168,27.0498
HD 158259 e,1,Radial Velocity,2020,Published Confirmed,0,7.951,,,6.08,0.01912972,27.0498
HD 158259 f,1,Radial Velocity,2020,Published Confirmed,0,12.028,,,6.14,0.0193185,27.0498
HD 158996 b,1,Radial Velocity,2018,Published Confirmed,0,820.2,2.1,,4449.62,14.0,283.659
HD 15906 b,1,Transit,2023,Published Confirmed,0,10.924709,0.09,2.24,,,45.5621
HD 15906 c,1,Transit,2023,Published Confirmed,0,21.583298,0.141,2.93,,,45.5621
HD 159243 b,1,Radial Velocity,2013,Published Confirmed,0,12.62,0.11,,359.13,1.13,73.3055
HD 159243 c,1,Radial Velocity,2013,Published Confirmed,0,248.4,0.8,,603.9,1.9,73.3055
HD 159868 b,1,Radial Velocity,2006,Published Confirmed,0,1184.1,2.32,,704.94694,2.218,55.8503
HD 159868 c,1,Radial Velocity,2012,Published Confirmed,0,351.0,1.032,,244.09344,0.768,55.8503
HD 1605 b,1,Radial Velocity,2015,Published Confirmed,0,577.2,1.492,,296.85322,0.934,88.8047
HD 1605 c,1,Radial Velocity,2015,Published Confirmed,0,2149.0,3.584,,1150.5446,3.62,88.8047
HD 160691 b,1,Radial Velocity,2000,Published Confirmed,0,645.0,,,1366.6621501,4.3,15.5981
HD 160691 c,1,Radial Velocity,2004,Published Confirmed,0,3947.0,,,1398.4449908,4.4,15.5981
HD 160691 d,1,Radial Velocity,2004,Published Confirmed,0,9.6392,,,,,15.5981
HD 160691 e,1,Radial Velocity,2006,Published Confirmed,0,307.9,,,2224.798849,7.0,15.5981
HD 161178 b,1,Radial Velocity,2021,Published Confirmed,0,279.3,0.85,,181.16219199,0.57,107.188
HD 16141 b,1,Radial Velocity,2000,Published Confirmed,0,75.523,0.36,,82.6358,0.26,37.7861
HD 16175 b,1,Radial Velocity,2009,Published Confirmed,0,990.0,2.12,,1620.933,5.1,59.859
HD 162020 b,1,Radial Velocity,2002,Published Confirmed,0,8.4282,0.08,,3127.4472,9.84,30.8248
HD 163607 b,1,Radial Velocity,2012,Published Confirmed,0,75.2203,0.362,,249.051588,0.7836,67.7855
HD 163607 c,1,Radial Velocity,2012,Published Confirmed,0,1272.0,2.39,,699.54383,2.201,67.7855
HD 16417 b,1,Radial Velocity,2008,Published Confirmed,0,17.24,0.14,,22.1,0.0696,25.3936
HD 164509 b,1,Radial Velocity,2012,Published Confirmed,0,280.17,0.87,,140.79869,0.443,53.1119
HD 164595 b,1,Radial Velocity,2015,Published Confirmed,0,40.0,0.23,,16.14,0.05078186,28.254
HD 164604 b,1,Radial Velocity,2009,Published Confirmed,0,653.9,1.362,,4195.3349724,13.2,39.3633
HD 164604 c,1,Radial Velocity,2026,Published Confirmed,0,5387.0,5.556,,3019.3698665,9.5,39.3633
HD 164922 b,1,Radial Velocity,2005,Published Confirmed,0,1207.0,2.16,,116.0,0.36497499,22.0016
HD 164922 c,1,Radial Velocity,2016,Published Confirmed,0,75.74,0.341,,13.0,0.04090237,22.0016
HD 164922 d,1,Radial Velocity,2020,Published Confirmed,0,12.458,0.103,,4.0,0.01258534,22.0016
HD 164922 e,1,Radial Velocity,2021,Published Confirmed,0,41.763,0.2292,,10.52012027,0.0331,22.0016
HD 165131 b,1,Radial Velocity,2023,Published Confirmed,0,2342.6,3.54,,5943.3912109,18.7,57.4263
HD 165155 b,1,Radial Velocity,2016,Published Confirmed,0,434.5,1.13,,918.5287,2.89,63.3574
HD 1666 b,1,Radial Velocity,2015,Published Confirmed,0,270.0,0.94,,2040.0,6.43,117.908
HD 166724 b,1,Radial Velocity,2012,Published Confirmed,0,5144.0,5.42,,1121.89,3.53,45.1342
HD 167042 b,1,Radial Velocity,2007,Published Confirmed,0,417.67,1.22,,444.00628458,1.397,49.6633
HD 16760 b,1,Radial Velocity,2009,Published Confirmed,1,466.08,1.156,,6833.3107505,21.5,50.17561
HD 167677 b,1,Radial Velocity,2023,Published Confirmed,0,1820.0,2.877,,905.81095995,2.85,54.3258
HD 167768 b,1,Radial Velocity,2022,Published Confirmed,0,20.6532,0.1512,,270.15414595,0.85,107.214
HD 168009 b,1,Radial Velocity,2021,Published Confirmed,0,15.1479,0.1192,,9.53485221,0.03,23.3032
HD 168443 b,1,Radial Velocity,1998,Published Confirmed,0,58.11187,0.292,,2424.3950886,7.628,39.6245
HD 168443 c,1,Radial Velocity,2000,Published Confirmed,0,1753.1096,2.842,,5500.33841154,17.306,39.6245
HD 168746 b,1,Radial Velocity,2002,Published Confirmed,0,6.404,0.07,,85.8141,0.27,41.5681
HD 168863 b,1,Radial Velocity,2022,Published Confirmed,0,14773.93272,10.961,,2154.87659946,6.78,39.8979
HD 1690 b,1,Radial Velocity,2010,Published Confirmed,0,533.0,1.36,,2793.7257,8.79,752.615
HD 16905 b,1,Radial Velocity,2022,Published Confirmed,0,10256.0,8.8,,3591.4609991,11.3,39.7401
HD 169142 b,1,Imaging,2023,Published Confirmed,0,,37.2,,953.485221,3.0,113.6
HD 169830 b,1,Radial Velocity,2000,Published Confirmed,0,225.67372,0.765,,804.42369812,2.531,37.6048
HD 169830 c,1,Radial Velocity,2003,Published Confirmed,0,1818.82339,3.075,,2437.42605328,7.669,37.6048
HD 170469 b,1,Radial Velocity,2007,Published Confirmed,0,1145.0,2.24,,209.7678,0.66,60.178
HD 17092 b,1,Radial Velocity,2007,Published Confirmed,0,359.89999,1.31,,3219.6179,10.13,228.422
HD 171028 b,1,Radial Velocity,2007,Published Confirmed,0,550.0,1.32,,832.7146,2.62,111.659
HD 171238 b,1,Radial Velocity,2009,Published Confirmed,0,1515.0,2.518,,2796.8899816,8.8,44.8113
HD 17156 b,1,Radial Velocity,2007,Published Confirmed,0,21.2164294,0.1632,12.26262489,1036.12060682,3.26,78.0863
HD 173416 b,1,Radial Velocity,2008,Published Confirmed,0,322.03,1.158,,585.12209729,1.841,132.184
HD 174205 b,1,Radial Velocity,2022,Published Confirmed,0,582.0,1.7,,1334.8793094,4.2,234.027
HD 175167 b,1,Radial Velocity,2009,Published Confirmed,0,1175.0,,,4703.8604236,14.8,71.0863
HD 175541 b,1,Radial Velocity,2007,Published Confirmed,0,298.43,0.975,,190.06234,0.598,129.603
HD 175607 b,1,Radial Velocity,2015,Published Confirmed,0,29.01,,,8.98,0.0282541,40.3303
HD 17674 b,1,Radial Velocity,2017,Published Confirmed,0,623.8,1.42,,276.5121,0.87,44.4264
HD 176986 b,1,Radial Velocity,2017,Published Confirmed,0,6.49164,0.062956,,5.36,0.01686445,27.7843
HD 176986 c,1,Radial Velocity,2017,Published Confirmed,0,16.8124,0.11873,,9.75,0.03067693,27.7843
HD 176986 d,1,Radial Velocity,2026,Published Confirmed,0,61.376,0.28149,,6.76,0.02126934,27.7843
HD 177565 b,1,Radial Velocity,2017,Published Confirmed,0,44.505,0.246,,15.1,0.04750967,16.9179
HD 177830 b,1,Radial Velocity,1999,Published Confirmed,0,410.10001,1.14,,537.1327,1.69,62.7674
HD 177830 c,1,Radial Velocity,2010,Published Confirmed,0,110.9,0.5137,,47.6725,0.15,62.7674
HD 178911 B b,1,Radial Velocity,2001,Published Confirmed,0,71.484,0.34,,2552.1749,8.03,40.9727
HD 179079 b,1,Radial Velocity,2008,Published Confirmed,0,14.479,0.1214,,25.74423,0.081,69.7116
HD 179949 b,1,Radial Velocity,2000,Published Confirmed,0,3.092514,0.0443,,291.12,0.916,27.4573
HD 180053 b,1,Radial Velocity,2018,Published Confirmed,0,213.72,0.843,,697.31902,2.194,137.043
HD 18015 b,1,Radial Velocity,2018,Published Confirmed,0,2278.0,3.87,,1010.6994,3.18,123.801
HD 180314 b,1,Radial Velocity,2010,Published Confirmed,0,394.73,1.448,,7216.92963775,22.707,122.362
HD 180617 b,1,Radial Velocity,2018,Published Confirmed,0,105.911,0.343,,12.214,0.03842935,5.91059
HD 180902 b,1,Radial Velocity,2009,Published Confirmed,0,510.9,1.4,,535.54355,1.685,104.577
HD 181234 b,1,Radial Velocity,2019,Published Confirmed,0,7593.40512,7.427,,2980.91262925,9.379,47.7458
HD 181342 b,1,Radial Velocity,2009,Published Confirmed,0,564.1,1.592,,807.2882,2.54,120.391
HD 18143 b,1,Radial Velocity,2022,Published Confirmed,0,10.2851,0.088,,10.80616584,0.034,22.5243
HD 18143 c,1,Radial Velocity,2022,Published Confirmed,0,28982.41764,17.53,,3177.64841319,9.998,22.5243
HD 181433 b,1,Radial Velocity,2008,Published Confirmed,0,9.3745,0.0828,,7.22,0.02271666,26.8762
HD 181433 c,1,Radial Velocity,2008,Published Confirmed,0,1018.5,1.885,,235.5,0.74096586,26.8762
HD 181433 d,1,Radial Velocity,2008,Published Confirmed,0,6896.1,6.74,,206.91,0.65101166,26.8762
HD 181720 b,1,Radial Velocity,2009,Published Confirmed,0,956.0,1.85,,127.132,0.4,60.2046
HD 183263 b,1,Radial Velocity,2004,Published Confirmed,0,624.87404,1.46,,1103.1824007,3.471,54.1955
HD 183263 c,1,Radial Velocity,2008,Published Confirmed,0,4667.97841,5.585,,2958.98246917,9.31,54.1955
HD 183579 b,1,Transit,2021,Published Confirmed,0,17.471291,0.1322,3.49,20.4,0.06418558,57.2651
HD 184010 b,1,Radial Velocity,2022,Published Confirmed,0,286.6,0.94,,98.52680617,0.31,60.7993
HD 184010 c,1,Radial Velocity,2022,Published Confirmed,0,484.3,1.334,,95.3485221,0.3,60.7993
HD 184010 d,1,Radial Velocity,2022,Published Confirmed,0,836.4,1.92,,143.02278315,0.45,60.7993
HD 18438 b,1,Radial Velocity,2023,Published Confirmed,0,803.0,2.1,,6674.396547,21.0,224.146
HD 185269 b,1,Radial Velocity,2006,Published Confirmed,0,6.83776,0.077,,321.0083,1.01,51.9917
HD 185283 b,1,Radial Velocity,2023,Published Confirmed,0,4060.0,4.6,,413.1769291,1.3,31.395
HD 18599 b,1,Transit,2022,Published Confirmed,0,4.1374354,0.048,2.6,24.1,0.07582708,38.5653
HD 187085 b,1,Radial Velocity,2006,Published Confirmed,0,1019.74,2.1,,265.70588,0.836,45.8993
HD 187123 b,1,Radial Velocity,1998,Published Confirmed,0,3.0965828,0.0426,,166.218,0.523,45.9548
HD 187123 c,1,Radial Velocity,2008,Published Confirmed,0,3810.0,4.89,,632.46,1.99,45.9548
HD 18742 b,1,Radial Velocity,2011,Published Confirmed,0,766.0,1.82,,1080.622,3.4,162.685
HD 188015 b,1,Radial Velocity,2004,Published Confirmed,0,461.2,1.203,,476.72,1.5,50.6706
HD 188641 b,1,Radial Velocity,2022,Published Confirmed,0,14583.81038,12.027,,9333.03117155,29.365,64.3399
HD 189567 b,1,Radial Velocity,2021,Published Confirmed,0,14.288,0.111,,8.5,0.02674399,17.9055
HD 189567 c,1,Radial Velocity,2021,Published Confirmed,0,33.688,0.197,,7.0,0.02202446,17.9055
HD 189733 b,1,Radial Velocity,2005,Published Confirmed,0,2.21857567,,12.66617,359.1479,1.13,19.7638
HD 190007 b,1,Radial Velocity,2020,Published Confirmed,0,11.724128,,,15.5,0.04876845,12.7141
HD 190228 b,1,Radial Velocity,2022,Published Confirmed,0,1143.59858,2.406,,1598.67688721,5.03,62.7146
HD 190360 b,1,Radial Velocity,2003,Published Confirmed,0,2887.5,3.965,,537.0,1.68959095,16.0069
HD 190360 c,1,Radial Velocity,2005,Published Confirmed,0,17.11625,0.1298,,26.2,0.08243442,16.0069
HD 190360 d,1,Radial Velocity,2026,Published Confirmed,0,88.69,0.3886,,11.9,0.03744159,16.0069
HD 190647 b,1,Radial Velocity,2007,Published Confirmed,0,1176.45,2.231,,630.89255,1.985,54.4738
HD 190984 b,1,Radial Velocity,2009,Published Confirmed,0,4885.0,5.5,,985.2,3.1,148.187
HD 191806 b,1,Radial Velocity,2016,Published Confirmed,0,1603.38923,2.749,,2966.61035094,9.334,65.6668
HD 191939 b,1,Transit,2020,Published Confirmed,0,8.8803256,0.0804,3.41,10.0,0.03146352,53.6089
HD 191939 c,1,Transit,2020,Published Confirmed,0,28.579743,0.1752,3.195,8.0,0.02517081,53.6089
HD 191939 d,1,Transit,2020,Published Confirmed,0,38.353037,0.2132,2.995,2.8,0.00880979,53.6089
HD 191939 e,1,Radial Velocity,2022,Published Confirmed,0,101.12,0.407,,112.2,0.35302068,53.6089
HD 191939 f,1,Radial Velocity,2022,Published Confirmed,0,2898.0,3.71,,915.34581216,2.88,53.6089
HD 191939 g,1,Radial Velocity,2022,Published Confirmed,0,284.0,0.812,,13.5,0.04247575,53.6089
HD 192263 b,1,Radial Velocity,1999,Published Confirmed,0,24.3556,0.15,,177.9848,0.56,19.6359
HD 192310 b,1,Radial Velocity,2011,Published Confirmed,0,74.72,0.32,,16.9,0.0532,8.79687
HD 192310 c,1,Radial Velocity,2011,Published Confirmed,0,525.8,1.18,,24.0,0.076,8.79687
HD 192699 b,1,Radial Velocity,2007,Published Confirmed,0,340.94,1.063,,666.17168,2.096,71.8627
HD 194490 b,1,Radial Velocity,2022,Published Confirmed,0,13092.18348,11.116,,3561.90295725,11.207,80.2349
HD 195019 b,1,Radial Velocity,1998,Published Confirmed,0,18.20132,0.14,,1264.9634,3.98,37.6681
HD 196050 b,1,Radial Velocity,2002,Published Confirmed,0,1392.0,2.65,,1493.7935129,4.7,50.6742
HD 196067 b,1,Radial Velocity,2012,Published Confirmed,0,3413.7,4.71,,3623.2438398,11.4,39.9346
HD 196067 c,1,Radial Velocity,2025,Published Confirmed,0,4.601088,,,10.4,0.03272206,39.9346
HD 19615 b,1,Radial Velocity,2022,Published Confirmed,0,402.0,1.1,,2701.5414595,8.5,265.155
HD 196885 A b,1,Radial Velocity,2007,Published Confirmed,0,1333.0,2.37,,819.97,2.58,34.1692
HD 197037 b,1,Radial Velocity,2012,Published Confirmed,0,1035.7,2.07,,251.0,0.79,33.1944
HD 199509 b,1,Radial Velocity,2022,Published Confirmed,0,99.62167,0.426,,43.22466335,0.136,24.3056
HD 19994 b,1,Radial Velocity,2003,Published Confirmed,0,466.2,1.305,,435.41,1.37,22.5242
HD 20003 b,1,Radial Velocity,2019,Published Confirmed,0,11.8482,0.0974,,11.66,0.0367,41.8316
HD 20003 c,1,Radial Velocity,2019,Published Confirmed,0,33.9239,0.1964,,14.44,0.0454,41.8316
HD 200964 b,1,Radial Velocity,2010,Published Confirmed,0,606.3,1.565,,508.21017,1.599,72.5922
HD 200964 c,1,Radial Velocity,2010,Published Confirmed,0,852.5,1.96,,385.84562,1.214,72.5922
HD 202206 c,1,Radial Velocity,2004,Published Confirmed,0,1260.0,2.41,,5689.157,17.9,45.9665
HD 202696 b,1,Radial Velocity,2019,Published Confirmed,0,517.8,1.566,,634.38868,1.996,188.546
HD 202696 c,1,Radial Velocity,2019,Published Confirmed,0,946.6,2.342,,592.43512,1.864,188.546
HD 202772 A b,1,Transit,2019,Published Confirmed,0,3.3088775,0.05208,18.2370116,323.54931833,1.018,161.498
HD 203030 b,1,Imaging,2006,Published Confirmed,0,,,14.4595851,3496.112477,11.0,39.2503
HD 20329 b,1,Transit,2022,Published Confirmed,0,0.926118,0.018,1.72,7.42,0.02334593,63.6796
HD 203387 b,1,Radial Velocity,2022,Published Confirmed,0,512.5352,1.771,,1106.04285636,3.48,61.7477
HD 203387 c,1,Radial Velocity,2022,Published Confirmed,0,2481.07227,5.067,,2378.9456264,7.485,61.7477
HD 2039 b,1,Radial Velocity,2002,Published Confirmed,0,1120.0,2.2,,1999.1507,6.29,85.6922
HD 204313 b,1,Radial Velocity,2010,Published Confirmed,0,2041.11539,3.185,,1466.7780983,4.615,47.7945
HD 204313 c,1,Radial Velocity,2015,Published Confirmed,0,34.95875,0.211,,17.16273398,0.054,47.7945
HD 204313 e,1,Radial Velocity,2022,Published Confirmed,0,7325.64666,7.457,,4868.17771002,15.317,47.7945
HD 204941 b,1,Radial Velocity,2011,Published Confirmed,0,1733.0,2.55,,73.1009,0.23,28.7165
HD 205158 b,1,Radial Velocity,2022,Published Confirmed,0,25.33798,0.177,,124.58873554,0.392,86.6159
HD 205739 b,1,Radial Velocity,2008,Published Confirmed,0,279.8,0.896,,435.41,1.37,92.5087
HD 206255 b,1,Radial Velocity,2019,Published Confirmed,0,96.045,0.461,,34.2,0.10760469,75.2363
HD 206610 b,1,Radial Velocity,2009,Published Confirmed,0,673.2,1.74,,647.10188,2.036,147.192
HD 206893 b,1,Imaging,2021,Published Confirmed,0,11100.0,10.75,,6197.6539365,19.5,40.7583
HD 206893 c,1,Imaging,2022,Published Confirmed,0,2290.0,3.74,,3527.8953177,11.1,40.7583
HD 207496 b,1,Transit,2023,Published Confirmed,0,6.441008,0.0629,2.25,6.1,0.01919275,23.606
HD 20781 b,1,Radial Velocity,2019,Published Confirmed,0,5.3135,0.0529,,1.93,0.0061,35.9715
HD 20781 c,1,Radial Velocity,2019,Published Confirmed,0,13.8905,0.1004,,5.33,0.0168,35.9715
HD 20781 d,1,Radial Velocity,2019,Published Confirmed,0,29.158,0.1647,,10.61,0.0334,35.9715
HD 20781 e,1,Radial Velocity,2019,Published Confirmed,0,85.5073,0.3374,,14.03,0.0442,35.9715
HD 20782 b,1,Radial Velocity,2006,Published Confirmed,0,597.0643,1.3649,,472.83,1.4878,35.9864
HD 207832 b,1,Radial Velocity,2012,Published Confirmed,0,160.07,0.586,,177.9848,0.56,58.9291
HD 207832 c,1,Radial Velocity,2012,Published Confirmed,0,1155.7,2.112,,232.0159,0.73,58.9291
HD 207897 b,1,Transit,2021,Published Confirmed,0,16.20166,0.117,2.34302132,14.8,0.04656601,28.2938
HD 20794 b,1,Radial Velocity,2011,Published Confirmed,0,18.314,0.1257,,2.15,0.00676466,6.00278
HD 20794 d,1,Radial Velocity,2011,Published Confirmed,0,89.68,0.3625,,2.98,0.00937613,6.00278
HD 20794 e,1,Radial Velocity,2017,Published Confirmed,1,147.02,0.509,,4.77,0.01500802,6.00278
HD 20794 f,1,Radial Velocity,2025,Published Confirmed,0,647.6,1.3541,,5.82,0.01831177,6.00278
HD 208487 b,1,Radial Velocity,2004,Published Confirmed,0,129.36,0.53,,146.20106722,0.46,45.147
HD 208527 b,1,Radial Velocity,2012,Published Confirmed,0,875.5,2.1,,3146.4,9.9,312.202
HD 20868 b,1,Radial Velocity,2008,Published Confirmed,0,380.85001,0.95,,397.2875,1.25,47.7223
HD 208897 b,1,Radial Velocity,2017,Published Confirmed,0,358.27,1.063,,379.48711796,1.194,67.4872
HD 209458 b,1,Radial Velocity,1999,Published Confirmed,0,3.52474859,,15.58051,232.0159,0.73,48.3016
HD 210193 b,1,Radial Velocity,2019,Published Confirmed,0,649.918,1.487,,153.1,0.48170406,42.2029
HD 210277 b,1,Radial Velocity,1998,Published Confirmed,0,442.19,1.13,,410.0007,1.29,21.2985
HD 210702 b,1,Radial Velocity,2007,Published Confirmed,0,355.5,1.079,,481.5100366,1.515,54.1963
HD 211403 b,1,Radial Velocity,2021,Published Confirmed,0,223.8,0.768,,1760.76937478,5.54,83.0919
HD 211810 b,1,Radial Velocity,2018,Published Confirmed,0,1558.0,2.656,,212.9461,0.67,64.6353
HD 211970 b,1,Radial Velocity,2019,Published Confirmed,0,25.201,0.143,,13.0,0.04090237,13.1277
HD 212301 b,1,Radial Velocity,2005,Published Confirmed,0,2.24571,0.03,,162.0933,0.51,54.2304
HD 212771 b,1,Radial Velocity,2009,Published Confirmed,0,380.7,1.19,,759.6137,2.39,111.155
HD 213240 b,1,Radial Velocity,2001,Published Confirmed,0,882.70001,1.89,,1773.4914,5.58,40.8707
HD 213472 b,1,Radial Velocity,2021,Published Confirmed,0,17000.0,13.0,,1112.3994245,3.5,64.4527
HD 213519 b,1,Radial Velocity,2022,Published Confirmed,0,11.12214,0.099,,9.2170238,0.029,41.0014
HD 213885 b,1,Transit,2019,Published Confirmed,0,1.008035,0.02012,1.745,8.83,0.02778215,48.0883
HD 213885 c,1,Radial Velocity,2019,Published Confirmed,0,4.78503,0.056798,,19.95,0.06276941,48.0883
HD 21411 b,1,Radial Velocity,2019,Published Confirmed,0,84.288,0.362,,65.9,0.20734355,29.1328
HD 214823 b,1,Radial Velocity,2016,Published Confirmed,0,1854.84424,3.08,,5914.78665427,18.61,101.368
HD 215152 b,1,Radial Velocity,2018,Published Confirmed,0,5.75999,0.057638,,1.819,0.00572319,21.5974
HD 215152 c,1,Radial Velocity,2018,Published Confirmed,0,7.28243,0.067393,,1.72,0.0054117,21.5974
HD 215152 d,1,Radial Velocity,2018,Published Confirmed,0,10.86499,0.08799,,2.801,0.00881289,21.5974
HD 215152 e,1,Radial Velocity,2018,Published Confirmed,0,25.1967,0.15417,,2.877,0.00905201,21.5974
HD 21520 b,1,Transit,2024,Published Confirmed,0,25.1292,0.1726,2.697,17.7,0.05569043,79.208
HD 215497 b,1,Radial Velocity,2009,Published Confirmed,0,3.93404,0.05,,6.3566,0.02,40.5468
HD 215497 c,1,Radial Velocity,2009,Published Confirmed,0,566.0,1.31,,111.23994245,0.35,40.5468
HD 216435 b,1,Radial Velocity,2002,Published Confirmed,0,1311.0,2.56,,400.4,1.26,32.9834
HD 216437 b,1,Radial Velocity,2002,Published Confirmed,0,1359.0,2.57,,1334.8793094,4.2,26.6902
HD 216520 b,1,Radial Velocity,2020,Published Confirmed,0,35.45,0.198,,10.26,0.03228141,19.552
HD 216520 c,1,Radial Velocity,2020,Published Confirmed,0,154.43,0.528,,9.44,0.02970141,19.552
HD 216536 b,1,Radial Velocity,2015,Published Confirmed,0,148.60001,0.61,,333.7215,1.05,376.233
HD 216770 b,1,Radial Velocity,2003,Published Confirmed,0,118.45,0.46,,181.1631,0.57,36.6625
HD 21693 b,1,Radial Velocity,2019,Published Confirmed,0,22.6786,0.1455,,8.23,0.0259,33.255
HD 21693 c,1,Radial Velocity,2019,Published Confirmed,0,53.7357,0.2586,,17.37,0.0547,33.255
HD 217107 b,1,Radial Velocity,1998,Published Confirmed,0,7.1270166,0.07359,,459.57987652,1.446,20.0619
HD 217107 c,1,Radial Velocity,2005,Published Confirmed,0,5138.7,5.922,,1388.91013859,4.37,20.0619
HD 21749 c,1,Transit,2019,Published Confirmed,0,7.78993,0.0695,0.892,3.7,0.01164144,16.32
HD 217786 b,1,Radial Velocity,2011,Published Confirmed,0,1301.36009,2.446,,4402.55909376,13.852,55.4847
HD 217786 c,1,Radial Velocity,2022,Published Confirmed,0,2.52221,0.038,,7.31005336,0.023,55.4847
HD 217958 b,1,Radial Velocity,2022,Published Confirmed,0,2560.19774,3.758,,166.54208527,0.524,61.7957
HD 218566 b,1,Radial Velocity,2010,Published Confirmed,0,225.7,0.69,,63.566,0.2,28.8274
HD 219077 b,1,Radial Velocity,2012,Published Confirmed,0,5478.68861,5.935,,3057.50927534,9.62,29.1864
HD 219134 b,1,Radial Velocity,2015,Published Confirmed,0,3.092926,0.03876,1.602,4.74,0.01491363,6.53127
HD 219134 c,1,Radial Velocity,2015,Published Confirmed,0,6.76458,0.0653,1.511,4.36,0.01371803,6.53127
HD 219134 d,1,Radial Velocity,2015,Published Confirmed,0,46.859,0.237,1.61,16.17,0.05087625,6.53127
HD 219134 f,1,Radial Velocity,2015,Published Confirmed,1,22.717,0.1463,1.31,7.3,0.02296825,6.53127
HD 219134 g,1,Radial Velocity,2015,Published Confirmed,1,94.2,0.3753,,10.80622,0.034,6.53127
HD 219134 h,1,Radial Velocity,2015,Published Confirmed,0,2247.0,3.11,,108.0622,0.34,6.53127
HD 219139 b,1,Radial Velocity,2021,Published Confirmed,0,275.5,0.94,,247.90615746,0.78,104.935
HD 219415 b,1,Radial Velocity,2012,Published Confirmed,0,2093.3,3.2,,317.83,1.0,165.184
HD 219666 b,1,Transit,2018,Published Confirmed,0,6.034468,,4.898,17.6,0.055,94.1719
HD 219828 b,1,Radial Velocity,2007,Published Confirmed,0,3.83483,0.049,,19.06970442,0.06,73.114
HD 219828 c,1,Radial Velocity,2016,Published Confirmed,0,4789.87297,5.657,,5102.41724598,16.054,73.114
HD 220074 b,1,Radial Velocity,2012,Published Confirmed,0,672.09998,1.6,,5288.6912,16.64,324.54
HD 220197 b,1,Radial Velocity,2018,Published Confirmed,0,1728.0,2.729,,63.566,0.2,64.411
HD 220689 b,1,Radial Velocity,2012,Published Confirmed,0,2266.4,3.396,,355.33394,1.118,46.8778
HD 220773 b,1,Radial Velocity,2011,Published Confirmed,0,3724.7,4.94,,460.8,1.45,50.5103
HD 220842 b,1,Radial Velocity,2016,Published Confirmed,0,218.47,0.74,,1010.6994,3.18,64.6498
HD 221287 b,1,Radial Velocity,2007,Published Confirmed,0,456.1,1.25,,982.05,3.09,55.9231
HD 221416 b,1,Transit,2019,Published Confirmed,0,14.2767,0.1228,9.17,60.5,0.19,95.5483
HD 221420 b,1,Radial Velocity,2019,Published Confirmed,0,10090.0,10.15,,7278.2705203,22.9,31.1415
HD 221585 b,1,Radial Velocity,2016,Published Confirmed,0,1173.0,2.306,,511.7063,1.61,55.8535
HD 222076 b,1,Radial Velocity,2016,Published Confirmed,0,871.0,1.83,,495.8148,1.56,91.1538
HD 222155 b,1,Radial Velocity,2011,Published Confirmed,0,3999.0,5.14,,673.7996,2.12,50.6078
HD 222237 b,1,Radial Velocity,2024,Published Confirmed,0,14892.0,10.8,,1649.52943233,5.19,11.4469
HD 222582 b,1,Radial Velocity,1999,Published Confirmed,0,572.38,1.34,,2660.2371,8.37,42.1586
HD 224018 b,1,Radial Velocity,2025,Published Confirmed,0,10.6413,0.0952,0.91,4.1,0.01290004,105.48
HD 224018 c,1,Transit,2025,Published Confirmed,0,36.57669,0.217,2.42,10.4,0.03272206,105.48
HD 224018 d,1,Transit,2025,Published Confirmed,0,138.0731,0.53,2.4,4.2,0.01321468,105.48
HD 224538 b,1,Radial Velocity,2016,Published Confirmed,0,1202.05199,2.375,,2075.73732612,6.531,79.0608
HD 224693 b,1,Radial Velocity,2006,Published Confirmed,0,26.6904,0.191,,222.481,0.7,93.5015
HD 22496 b,1,Radial Velocity,2021,Published Confirmed,0,5.09071,0.051,,5.57,0.01752518,13.5956
HD 22532 b,1,Radial Velocity,2022,Published Confirmed,0,872.6,1.9,,673.79622284,2.12,161.183
HD 22781 b,1,Radial Velocity,2011,Published Confirmed,0,528.07,1.167,,4338.2,13.65,32.6034
HD 22946 d,1,Transit,2023,Published Confirmed,0,47.42489,0.2958,2.607,26.57,0.08359857,62.7792
HD 23079 b,1,Radial Velocity,2001,Published Confirmed,0,735.74,,,845.42356262,2.66,33.4591
HD 23079 c,1,Radial Velocity,2025,Published Confirmed,0,5.748913,,,8.26,0.02598887,33.4591
HD 23127 b,1,Radial Velocity,2006,Published Confirmed,0,1211.17,2.37,,485.32641,1.527,93.8555
HD 231701 b,1,Radial Velocity,2007,Published Confirmed,0,141.63,0.567,,359.1479,1.13,108.877
HD 233604 b,1,Radial Velocity,2013,Published Confirmed,0,192.0,0.747,,2089.644,6.575,847.058
HD 233832 b,1,Radial Velocity,2018,Published Confirmed,0,2058.0,2.827,,565.7374,1.78,58.742
HD 23472 b,1,Transit,2019,Published Confirmed,0,17.667087,0.1162,2.0,8.32,0.02617765,39.0341
HD 23472 c,1,Transit,2019,Published Confirmed,0,29.79749,0.1646,1.87,3.41,0.01072906,39.0341
HD 23472 d,1,Transit,2022,Published Confirmed,0,3.97664,0.04298,0.75,0.55,0.00173049,39.0341
HD 23472 e,1,Transit,2022,Published Confirmed,0,7.90754,0.068,0.818,0.72,0.00226537,39.0341
HD 23472 f,1,Transit,2022,Published Confirmed,0,12.1621839,0.0906,1.137,0.77,0.00242269,39.0341
HD 235088 b,1,Transit,2023,Published Confirmed,0,7.4341325,0.0706,1.982,4.15,0.01305736,41.1706
HD 23596 b,1,Radial Velocity,2003,Published Confirmed,0,1535.11912,2.694,,3786.607641,11.914,52.0018
HD 238090 b,1,Radial Velocity,2020,Published Confirmed,0,13.671,0.0932,,6.89,0.02167826,15.2354
HD 238914 b,1,Radial Velocity,2018,Published Confirmed,0,4100.0,5.7,,1906.98,6.0,519.452
HD 240210 b,1,Radial Velocity,2009,Published Confirmed,0,501.75,1.16,,1655.82,5.21,372.405
HD 240237 b,1,Radial Velocity,2011,Published Confirmed,0,745.70001,1.92,,5050.3187,15.89,933.377
HD 24040 b,1,Radial Velocity,2006,Published Confirmed,0,3668.0,4.92,,1226.8238,3.86,46.6224
HD 24040 c,1,Radial Velocity,2021,Published Confirmed,0,515.4,1.3,,63.88350981,0.201,46.6224
HD 24064 b,1,Radial Velocity,2015,Published Confirmed,0,535.59998,1.29,,4096.8287,12.89,300.247
HD 24085 b,1,Radial Velocity,2019,Published Confirmed,0,2.0455,0.034,,11.8,0.03712677,54.9004
HD 25015 b,1,Radial Velocity,2019,Published Confirmed,0,6134.427,6.248,,2884.92845034,9.077,37.433
HD 25171 b,1,Radial Velocity,2010,Published Confirmed,0,1802.29,2.971,,290.81445,0.915,55.6146
HD 25463 b,1,Transit,2023,Published Confirmed,0,7.0491423,0.076,2.54535814,8.7,0.02737326,45.6181
HD 25463 c,1,Transit,2023,Published Confirmed,0,3.04405,0.0443,1.36354953,4.3,0.01352931,45.6181
HD 25723 b,1,Radial Velocity,2020,Published Confirmed,0,457.01,1.49,,794.5710175,2.5,114.816
HD 25912 b,1,Radial Velocity,2022,Published Confirmed,0,41.83156,0.242,,38.13940884,0.12,49.1661
HD 25912 c,1,Radial Velocity,2022,Published Confirmed,0,26308.65619,17.848,,5252.75008249,16.527,49.1661
HD 260655 b,1,Transit,2022,Published Confirmed,0,2.76953,0.02933,1.24,2.14,0.00673319,10.0055
HD 260655 c,1,Transit,2022,Published Confirmed,0,5.70588,0.04749,1.533,3.09,0.00972223,10.0055
HD 26161 b,1,Radial Velocity,2021,Published Confirmed,0,10942.29013,10.087,,9045.39646322,28.46,40.9128
HD 2638 b,1,Radial Velocity,2005,Published Confirmed,0,3.4442,0.04,,133.4886,0.42,54.9621
HD 2685 b,1,Transit,2019,Published Confirmed,0,4.12688,0.0568,16.14096,371.8611,1.17,196.852
HD 27442 b,1,Radial Velocity,2000,Published Confirmed,0,428.1,1.271,,495.8,1.56,18.2704
HD 27631 b,1,Radial Velocity,2012,Published Confirmed,0,2198.14,3.242,,474.83802,1.494,50.2862
HD 27894 b,1,Radial Velocity,2005,Published Confirmed,0,18.01939,0.125,,196.73578393,0.619,43.8214
HD 27894 c,1,Radial Velocity,2017,Published Confirmed,0,36.07,0.198,,51.48846,0.162,43.8214
HD 27894 d,1,Radial Velocity,2017,Published Confirmed,0,5019.54244,5.362,,2063.65984665,6.493,43.8214
HD 27969 b,1,Radial Velocity,2021,Published Confirmed,0,654.5,1.552,,1525.5763536,4.8,67.9328
HD 28109 b,1,Transit,2022,Published Confirmed,0,22.891054,,2.69,6.2,0.01950738,139.611
HD 28109 c,1,Transit,2022,Published Confirmed,0,55.99712,,4.13,9.2,0.02894644,139.611
HD 28109 d,1,Transit,2022,Published Confirmed,0,84.2899,,3.11,5.8,0.01824884,139.611
HD 28185 b,1,Radial Velocity,2001,Published Confirmed,0,385.92,1.034,,1859.29618095,5.85,39.3809
HD 28185 c,1,Radial Velocity,2022,Published Confirmed,0,9090.0,8.5,,1906.970442,6.0,39.3809
HD 28192 b,1,Radial Velocity,2022,Published Confirmed,0,14.23283,0.118,,99.7981198,0.314,49.8063
HD 28254 b,1,Radial Velocity,2010,Published Confirmed,0,1333.0,2.45,,1207.7479466,3.8,55.2884
HD 284149 AB b,1,Imaging,2017,Published Confirmed,0,,431.16,,8352.53053596,26.28,117.807
HD 28471 b,1,Radial Velocity,2025,Published Confirmed,0,3.1649,0.042,,3.72,0.01170443,43.6455
HD 28471 c,1,Radial Velocity,2025,Published Confirmed,0,6.1245,0.065,,5.72,0.01799713,43.6455
HD 28471 d,1,Radial Velocity,2025,Published Confirmed,0,11.681,0.1,,4.91,0.01544859,43.6455
HD 285507 b,1,Radial Velocity,2013,Published Confirmed,0,6.0881,0.06,,311.4734,0.98,45.0293
HD 285968 b,1,Radial Velocity,2008,Published Confirmed,0,8.7836,0.066,,8.4,0.026,9.47045
HD 28678 b,1,Radial Velocity,2011,Published Confirmed,0,380.2,1.18,,490.09386,1.542,189.908
HD 29021 b,1,Radial Velocity,2017,Published Confirmed,0,1365.0,2.294,,1420.69297929,4.47,30.9939
HD 290327 b,1,Radial Velocity,2009,Published Confirmed,0,2443.0,3.43,,772.3269,2.43,56.433
HD 29399 b,1,Radial Velocity,2022,Published Confirmed,0,892.7,1.913,,498.99059899,1.57,44.1518
HD 2952 b,1,Radial Velocity,2013,Published Confirmed,0,312.08,1.117,,284.77425267,0.896,110.103
HD 29985 b,1,Radial Velocity,2022,Published Confirmed,0,20608.14049,13.39,,1739.47487151,5.473,31.2707
HD 30177 b,1,Radial Velocity,2002,Published Confirmed,0,2539.0,3.49,,2622.08435775,8.25,55.5867
HD 30177 c,1,Radial Velocity,2016,Published Confirmed,0,11320.0,9.9,,1484.25866069,4.67,55.5867
HD 30562 b,1,Radial Velocity,2009,Published Confirmed,0,1157.0,2.34,,387.7526,1.22,26.1597
HD 30669 b,1,Radial Velocity,2014,Published Confirmed,0,1684.0,2.69,,149.37,0.47,58.0844
HD 30856 b,1,Radial Velocity,2011,Published Confirmed,0,847.0,1.85,,491.68301,1.547,131.199
HD 31253 b,1,Radial Velocity,2010,Published Confirmed,0,466.0,1.26,,197.0546,0.62,58.1438
HD 31527 b,1,Radial Velocity,2019,Published Confirmed,0,16.5535,0.1254,,10.47,0.0329,38.4473
HD 31527 c,1,Radial Velocity,2019,Published Confirmed,0,51.2053,0.2663,,14.16,0.0445,38.4473
HD 31527 d,1,Radial Velocity,2019,Published Confirmed,0,271.6737,0.8098,,11.82,0.0372,38.4473
HD 3167 b,1,Transit,2016,Published Confirmed,0,0.95965451,0.01814,1.601,4.844,0.01524093,47.2899
HD 3167 c,1,Transit,2016,Published Confirmed,0,29.846511,0.1794,2.983,11.41,0.03589987,47.2899
HD 3167 d,1,Radial Velocity,2017,Published Confirmed,0,8.3967,0.077,,7.3,0.02296837,47.2899
HD 3167 e,1,Radial Velocity,2022,Published Confirmed,0,91.9,0.3797,,14.9,0.04688064,47.2899
HD 32518 b,1,Radial Velocity,2009,Published Confirmed,0,157.35,0.594,,905.49313154,2.849,122.115
HD 32963 b,1,Radial Velocity,2015,Published Confirmed,0,2372.0,3.41,,222.481,0.7,38.0786
HD 330075 b,1,Radial Velocity,2004,Published Confirmed,0,3.38773,0.04,,152.5584,0.48,45.2989
HD 331093 b,1,Radial Velocity,2021,Published Confirmed,0,621.62,1.44,,476.7426105,1.5,50.1928
HD 33142 b,1,Radial Velocity,2011,Published Confirmed,0,330.0,1.074,,400.46379282,1.26,121.375
HD 33142 c,1,Radial Velocity,2016,Published Confirmed,0,810.2,1.955,,282.86728223,0.89,121.375
HD 33142 d,1,Radial Velocity,2022,Published Confirmed,0,89.9,0.452,,63.5656814,0.2,121.375
HD 332231 b,1,Transit,2020,Published Confirmed,0,18.712024,0.145,9.07303305,74.1,0.23314467,80.6665
HD 33283 b,1,Radial Velocity,2006,Published Confirmed,0,18.1991,0.1508,,104.56607,0.329,89.8623
HD 33564 b,1,Radial Velocity,2005,Published Confirmed,0,388.0,1.1,,2892.1,9.1,20.9531
HD 33844 b,1,Radial Velocity,2015,Published Confirmed,0,551.40002,1.6,,638.8383,2.01,105.779
HD 33844 c,1,Radial Velocity,2015,Published Confirmed,1,916.0,2.24,,556.2025,1.75,105.779
HD 34445 b,1,Radial Velocity,2009,Published Confirmed,0,1049.0,2.07,,260.6206,0.82,46.0907
HD 34445 c,1,Radial Velocity,2017,Published Confirmed,0,214.67,0.7181,,53.5,0.168,46.0907
HD 34445 d,1,Radial Velocity,2017,Published Confirmed,0,117.87,0.4817,,30.7,0.097,46.0907
HD 34445 e,1,Radial Velocity,2017,Published Confirmed,0,49.175,0.2687,,16.8,0.0529,46.0907
HD 34445 f,1,Radial Velocity,2017,Published Confirmed,0,676.8,1.543,,37.9,0.119,46.0907
HD 34445 g,1,Radial Velocity,2017,Published Confirmed,0,5700.0,6.36,,120.6,0.38,46.0907
HD 35759 b,1,Radial Velocity,2016,Published Confirmed,0,82.467,0.389,,1195.0408,3.76,71.2423
HD 35843 b,1,Radial Velocity,2025,Published Confirmed,0,9.8991,0.088,,5.84,0.01837469,69.6026
HD 35843 c,1,Transit,2025,Published Confirmed,0,46.9622,0.25,2.54,11.32,0.0356167,69.6026
HD 360 b,1,Radial Velocity,2021,Published Confirmed,0,273.1,0.98,,238.37130525,0.75,111.542
HD 36384 b,1,Radial Velocity,2023,Published Confirmed,0,490.0,1.3,,2097.6674862,6.6,209.309
HD 3651 b,1,Radial Velocity,2003,Published Confirmed,0,62.25,0.295,,72.46524,0.228,11.1336
HD 37124 b,1,Radial Velocity,2002,Published Confirmed,0,154.378,0.53364,,214.53525,0.675,31.6634
HD 37124 c,1,Radial Velocity,2002,Published Confirmed,0,885.5,1.71,,207.22516,0.652,31.6634
HD 37124 d,1,Radial Velocity,2005,Published Confirmed,0,1862.0,2.807,,221.20968,0.696,31.6634
HD 37605 b,1,Radial Velocity,2004,Published Confirmed,0,55.01292,0.277,,854.9627,2.69,46.7864
HD 37605 c,1,Radial Velocity,2012,Published Confirmed,0,2720.0,3.74,,1013.8777,3.19,46.7864
HD 3765 b,1,Radial Velocity,2021,Published Confirmed,0,1211.0,2.108,,54.98431441,0.173,17.926
HD 38283 b,1,Radial Velocity,2010,Published Confirmed,0,363.20001,1.02,,127.132,0.4,38.0615
HD 38529 b,1,Radial Velocity,2000,Published Confirmed,0,14.3099,0.115,,206.58846455,0.65,42.3538
HD 38529 c,1,Radial Velocity,2000,Published Confirmed,0,2127.60566,3.226,,3299.05886466,10.38,42.3538
HD 38801 b,1,Radial Velocity,2009,Published Confirmed,0,685.25,1.623,,3082.31534,9.698,91.4349
HD 39091 b,1,Radial Velocity,2001,Published Confirmed,0,2088.8,3.28,,4481.3805387,14.1,18.2702
HD 39194 b,1,Radial Velocity,2021,Published Confirmed,0,5.63692,0.05895,,4.62,0.01453615,26.4131
HD 39194 c,1,Radial Velocity,2021,Published Confirmed,0,14.0309,0.1083,,7.49,0.02356618,26.4131
HD 39194 d,1,Radial Velocity,2021,Published Confirmed,0,33.874,0.1949,,5.16,0.01623518,26.4131
HD 39855 b,1,Radial Velocity,2019,Published Confirmed,0,3.2498,0.041,,8.5,0.02674386,23.2599
HD 40307 b,1,Radial Velocity,2009,Published Confirmed,0,4.3123,0.0468,,4.0,0.0126,12.9363
HD 40307 c,1,Radial Velocity,2009,Published Confirmed,0,9.6184,0.0799,,6.6,0.0208,12.9363
HD 40307 d,1,Radial Velocity,2009,Published Confirmed,0,20.432,0.1321,,9.5,0.0299,12.9363
HD 40307 f,1,Radial Velocity,2013,Published Confirmed,0,51.76,0.247,,5.2,0.0164,12.9363
HD 40307 g,1,Radial Velocity,2013,Published Confirmed,1,197.8,0.6,,7.1,0.0223,12.9363
HD 40956 b,1,Radial Velocity,2017,Published Confirmed,0,578.6,1.4,,858.141,2.7,116.593
HD 40979 b,1,Radial Velocity,2002,Published Confirmed,0,264.14999,0.85,,1484.2661,4.67,34.0883
HD 41004 A b,1,Radial Velocity,2004,Published Confirmed,0,963.0,,,807.25,2.54,36.69117
HD 41004 B b,1,Radial Velocity,2003,Published Confirmed,0,1.3283,,,5838.29,18.37,41.5504
HD 4113 b,1,Radial Velocity,2007,Published Confirmed,0,526.5239,1.28,,541.26177712,1.703,41.8727
HD 42012 b,1,Radial Velocity,2017,Published Confirmed,0,857.5,1.67,,508.528,1.6,36.7984
HD 4203 b,1,Radial Velocity,2001,Published Confirmed,0,431.88,1.17,,708.7609,2.23,81.3795
HD 4203 c,1,Radial Velocity,2014,Published Confirmed,0,6700.0,6.95,,689.66,2.17,81.3795
HD 4208 b,1,Radial Velocity,2001,Published Confirmed,0,832.97,1.662,,257.4423,0.81,34.1937
HD 42618 b,1,Radial Velocity,2016,Published Confirmed,0,149.61,0.554,,14.4,0.04530724,24.3358
HD 4308 b,1,Radial Velocity,2005,Published Confirmed,0,15.56,0.12,,15.8915,0.05,22.0158
HD 4313 b,1,Radial Velocity,2009,Published Confirmed,0,356.21,1.157,,612.45841,1.927,136.308
HD 43197 b,1,Radial Velocity,2010,Published Confirmed,0,308.92072,0.882,,175.75910907,0.553,62.4112
HD 43197 c,1,Radial Velocity,2022,Published Confirmed,0,9295.9735,8.54,,2500.67390628,7.868,62.4112
HD 43691 b,1,Radial Velocity,2007,Published Confirmed,0,36.9987,0.238,,810.4665,2.55,85.6009
HD 44219 b,1,Radial Velocity,2010,Published Confirmed,0,472.0,1.26,,184.34047606,0.58,52.9051
HD 45184 b,1,Radial Velocity,2019,Published Confirmed,0,5.8854,0.0644,,12.19,0.0384,21.9532
HD 45184 c,1,Radial Velocity,2019,Published Confirmed,0,13.1354,0.11,,8.81,0.0277,21.9532
HD 45350 b,1,Radial Velocity,2004,Published Confirmed,0,963.6,1.92,,568.89,1.79,46.8733
HD 45364 b,1,Radial Velocity,2008,Published Confirmed,0,225.79,0.6793,,60.16491745,0.1893,34.354
HD 45364 c,1,Radial Velocity,2008,Published Confirmed,0,345.43,0.902,,174.48779544,0.549,34.354
HD 45652 b,1,Radial Velocity,2008,Published Confirmed,0,44.073,0.237,,137.62039,0.433,34.8541
HD 457 b,1,Radial Velocity,2022,Published Confirmed,0,20324.58153,15.369,,8445.3364308,26.572,55.0375
HD 46375 b,1,Radial Velocity,2000,Published Confirmed,0,3.023573,0.0398,,71.8,0.226,29.5529
HD 47186 b,1,Radial Velocity,2008,Published Confirmed,0,4.0845,0.05,,22.2481,0.07,37.4574
HD 47186 c,1,Radial Velocity,2008,Published Confirmed,0,1353.6,2.395,,111.42,0.35061,37.4574
HD 4732 b,1,Radial Velocity,2012,Published Confirmed,0,371.74,1.129,,631.2072163,1.986,54.7841
HD 4732 c,1,Radial Velocity,2012,Published Confirmed,0,3184.2,4.725,,1069.49258955,3.365,54.7841
HD 47366 b,1,Radial Velocity,2016,Published Confirmed,0,360.08,1.207,,661.71874337,2.082,84.3552
HD 47366 c,1,Radial Velocity,2016,Published Confirmed,0,677.53,1.84,,483.73483545,1.522,84.3552
HD 47536 b,1,Radial Velocity,2002,Published Confirmed,0,712.13,1.93,,2330.0,7.32,122.536
HD 4760 b,1,Radial Velocity,2021,Published Confirmed,0,434.0,1.14,,4417.837,13.9,537.873
HD 48265 b,1,Radial Velocity,2008,Published Confirmed,0,778.51,1.814,,484.69075,1.525,90.5446
HD 48265 c,1,Radial Velocity,2026,Published Confirmed,0,10418.0,10.4,,1414.33641115,4.45,90.5446
HD 48948 b,1,Radial Velocity,2024,Published Confirmed,0,7.34013,0.0652,,4.88,0.0153542,16.9043
HD 48948 c,1,Radial Velocity,2024,Published Confirmed,0,38.06,0.1951,,7.27,0.02287398,16.9043
HD 48948 d,1,Radial Velocity,2024,Published Confirmed,0,151.92,0.4894,,10.59,0.03331987,16.9043
HD 4917 b,1,Radial Velocity,2018,Published Confirmed,0,400.5,1.167,,513.29545,1.615,204.277
HD 49674 b,1,Radial Velocity,2002,Published Confirmed,0,4.94737,0.06,,31.783,0.1,43.0399
HD 50499 b,1,Radial Velocity,2005,Published Confirmed,0,2447.1,3.833,,519.96988,1.636,46.2845
HD 50499 c,1,Radial Velocity,2019,Published Confirmed,0,8619.9,9.02,,931.2419,2.93,46.2845
HD 50554 b,1,Radial Velocity,2002,Published Confirmed,0,1293.0,2.353,,1574.464,4.954,31.1664
HD 51608 b,1,Radial Velocity,2019,Published Confirmed,0,14.0726,0.1059,,12.77,0.0402,35.0553
HD 51608 c,1,Radial Velocity,2019,Published Confirmed,0,95.9446,0.3809,,14.31,0.045,35.0553
HD 52265 b,1,Radial Velocity,2000,Published Confirmed,0,119.27,0.52,,384.5743,1.21,29.9803
HD 5278 b,1,Transit,2021,Published Confirmed,0,14.339156,0.1202,2.45,7.8,0.02454154,57.5846
HD 5278 c,1,Radial Velocity,2021,Published Confirmed,0,40.87,0.2416,,18.4,0.05789287,57.5846
HD 5319 b,1,Radial Velocity,2007,Published Confirmed,0,637.1,1.57,,494.54348,1.556,121.405
HD 5319 c,1,Radial Velocity,2014,Published Confirmed,0,872.2,1.93,,334.67499,1.053,121.405
HD 5388 b,1,Radial Velocity,2010,Published Confirmed,1,772.5,1.757,,1017.0509024,3.2,53.0661
HD 55696 b,1,Radial Velocity,2018,Published Confirmed,0,1827.0,3.18,,1230.0021,3.87,77.9693
HD 5583 b,1,Radial Velocity,2016,Published Confirmed,0,139.35,0.53,,1837.0574,5.78,219.216
HD 5608 b,1,Radial Velocity,2012,Published Confirmed,0,768.7,1.79,,371.22357938,1.168,58.1105
HD 564 b,1,Radial Velocity,2014,Published Confirmed,0,492.3,1.2,,104.88,0.33,51.1659
HD 56414 b,1,Transit,2022,Published Confirmed,0,29.04992,0.229,3.71,,,272.217
HD 56957 b,1,Radial Velocity,2022,Published Confirmed,0,5859.08992,6.426,,1880.90851263,5.918,61.4925
HD 5891 b,1,Radial Velocity,2011,Published Confirmed,0,177.11,0.64,,2425.0429,7.63,283.502
HD 59686 A b,1,Radial Velocity,2016,Published Confirmed,0,299.36,1.086,,2199.3836,6.92,89.2721
HD 60292 b,1,Radial Velocity,2020,Published Confirmed,0,495.4,1.5,,2065.895,6.5,315.211
HD 60532 b,1,Radial Velocity,2008,Published Confirmed,0,201.9,0.77,,336.8998,1.06,25.9716
HD 60532 c,1,Radial Velocity,2008,Published Confirmed,0,600.1,1.6,,797.7533,2.51,25.9716
HD 6061 b,1,Transit,2023,Published Confirmed,0,5.2549,0.06,2.42763557,10.0,0.03146352,67.6203
HD 60779 b,1,Transit,2026,Published Confirmed,0,29.986175,0.1922,3.246,14.19,0.04464673,35.4445
HD 60779 c,1,Radial Velocity,2026,Published Confirmed,0,104.79,,,28.3,0.08904176,35.4445
HD 62364 b,1,Radial Velocity,2022,Published Confirmed,0,5138.0,6.15,,5965.63919939,18.77,53.112
HD 62364 c,1,Radial Velocity,2022,Published Confirmed,1,74839.94555,36.984,,7923.46218651,24.93,53.112
HD 62509 b,1,Radial Velocity,2006,Published Confirmed,0,589.64,1.64,,731.0,2.3,
HD 62549 b,1,Radial Velocity,2022,Published Confirmed,0,14306.88519,11.842,,2707.58019923,8.519,49.3305
HD 63433 b,1,Transit,2020,Published Confirmed,0,7.1079475,,2.14,21.755,0.06844888,22.4035
HD 63433 c,1,Transit,2020,Published Confirmed,0,20.5438281,,2.692,15.539,0.04889116,22.4035
HD 63433 d,1,Transit,2023,Published Confirmed,0,4.209075,0.0503,1.073,,,22.4035
HD 63454 b,1,Radial Velocity,2005,Published Confirmed,0,2.81805,0.04,,79.4575,0.25,37.6894
HD 63765 b,1,Radial Velocity,2011,Published Confirmed,0,358.0,0.94,,168.4499,0.53,32.5376
HD 63935 b,1,Transit,2021,Published Confirmed,0,9.058807,0.083,2.91575244,10.5,0.03303669,48.9739
HD 63935 c,1,Radial Velocity,2021,Published Confirmed,0,21.4027,0.148,3.06451296,11.1,0.03492451,48.9739
HD 64114 b,1,Radial Velocity,2019,Published Confirmed,0,45.791,0.246,,17.8,0.05600478,31.5262
HD 64121 b,1,Radial Velocity,2022,Published Confirmed,0,623.0,1.51,,813.64072192,2.56,129.966
HD 6434 b,1,Radial Velocity,2003,Published Confirmed,0,21.998,0.14,,155.7367,0.49,42.358
HD 65216 b,1,Radial Velocity,2003,Published Confirmed,0,577.6,1.301,,411.58985,1.295,35.1205
HD 65216 c,1,Radial Velocity,2013,Published Confirmed,0,5370.0,5.75,,645.1949,2.03,35.1205
HD 66141 b,1,Radial Velocity,2012,Published Confirmed,0,480.5,1.2,,1906.9,6.0,68.1509
HD 66428 b,1,Radial Velocity,2005,Published Confirmed,0,2269.81726,3.395,,3478.94974302,10.946,53.2817
HD 66428 c,1,Radial Velocity,2021,Published Confirmed,0,10478.84437,9.408,,560.64930995,1.764,53.2817
HD 67087 b,1,Radial Velocity,2015,Published Confirmed,0,352.2,1.08,,973.0,3.06,76.5217
HD 67087 c,1,Radial Velocity,2015,Published Confirmed,0,2374.0,3.86,,1540.0,4.85,76.5217
HD 6718 b,1,Radial Velocity,2009,Published Confirmed,1,2476.0,3.53,,762.7881768,2.4,51.3444
HD 68402 b,1,Radial Velocity,2016,Published Confirmed,0,1103.0,2.18,,975.7381,3.07,78.4293
HD 68475 b,1,Radial Velocity,2026,Published Confirmed,0,7832.0,7.27,,1639.99458012,5.16,33.4297
HD 6860 b,1,Radial Velocity,2023,Published Confirmed,0,663.87,2.03,,8981.83078182,28.26,61.12469
HD 68988 b,1,Radial Velocity,2001,Published Confirmed,0,6.27711,0.07,,626.1251,1.97,60.8447
HD 68988 c,1,Radial Velocity,2021,Published Confirmed,0,16000.0,13.2,,4767.426105,15.0,60.8447
HD 69123 b,1,Radial Velocity,2022,Published Confirmed,0,1193.3,2.482,,966.19835728,3.04,75.116
HD 69830 b,1,Radial Velocity,2006,Published Confirmed,0,8.667,0.0785,,10.2,0.0321,12.5591
HD 69830 c,1,Radial Velocity,2006,Published Confirmed,0,31.56,0.186,,11.8,0.0371,12.5591
HD 69830 d,1,Radial Velocity,2006,Published Confirmed,0,197.0,0.63,,18.1,0.057,12.5591
HD 70573 b,1,Radial Velocity,2007,Published Confirmed,0,851.8,1.76,,1900.0,6.1,59.182
HD 70642 b,1,Radial Velocity,2003,Published Confirmed,0,2124.54,3.318,,633.43519,1.993,29.276
HD 7199 b,1,Radial Velocity,2011,Published Confirmed,0,615.0,1.36,,85.8141,0.27,36.1531
HD 72490 b,1,Radial Velocity,2018,Published Confirmed,0,858.0,1.88,,561.92344,1.768,126.339
HD 72659 b,1,Radial Velocity,2002,Published Confirmed,0,3549.0,4.607,,906.12878836,2.851,51.8949
HD 72659 c,1,Radial Velocity,2022,Published Confirmed,0,35500.0,21.5,,6165.8710958,19.4,51.8949
HD 72892 b,1,Radial Velocity,2016,Published Confirmed,0,39.44603,0.228,,1737.88572948,5.468,69.7311
HD 73256 c,1,Radial Velocity,2023,Published Confirmed,0,2690.0,3.8,,5085.254512,16.0,36.708
HD 73267 b,1,Radial Velocity,2008,Published Confirmed,0,1257.99159,2.229,,1321.53051631,4.158,50.4093
HD 73267 c,1,Radial Velocity,2022,Published Confirmed,0,17071.78045,12.688,,1630.77755632,5.131,50.4093
HD 73344 b,1,Transit,2024,Published Confirmed,0,15.611,0.131,2.884,10.48,0.03297377,35.26
HD 73344 c,1,Radial Velocity,2025,Published Confirmed,0,65.94,0.3388,,118.54999581,0.373,35.26
HD 73344 d,1,Radial Velocity,2025,Published Confirmed,0,5823.0,6.7,,810.46243785,2.55,35.26
HD 73526 b,1,Radial Velocity,2002,Published Confirmed,1,188.3,0.65,,978.9164,3.08,97.2396
HD 73526 c,1,Radial Velocity,2005,Published Confirmed,0,379.1,1.03,,715.09,2.25,97.2396
HD 73534 b,1,Radial Velocity,2008,Published Confirmed,0,1750.0,2.99,,353.42696,1.112,83.3321
HD 73583 b,1,Transit,2022,Published Confirmed,0,6.398042,0.0604,2.79,10.2,0.03209279,31.5666
HD 73583 c,1,Transit,2022,Published Confirmed,0,18.87974,0.1242,2.39,9.7,0.03051961,31.5666
HD 74156 b,1,Radial Velocity,2003,Published Confirmed,0,51.63564,0.28,,532.36258173,1.675,57.603
HD 74156 c,1,Radial Velocity,2003,Published Confirmed,0,2448.48726,3.678,,2753.98314665,8.665,57.603
HD 7449 b,1,Radial Velocity,2011,Published Confirmed,0,1270.55195,2.438,,2597.92939882,8.174,38.662
HD 74698 b,1,Radial Velocity,2023,Published Confirmed,0,15.017,0.121,,23.0,0.07,52.0648
HD 74698 c,1,Radial Velocity,2023,Published Confirmed,0,3449.0,4.5,,126.0,0.4,52.0648
HD 75289 b,1,Radial Velocity,1999,Published Confirmed,0,3.50927,0.05,,155.7367,0.49,29.1158
HD 75302 b,1,Radial Velocity,2023,Published Confirmed,0,4356.0,5.3,,1716.2733978,5.4,30.3288
HD 75784 b,1,Radial Velocity,2014,Published Confirmed,0,341.2,1.032,,317.83,1.0,85.4321
HD 75784 c,1,Radial Velocity,2018,Published Confirmed,0,7900.0,8.4,,1792.5612,5.64,85.4321
HD 75898 b,1,Radial Velocity,2007,Published Confirmed,0,422.82,1.2025,,810.46243785,2.55,78.0505
HD 75898 c,1,Radial Velocity,2024,Published Confirmed,0,6717.0,7.39,,2698.36317543,8.49,78.0505
HD 76700 b,1,Radial Velocity,2002,Published Confirmed,0,3.97097,0.05,,66.7443,0.21,60.8831
HD 76920 b,1,Radial Velocity,2017,Published Confirmed,0,415.891,1.091,,994.80291391,3.13,184.031
HD 77338 b,1,Radial Velocity,2012,Published Confirmed,0,5.7361,0.06,,19.0698,0.06,45.935
HD 77946 b,1,Transit,2024,Published Confirmed,0,6.527363,0.073,2.89646124,10.9,0.03429524,99.451
HD 79181 b,1,Radial Velocity,2021,Published Confirmed,0,273.1,0.9,,203.41018048,0.64,103.335
HD 7924 b,1,Radial Velocity,2008,Published Confirmed,0,5.39792,0.06,,6.3566,0.02,16.9922
HD 7924 c,1,Radial Velocity,2015,Published Confirmed,0,15.299,0.1134,,7.86,0.0247302,16.9922
HD 7924 d,1,Radial Velocity,2015,Published Confirmed,0,24.451,0.1551,,6.44,0.0202624,16.9922
HD 79498 b,1,Radial Velocity,2011,Published Confirmed,0,1807.0,2.98,,425.8922,1.34,48.9489
HD 80606 b,1,Radial Velocity,2001,Published Confirmed,0,111.436765,0.4603,11.56766808,1323.46926959,4.1641,66.4711
HD 80653 b,1,Transit,2020,Published Confirmed,0,0.71957926,0.01657,1.621,5.61,0.01765103,109.86
HD 80869 b,1,Radial Velocity,2021,Published Confirmed,0,1752.92067,2.905,,1609.80088146,5.065,85.3951
HD 80883 b,1,Radial Velocity,2022,Published Confirmed,0,6383.78352,6.462,,1748.0562385,5.5,34.6011
HD 80913 b,1,Radial Velocity,2022,Published Confirmed,0,10839.83341,9.95,,7505.2000029,23.614,61.3603
HD 81040 b,1,Radial Velocity,2005,Published Confirmed,0,1002.7,1.946,,2301.07766668,7.24,34.4341
HD 81688 b,1,Radial Velocity,2007,Published Confirmed,0,183.93,0.648,,525.68818518,1.654,85.7183
HD 81817 b,1,Radial Velocity,2020,Published Confirmed,0,1021.20159,3.233,,7668.5638041,24.128,269.126
HD 81817 c,1,Radial Velocity,2022,Published Confirmed,0,622.97802,2.325,,7185.78245386,22.609,269.126
HD 82886 b,1,Radial Velocity,2011,Published Confirmed,0,705.0,1.58,,740.5439,2.33,127.061
HD 82943 b,1,Radial Velocity,2003,Published Confirmed,0,441.47,1.18306,,534.25,1.681,27.5902
HD 82943 c,1,Radial Velocity,2003,Published Confirmed,0,220.078,0.74345,,622.603,1.959,27.5902
HD 8326 b,1,Radial Velocity,2019,Published Confirmed,0,158.991,0.533,,66.6,0.20954598,30.6862
HD 83443 b,1,Radial Velocity,2002,Published Confirmed,0,2.985628,0.0406,,127.76701961,0.402,40.8991
HD 83443 c,1,Radial Velocity,2022,Published Confirmed,0,8241.0,8.0,,476.7426105,1.5,40.8991
HD 8535 b,1,Radial Velocity,2010,Published Confirmed,0,1313.0,2.45,,216.1244,0.68,55.4401
HD 85390 b,1,Radial Velocity,2011,Published Confirmed,0,799.52,1.373,,31.46517,0.099,33.5225
HD 85426 c,1,Radial Velocity,2026,Published Confirmed,0,35.73,,,10.3,0.03240742,53.974
HD 8574 b,1,Radial Velocity,2002,Published Confirmed,0,227.0,0.76,,645.1949,2.03,44.8264
HD 86065 b,1,Radial Velocity,2022,Published Confirmed,0,25775.78859,15.947,,2877.30056857,9.053,40.3661
HD 86081 b,1,Radial Velocity,2006,Published Confirmed,0,2.1378431,0.0346,,470.3884,1.48,103.936
HD 86226 b,1,Radial Velocity,2009,Published Confirmed,0,1628.0,2.73,,143.0235,0.45,45.683
HD 86226 c,1,Transit,2020,Published Confirmed,0,3.98442,0.049,2.16,7.25,0.02281094,45.683
HD 86264 b,1,Radial Velocity,2009,Published Confirmed,0,1488.79123,2.763,,3117.26101586,9.808,67.8107
HD 86728 b,1,Radial Velocity,2025,Published Confirmed,0,31.1515,0.1916,,9.43,0.0296701,14.9202
HD 8673 b,1,Radial Velocity,2009,Published Confirmed,0,1644.69097,2.97,,4210.59073594,13.248,37.8619
HD 86950 b,1,Radial Velocity,2016,Published Confirmed,0,1270.0,2.72,,1144.188,3.6,209.839
HD 87646 b,1,Radial Velocity,2016,Published Confirmed,0,13.481,0.117,,3941.092,12.4,73.58352
HD 87816 b,1,Radial Velocity,2025,Published Confirmed,0,484.17,1.618,,2142.16346318,6.74,133.233
HD 87816 c,1,Radial Velocity,2025,Published Confirmed,0,7596.0,10.14,,3877.5065654,12.2,133.233
HD 87883 b,1,Radial Velocity,2009,Published Confirmed,0,3006.0,3.77,,2005.49724817,6.31,18.2912
HD 88072 b,1,Radial Velocity,2022,Published Confirmed,0,18538.79293,13.895,,2511.79790052,7.903,35.9098
HD 88133 b,1,Radial Velocity,2004,Published Confirmed,0,3.414884,0.0479,,90.422635,0.2845,73.6123
HD 88986 b,1,Radial Velocity,2023,Published Confirmed,0,146.05,0.58,2.49,17.2,0.05411725,33.2673
HD 89307 b,1,Radial Velocity,2009,Published Confirmed,0,2166.0,3.27,,670.6213,2.11,32.0104
HD 89345 b,1,Transit,2018,Published Confirmed,0,11.8143,0.1066,7.39794,34.9613,0.11,132.345
HD 89744 b,1,Radial Velocity,1999,Published Confirmed,0,256.78,0.917,,2653.8805,8.35,38.6364
HD 89839 b,1,Radial Velocity,2023,Published Confirmed,0,3391.2,4.713,,1196.9,3.76586854,57.3063
HD 90156 b,1,Radial Velocity,2011,Published Confirmed,0,49.77,0.25,,17.98,0.057,21.9496
HD 9174 b,1,Radial Velocity,2016,Published Confirmed,0,1179.0,2.2,,352.7913,1.11,81.4893
HD 92788 b,1,Radial Velocity,2000,Published Confirmed,0,325.803,0.97,,1195.0408,3.76,34.6538
HD 92788 c,1,Radial Velocity,2019,Published Confirmed,0,11611.2975,10.5,,1166.4361,3.67,34.6538
HD 93083 b,1,Radial Velocity,2005,Published Confirmed,0,144.72,0.508,,143.34061156,0.451,28.5159
HD 93351 b,1,Radial Velocity,2022,Published Confirmed,0,2.45946,0.035,,3.49611248,0.011,56.163
HD 93351 c,1,Radial Velocity,2022,Published Confirmed,0,14010.2941,11.154,,4154.01727949,13.07,56.163
HD 93385 b,1,Radial Velocity,2021,Published Confirmed,0,7.3426,0.0756,,4.2,0.01321468,43.3475
HD 93385 c,1,Radial Velocity,2021,Published Confirmed,0,13.18,0.112,,7.1,0.0223391,43.3475
HD 93385 d,1,Radial Velocity,2021,Published Confirmed,0,45.85,0.2565,,8.7,0.02737326,43.3475
HD 93963 A b,1,Transit,2022,Published Confirmed,0,1.0376109,0.02061,1.46954368,2.8,0.00880979,82.3432
HD 93963 A c,1,Transit,2022,Published Confirmed,0,3.6451389,0.04726,3.11976057,18.4,0.05789287,82.3432
HD 9446 b,1,Radial Velocity,2009,Published Confirmed,0,30.052,0.189,,222.472,0.7,50.3503
HD 9446 c,1,Radial Velocity,2009,Published Confirmed,0,192.9,0.654,,578.426,1.82,50.3503
HD 94771 b,1,Radial Velocity,2023,Published Confirmed,0,2164.0,3.48,,169.0,0.53,57.7807
HD 94834 b,1,Radial Velocity,2018,Published Confirmed,0,1576.0,2.74,,400.4658,1.26,98.1609
HD 94890 b,1,Radial Velocity,2025,Published Confirmed,0,824.61,2.07,,676.97450691,2.13,61.7012
HD 94890 c,1,Radial Velocity,2025,Published Confirmed,0,2492.19,4.33,,2831.85110637,8.91,61.7012
HD 95086 b,1,Imaging,2013,Published Confirmed,0,,55.7,,1589.0,5.0,86.2279
HD 95089 b,1,Radial Velocity,2009,Published Confirmed,0,464.4,1.36,,400.4658,1.26,136.957
HD 95089 c,1,Radial Velocity,2016,Published Confirmed,0,1785.0,3.33,,1096.5135,3.45,136.957
HD 95127 b,1,Radial Velocity,2015,Published Confirmed,0,482.0,1.28,,3378.5329,10.63,676.579
HD 95338 b,1,Radial Velocity,2020,Published Confirmed,0,55.082694,,4.27174254,,,36.9941
HD 95544 b,1,Radial Velocity,2021,Published Confirmed,0,2041.54152,3.166,,1913.64483855,6.021,87.8049
HD 95735 c,1,Radial Velocity,2021,Published Confirmed,0,2946.0,2.94,,13.6,0.04279039,5.675773
HD 95872 b,1,Radial Velocity,2015,Published Confirmed,0,4375.0,5.15,,1188.6842,3.74,72.2195
HD 96063 b,1,Radial Velocity,2011,Published Confirmed,0,362.5,1.11,,403.6441,1.27,140.065
HD 96127 b,1,Radial Velocity,2011,Published Confirmed,0,638.9,1.41,,1207.7479466,3.8,587.659
HD 96167 b,1,Radial Velocity,2009,Published Confirmed,0,498.04,1.332,,227.88411,0.717,85.3006
HD 96700 b,1,Radial Velocity,2021,Published Confirmed,0,8.1245,0.0777,,8.9,0.02800253,25.4111
HD 96700 c,1,Radial Velocity,2021,Published Confirmed,0,19.88,0.141,,3.5,0.01101223,25.4111
HD 96700 d,1,Radial Velocity,2021,Published Confirmed,0,103.5,0.424,,12.7,0.03995867,25.4111
HD 96992 b,1,Radial Velocity,2021,Published Confirmed,0,514.0,1.24,,362.3262,1.14,396.082
HD 97037 b,1,Radial Velocity,2022,Published Confirmed,0,6449.08337,6.925,,6707.76852973,21.105,32.413
HD 97048 b,1,Disk Kinematics,2019,Published Confirmed,0,,130.0,,794.575,2.5,183.857
HD 97658 b,1,Radial Velocity,2010,Published Confirmed,0,9.4897116,,2.12,8.3,0.02611472,21.5618
HD 98219 b,1,Radial Velocity,2011,Published Confirmed,0,433.8,1.26,,624.21812,1.964,113.704
HD 98649 b,1,Radial Velocity,2012,Published Confirmed,0,5384.0,5.97,,3082.9355479,9.7,42.1727
HD 98736 b,1,Radial Velocity,2018,Published Confirmed,0,968.8,1.864,,740.5439,2.33,32.4459
HD 99109 b,1,Radial Velocity,2005,Published Confirmed,0,439.29999,1.11,,139.8452,0.44,54.7901
HD 99283 b,1,Radial Velocity,2021,Published Confirmed,0,310.4,1.08,,308.29355479,0.97,111.093
HD 99492 b,1,Radial Velocity,2004,Published Confirmed,0,17.0503,,,25.5,0.08023197,18.2038
HD 99492 c,1,Radial Velocity,2023,Published Confirmed,0,95.233,,,17.9,0.0563197,18.2038
HD 99706 b,1,Radial Velocity,2011,Published Confirmed,0,841.0,1.98,,390.9309,1.23,146.6
HD 99706 c,1,Radial Velocity,2016,Published Confirmed,0,1278.0,,,1808.4527,5.69,146.6
HIP 10090 b,1,Radial Velocity,2026,Published Confirmed,0,2960.0,3.87,,1229.99593509,3.87,82.3937
HIP 10090 c,1,Radial Velocity,2026,Published Confirmed,0,321.82,0.9,,270.15414595,0.85,82.3937
HIP 105854 b,1,Radial Velocity,2014,Published Confirmed,0,184.2,0.81,,2606.1,8.2,78.6381
HIP 107772 b,1,Radial Velocity,2020,Published Confirmed,0,55.199,0.243,,12.9,0.04058774,23.6434
HIP 107773 b,1,Radial Velocity,2015,Published Confirmed,0,144.3,0.72,,629.3034,1.98,105.18
HIP 109384 b,1,Radial Velocity,2016,Published Confirmed,0,499.48,1.134,,495.8148,1.56,58.9582
HIP 109600 b,1,Radial Velocity,2016,Published Confirmed,0,232.08,0.706,,851.7844,2.68,66.3361
HIP 111909 b,1,Radial Velocity,2025,Published Confirmed,0,487.08,1.32,,384.57237247,1.21,88.077
HIP 111909 c,1,Radial Velocity,2025,Published Confirmed,0,893.63,1.97,,257.44100967,0.81,88.077
HIP 113103 b,1,Transit,2023,Published Confirmed,0,7.610303,0.06899,1.829,,,46.2122
HIP 113103 c,1,Transit,2023,Published Confirmed,0,14.245648,0.10479,2.4,,,46.2122
HIP 114933 b,1,Radial Velocity,2021,Published Confirmed,0,1481.6,2.84,,616.58710958,1.94,101.766
HIP 116454 b,1,Transit,2014,Published Confirmed,0,9.1004157,0.0792,2.469,9.7,0.03051961,62.4491
HIP 12961 b,1,Radial Velocity,2010,Published Confirmed,0,57.435,0.25,,114.4188,0.36,23.371
HIP 14810 b,1,Radial Velocity,2005,Published Confirmed,0,6.673892,0.0696,,1239.537,3.9,50.48
HIP 14810 c,1,Radial Velocity,2006,Published Confirmed,0,147.747,0.549,,416.3573,1.31,50.48
HIP 14810 d,1,Radial Velocity,2009,Published Confirmed,0,981.8,1.94,,187.5197,0.59,50.48
HIP 18606 b,1,Radial Velocity,2025,Published Confirmed,0,674.94,1.61,,244.72787339,0.77,47.0288
HIP 19976 b,1,Radial Velocity,2022,Published Confirmed,0,50.65905,0.234,,21.61233168,0.068,40.2707
HIP 21152 b,1,Imaging,2022,Published Confirmed,0,22000.0,17.0,,7627.881768,24.0,43.4073
HIP 29442 c,1,Radial Velocity,2023,Published Confirmed,0,3.5379559,0.04518,1.551,4.5,0.01415858,68.192
HIP 29442 d,1,Radial Velocity,2023,Published Confirmed,0,6.429575,0.0673,1.538,5.14,0.01617225,68.192
HIP 34222 b,1,Radial Velocity,2021,Published Confirmed,0,159.986,0.492,,263.79757781,0.83,22.8386
HIP 35173 b,1,Radial Velocity,2019,Published Confirmed,0,41.516,0.217,,12.7,0.03995847,33.1562
HIP 35965 b,1,Radial Velocity,2022,Published Confirmed,0,26125.56497,15.898,,2589.98368864,8.149,50.1677
HIP 38594 b,1,Radial Velocity,2020,Published Confirmed,0,60.722,0.256,,8.1,0.02548532,17.7886
HIP 38594 c,1,Radial Velocity,2020,Published Confirmed,0,3477.768,3.805,,48.4,0.15228267,17.7886
HIP 39017 b,1,Imaging,2024,Published Confirmed,0,31000.0,22.1,,7500.7504052,23.6,66.3217
HIP 39330 b,1,Radial Velocity,2026,Published Confirmed,0,4650.0,5.05,,530.77343969,1.67,36.3958
HIP 41378 b,1,Transit,2016,Published Confirmed,0,15.57209,,2.64,6.9,0.02170983,106.289
HIP 41378 c,1,Transit,2016,Published Confirmed,0,31.70591,,2.74,5.97,0.01878372,106.289
HIP 41378 d,1,Transit,2016,Published Confirmed,0,278.3618,,3.65,6.53,0.02054568,106.289
HIP 41378 e,1,Transit,2016,Published Confirmed,0,393.0,,5.19,7.62,0.0239752,106.289
HIP 41378 f,1,Transit,2016,Published Confirmed,0,542.0797,,9.47,25.0,0.0786588,106.289
HIP 41378 g,1,Radial Velocity,2025,Published Confirmed,0,63.19,,,5.75,0.01809152,106.289
HIP 4845 b,1,Radial Velocity,2020,Published Confirmed,0,34.15,0.176,,14.4,0.04530724,21.0974
HIP 48714 b,1,Radial Velocity,2020,Published Confirmed,0,17.818,0.112,,22.9,0.0720511,10.5298
HIP 5158 b,1,Radial Velocity,2009,Published Confirmed,0,345.72,0.89,,451.0,1.42,51.6026
HIP 5158 c,1,Radial Velocity,2011,Published Confirmed,0,9017.76,7.7,,4780.1632,15.04,51.6026
HIP 54373 b,1,Radial Velocity,2019,Published Confirmed,0,7.76,0.063,,8.62,0.02712142,18.7168
HIP 54373 c,1,Radial Velocity,2019,Published Confirmed,0,15.144,0.099,,12.44,0.03914042,18.7168
HIP 54515 b,1,Imaging,2026,Published Confirmed,0,33000.0,24.8,,5625.5628039,17.7,82.8101
HIP 54597 b,1,Radial Velocity,2023,Published Confirmed,0,3274.0,4.0,,762.7881768,2.4,39.7429
HIP 55507 b,1,Radial Velocity,2022,Published Confirmed,0,5138.43727,5.062,,2585.53409095,8.135,25.4893
HIP 56640 b,1,Radial Velocity,2021,Published Confirmed,0,2675.57603,4.55,,2151.69831539,6.77,122.324
HIP 57274 b,1,Radial Velocity,2011,Published Confirmed,0,8.1352,0.07,,6.3566,0.02,25.8618
HIP 57274 c,1,Radial Velocity,2011,Published Confirmed,0,32.03,0.178,,130.0,0.40902369,25.8618
HIP 57274 d,1,Radial Velocity,2011,Published Confirmed,0,431.7,1.01,,167.4,0.5267,25.8618
HIP 5763 b,1,Radial Velocity,2021,Published Confirmed,0,30.014,0.17,,162.09248757,0.51,31.9043
HIP 63242 b,1,Radial Velocity,2013,Published Confirmed,0,124.6,0.565,,2917.56,9.18,156.456
HIP 65 A b,1,Transit,2020,Published Confirmed,0,0.9809734,0.01782,22.75427,1021.18779,3.213,61.7856
HIP 65407 b,1,Radial Velocity,2016,Published Confirmed,0,28.125,0.177,,136.03124,0.428,61.7804
HIP 65407 c,1,Radial Velocity,2016,Published Confirmed,0,67.3,0.316,,249.17872,0.784,61.7804
HIP 65426 b,1,Imaging,2017,Published Confirmed,0,,92.0,16.8135,2860.47,9.0,108.875
HIP 65891 b,1,Radial Velocity,2015,Published Confirmed,1,1089.6,2.82,,1938.7532827,6.1,150.292
HIP 66074 b,1,Astrometry,2023,Published Confirmed,0,310.9,0.799,,1589.142035,5.0,35.4438
HIP 67522 b,1,Transit,2020,Published Confirmed,0,6.9594731,0.0748,9.9872018,,,127.28
HIP 67522 c,1,Transit,2024,Published Confirmed,0,14.334892,0.1228,7.93595834,,,127.28
HIP 67537 b,1,Radial Velocity,2017,Published Confirmed,0,2523.64713,4.807,,4309.11754211,13.558,116.046
HIP 67851 b,1,Radial Velocity,2015,Published Confirmed,0,89.23,0.42,,365.50266805,1.15,64.1181
HIP 67851 c,1,Radial Velocity,2015,Published Confirmed,0,3128.41,4.55,,1579.60718279,4.97,64.1181
HIP 70849 b,1,Radial Velocity,2011,Published Confirmed,0,3649.0,3.99,,1430.2278315,4.5,24.0572
HIP 71135 b,1,Radial Velocity,2019,Published Confirmed,0,87.19,0.335,,18.8,0.05915112,32.3311
HIP 74890 b,1,Radial Velocity,2016,Published Confirmed,0,822.3,2.1,,762.792,2.4,78.6562
HIP 75092 b,1,Radial Velocity,2021,Published Confirmed,0,926.4,2.02,,568.91284853,1.79,81.6696
HIP 77900 b,1,Imaging,2024,Published Confirmed,0,,3319.0,,6674.396547,21.0,150.862
HIP 78530 b,1,Imaging,2010,Published Confirmed,0,,740.0,,7300.0,23.0,136.759
HIP 79098 AB b,1,Imaging,2019,Published Confirmed,0,,345.0,,6515.515,20.5,145.798
HIP 79431 b,1,Radial Velocity,2009,Published Confirmed,0,111.7,0.36,,667.415,2.1,14.5324
HIP 81208 C b,1,Imaging,2023,Published Confirmed,0,104100.0,23.04,,4703.8604236,14.8,147.533
HIP 8152 b,1,Transit,2023,Published Confirmed,0,10.751014,0.093,2.53625843,8.9,0.02800253,101.694
HIP 8152 c,1,Transit,2023,Published Confirmed,0,19.60562,0.139,2.52442508,10.7,0.03366596,101.694
HIP 8541 b,1,Radial Velocity,2016,Published Confirmed,0,1852.14387,3.729,,2451.7283316,7.714,155.121
HIP 86221 b,1,Radial Velocity,2021,Published Confirmed,0,2.224,0.031,,225.65816897,0.71,29.4898
HIP 8923 b,1,Radial Velocity,2026,Published Confirmed,0,5160.0,5.9,,3171.92750186,9.98,65.9957
HIP 90988 b,1,Radial Velocity,2021,Published Confirmed,1,455.73816,1.36,,668.07531151,2.102,94.0349
HIP 91258 b,1,Radial Velocity,2013,Published Confirmed,0,5.0505,0.06,,346.4347,1.09,45.8846
HIP 94235 b,1,Transit,2022,Published Confirmed,0,7.713057,0.0787,3.0,379.0,1.19246736,58.5146
HIP 948 b,1,Radial Velocity,2022,Published Confirmed,0,24955.45756,15.037,,6547.2651842,20.6,34.8523
HIP 9618 b,1,Transit,2023,Published Confirmed,0,20.772858,0.145,3.82838127,8.3,0.02611472,67.5478
HIP 9618 c,1,Transit,2023,Published Confirmed,0,52.56363,0.269,3.42855926,7.0,0.02202446,67.5478
HIP 97166 b,1,Transit,2021,Published Confirmed,0,10.288914,0.091,2.4801338,19.1,0.06009532,65.9501
HIP 97166 c,1,Radial Velocity,2021,Published Confirmed,0,16.432,0.124,,8.0,0.02517081,65.9501
HIP 97233 b,1,Radial Velocity,2014,Published Confirmed,0,1062.26506,2.491,,6098.17364511,19.187,102.275
HIP 98599 b,1,Radial Velocity,2026,Published Confirmed,0,2656.0,3.96,,2177.12458795,6.85,75.9428
HIP 99770 b,1,Imaging,2023,Published Confirmed,0,,15.8,,5403.082919,17.0,40.0765
HN Lib b,1,Radial Velocity,2023,Published Confirmed,0,36.116,0.1417,,5.46,0.01717908,6.24442
HN Peg b,1,Imaging,2006,Published Confirmed,0,,773.0,11.7768,6991.57,21.9987,18.1186
HR 2562 b,1,Imaging,2016,Published Confirmed,0,,22.2,,6992.224954,22.0,34.0071
HR 5183 b,1,Radial Velocity,2019,Published Confirmed,0,27000.0,18.0,,1026.5909,3.23,31.4607
HR 810 b,1,Radial Velocity,1999,Published Confirmed,0,302.79999,0.92,,721.4741,2.27,17.3181
HR 858 b,1,Transit,2019,Published Confirmed,0,3.585287,0.04888,2.004,3.55,0.01116955,31.964
HR 858 c,1,Transit,2019,Published Confirmed,0,5.973865,0.0687,1.979,3.8,0.01195614,31.964
HR 858 d,1,Transit,2019,Published Confirmed,0,11.230511,0.1046,2.001,7.1,0.0223391,31.964
HR 8799 b,1,Imaging,2008,Published Confirmed,0,170000.0,68.0,13.0,2000.0,7.0,41.2441
HR 8799 c,1,Imaging,2008,Published Confirmed,0,69000.0,38.0,13.0,3000.0,10.0,41.2441
HR 8799 d,1,Imaging,2008,Published Confirmed,0,37000.0,24.0,13.0,3000.0,10.0,41.2441
HR 8799 e,1,Imaging,2010,Published Confirmed,0,,16.4,13.11453,3178.3,10.0,41.2441
HS Psc b,1,Radial Velocity,2024,Published Confirmed,0,3.986,0.0435,,464.02947422,1.46,37.6604
HU Aqr AB b,1,Eclipse Timing Variations,2011,Published Confirmed,1,2390.0,3.6,,1875.197,5.9,
HU Aqr AB c,1,Eclipse Timing Variations,2011,Published Confirmed,1,4368.0,5.4,,1430.235,4.5,
IC 4651 9122 b,1,Radial Velocity,2018,Published Confirmed,1,734.0,2.038,,2002.329,6.3,859.324
IRAS 04125+2902 b,1,Transit,2024,Published Confirmed,0,8.834978,0.077,10.73820351,,,159.244
ITG 15 b,1,Imaging,2024,Published Confirmed,0,,435.0,,6674.396547,21.0,136.37
K2-10 b,1,Transit,2015,Published Confirmed,0,19.30553,,3.773,25.2,0.07928807,272.36
K2-100 b,1,Transit,2016,Published Confirmed,0,1.6739035,0.0301,3.88,21.8,0.06859047,188.959
K2-101 b,1,Transit,2016,Published Confirmed,0,14.6762429,0.1124,2.0,,,188.33
K2-102 b,1,Transit,2016,Published Confirmed,0,9.915615,,1.3,,,188.175
K2-104 b,1,Transit,2016,Published Confirmed,0,1.9741954,0.0242,1.79,,,189.289
K2-105 b,1,Transit,2017,Published Confirmed,0,8.26726,,3.4,15.4,0.04845382,197.989
K2-107 b,1,Transit,2017,Published Confirmed,0,3.313959,0.0475,15.98,,,685.2
K2-108 b,1,Transit,2017,Published Confirmed,0,4.733999,0.0581,5.33,,,477.295
K2-11 b,1,Transit,2015,Published Confirmed,0,39.93767,0.2257,7.55,,,329.309
K2-110 b,1,Transit,2017,Published Confirmed,0,13.86375,0.10207,2.592,15.9,0.05002699,116.474
K2-111 b,1,Transit,2017,Published Confirmed,0,5.3518963,0.0565,1.837,5.35,0.01683298,200.394
K2-111 c,1,Radial Velocity,2020,Published Confirmed,0,15.6748,0.11565,,11.1,0.03492451,200.394
K2-113 b,1,Transit,2017,Published Confirmed,0,5.817685,0.0642,12.14,,,635.722
K2-114 b,1,Transit,2017,Published Confirmed,0,11.390931,0.0944,10.59248676,638.83509807,2.01,475.758
K2-115 b,1,Transit,2017,Published Confirmed,0,20.2729914,0.1415,11.80305668,321.00669107,1.01,413.591
K2-116 b,1,Transit,2017,Published Confirmed,0,4.655411,0.048,0.69,,,49.3855
K2-117 b,1,Transit,2017,Published Confirmed,0,1.2916,0.0189,2.03,,,101.632
K2-117 c,1,Transit,2017,Published Confirmed,0,5.444017,0.0492,2.06,,,101.632
K2-118 b,1,Transit,2017,Published Confirmed,0,50.92092,0.245,2.54,,,321.722
K2-119 b,1,Transit,2017,Published Confirmed,0,7.727283,0.0698,2.53,,,365.581
K2-12 b,1,Transit,2015,Published Confirmed,0,8.28246,0.0792,2.44,5.2,0.01636103,326.381
K2-121 b,1,Transit,2017,Published Confirmed,0,5.185738,,7.16,51.0,0.16046394,169.398
K2-122 b,1,Transit,2017,Published Confirmed,0,2.2193023,0.0373,1.16,,,72.0444
K2-123 b,1,Transit,2017,Published Confirmed,0,30.951524,0.1649,2.76,,,161.555
K2-124 b,1,Transit,2017,Published Confirmed,0,6.413651,0.049,2.9,,,140.385
K2-125 b,1,Transit,2017,Published Confirmed,0,21.750264,0.121,2.18,,,124.156
K2-126 b,1,Transit,2017,Published Confirmed,0,7.385655,0.0656,1.97,,,102.953
K2-127 b,1,Transit,2017,Published Confirmed,0,3.588163,0.0411,8.37,,,709.999
K2-128 b,1,Transit,2017,Published Confirmed,0,5.675819,0.056,1.42,,,114.637
K2-129 b,1,Transit,2017,Published Confirmed,0,8.239493,0.057,1.04,,,27.7957
K2-13 b,1,Transit,2015,Published Confirmed,0,39.91488,0.2114,1.89,,,342.394
K2-130 b,1,Transit,2017,Published Confirmed,0,2.49412,0.032,1.25,,,118.011
K2-131 b,1,Transit,2017,Published Confirmed,0,0.3693038,0.00936,1.69,7.9,0.02485618,152.509
K2-132 b,1,Transit,2017,Published Confirmed,0,9.1751,,14.5717,155.7367,0.49,609.818
K2-133 b,1,Transit,2017,Published Confirmed,0,3.07133,0.03194,1.34,,,75.1703
K2-133 c,1,Transit,2017,Published Confirmed,0,4.86784,0.04341,1.603,,,75.1703
K2-133 d,1,Transit,2017,Published Confirmed,0,11.02454,0.07487,2.003,,,75.1703
K2-133 e,1,Transit,2019,Published Confirmed,0,26.5841,0.1346,1.73,,,75.1703
K2-136 b,1,Transit,2017,Published Confirmed,0,7.97525,0.0707,1.014,4.3,0.01352931,59.2474
K2-136 c,1,Transit,2017,Published Confirmed,0,17.30723,0.1185,3.0,18.1,0.05694897,59.2474
K2-136 d,1,Transit,2017,Published Confirmed,0,25.575,0.1538,1.565,3.0,0.00943906,59.2474
K2-137 b,1,Transit,2017,Published Confirmed,0,0.179719,,0.64,,,98.8765
K2-138 b,1,Transit,2017,Published Confirmed,0,2.35309,0.03385,1.51,3.1,0.00975364,202.585
K2-138 c,1,Transit,2017,Published Confirmed,0,3.56004,0.04461,2.299,6.31,0.01985338,202.585
K2-138 d,1,Transit,2017,Published Confirmed,0,5.40479,0.05893,2.39,7.92,0.02491898,202.585
K2-138 e,1,Transit,2017,Published Confirmed,0,8.26146,0.0782,3.39,12.97,0.04080798,202.585
K2-138 f,1,Transit,2017,Published Confirmed,0,12.75758,0.10447,2.904,1.63,0.00512853,202.585
K2-138 g,1,Transit,2021,Published Confirmed,0,41.96797,0.23109,3.013,4.32,0.01359217,202.585
K2-139 b,1,Transit,2017,Published Confirmed,0,28.380619,0.1796,9.11,,,153.856
K2-14 b,1,Transit,2015,Published Confirmed,0,8.36802,0.0627,4.81,,,364.048
K2-140 b,1,Transit,2017,Published Confirmed,0,6.569188,0.068,13.56286665,295.58041851,0.93,347.917
K2-141 b,1,Transit,2018,Published Confirmed,0,0.2803244,0.00747,1.51,4.97,0.01563737,61.8736
K2-141 c,1,Transit,2018,Published Confirmed,0,7.7485,0.0683,7.0,8.0,0.02517081,61.8736
K2-146 b,1,Transit,2018,Published Confirmed,0,2.6446,,2.05,5.77,0.01816,79.3002
K2-146 c,1,Transit,2019,Published Confirmed,0,4.00498,,2.19,7.49,0.02358,79.3002
K2-147 b,1,Transit,2018,Published Confirmed,0,0.961939,0.01575,1.47286006,,,90.5494
K2-148 b,1,Transit,2018,Published Confirmed,0,4.38395,0.0454,1.33,,,124.458
K2-148 c,1,Transit,2018,Published Confirmed,0,6.9226,0.0616,1.73,,,124.458
K2-148 d,1,Transit,2018,Published Confirmed,0,9.7579,0.0774,1.64,,,124.458
K2-149 b,1,Transit,2018,Published Confirmed,0,11.332,0.083,1.64,,,123.676
K2-15 b,1,Transit,2015,Published Confirmed,0,11.8104,0.091,2.48,,,493.992
K2-150 b,1,Transit,2018,Published Confirmed,0,10.59357,0.0727,2.0,,,102.483
K2-151 b,1,Transit,2018,Published Confirmed,0,3.835476,0.0373,1.49,,,69.4798
K2-152 b,1,Transit,2018,Published Confirmed,0,32.6479,0.1716,2.29,,,108.449
K2-153 b,1,Transit,2018,Published Confirmed,0,7.51574,0.0614,2.0,,,143.125
K2-154 b,1,Transit,2018,Published Confirmed,0,3.67626,0.0405,1.99,,,129.356
K2-154 c,1,Transit,2018,Published Confirmed,0,7.95486,0.0677,2.07,,,129.356
K2-155 b,1,Transit,2018,Published Confirmed,0,6.342,0.0562,1.8,,,72.7998
K2-155 c,1,Transit,2018,Published Confirmed,0,13.85,0.0946,2.6,,,72.7998
K2-155 d,1,Transit,2018,Published Confirmed,0,40.718,0.1937,1.9,,,72.7998
K2-156 b,1,Transit,2018,Published Confirmed,0,0.813143,,1.1,,,150.21
K2-157 b,1,Transit,2018,Published Confirmed,0,0.3652575,0.00962,0.935,1.14,0.0036,298.373
K2-157 c,1,Radial Velocity,2025,Published Confirmed,0,25.942,0.165,,30.8,0.0967,298.373
K2-157 d,1,Radial Velocity,2025,Published Confirmed,0,66.5,0.309,,23.3,0.0732,298.373
K2-158 b,1,Transit,2018,Published Confirmed,0,10.06049,0.0887,2.64,,,197.299
K2-158 c,1,Transit,2018,Published Confirmed,0,5.90279,0.0622,1.28,,,197.299
K2-159 b,1,Transit,2018,Published Confirmed,0,12.42205,0.1013,2.26,,,170.998
K2-16 b,1,Transit,2015,Published Confirmed,0,7.6188,0.0667,2.02,,,334.967
K2-16 c,1,Transit,2015,Published Confirmed,0,19.07863,0.1229,2.54,,,334.967
K2-160 b,1,Transit,2018,Published Confirmed,0,3.705871,,3.17824034,,,315.363
K2-161 b,1,Transit,2018,Published Confirmed,0,9.283188,,6.11721229,,,916.319
K2-162 b,1,Transit,2018,Published Confirmed,0,9.45889,0.0795,1.44,,,124.433
K2-163 b,1,Transit,2018,Published Confirmed,0,6.673117,,2.46610713,,,208.529
K2-164 b,1,Transit,2018,Published Confirmed,0,17.355066,,3.24925008,,,375.67
K2-165 b,1,Transit,2018,Published Confirmed,0,2.354992,,1.27443657,,,134.591
K2-165 c,1,Transit,2018,Published Confirmed,0,4.382745,,1.55409035,,,134.591
K2-165 d,1,Transit,2018,Published Confirmed,0,14.101361,,2.64809498,,,134.591
K2-166 b,1,Transit,2018,Published Confirmed,0,8.52695,0.0858,2.19,,,476.882
K2-167 b,1,Transit,2018,Published Confirmed,0,9.978541,0.0932,2.36509493,,,80.8994
K2-168 b,1,Transit,2018,Published Confirmed,0,15.8523,,1.86,,,243.935
K2-169 b,1,Transit,2018,Published Confirmed,0,6.380803,,1.27328671,,,235.867
K2-17 b,1,Transit,2015,Published Confirmed,0,17.96753,0.119,2.23,,,125.106
K2-170 b,1,Transit,2018,Published Confirmed,0,7.576544,,1.41817537,,,392.872
K2-170 c,1,Transit,2018,Published Confirmed,0,12.400047,,1.8017647,,,392.872
K2-171 b,1,Transit,2018,Published Confirmed,0,5.628466,,2.68657205,,,606.128
K2-172 b,1,Transit,2018,Published Confirmed,0,14.316941,,1.66608079,,,249.742
K2-172 c,1,Transit,2018,Published Confirmed,0,29.62682,,3.20569097,,,249.742
K2-173 b,1,Transit,2018,Published Confirmed,0,5.868699,,1.60826194,,,228.641
K2-174 b,1,Transit,2018,Published Confirmed,0,19.562307,0.126,2.6,,,99.9293
K2-175 b,1,Transit,2018,Published Confirmed,0,9.525988,,2.03803688,,,247.266
K2-176 b,1,Transit,2018,Published Confirmed,0,5.329439,,1.49090097,,,247.302
K2-177 b,1,Transit,2018,Published Confirmed,0,14.155185,,2.1162048,,,492.167
K2-178 b,1,Transit,2018,Published Confirmed,0,8.747818,,3.55790985,,,214.753
K2-179 b,1,Transit,2018,Published Confirmed,0,5.172191,,2.51267885,,,190.81
K2-18 b,1,Transit,2015,Published Confirmed,0,32.939623,0.1429,2.37,8.92,0.02806532,38.0266
K2-18 c,1,Radial Velocity,2017,Published Confirmed,1,8.962,0.06,,7.51,0.02362898,38.0266
K2-180 b,1,Transit,2018,Published Confirmed,0,8.865663,0.0756,2.46597575,11.41003981,0.0359,203.896
K2-181 b,1,Transit,2018,Published Confirmed,0,6.8941,,2.69,,,360.911
K2-182 b,1,Transit,2018,Published Confirmed,0,4.7369696,0.05174,2.71257333,20.97667486,0.066,154.83
K2-183 b,1,Transit,2018,Published Confirmed,0,0.469285,,1.1,,,329.041
K2-183 c,1,Transit,2018,Published Confirmed,0,10.787992,,2.3,,,329.041
K2-183 d,1,Transit,2018,Published Confirmed,0,22.620344,,2.3,,,329.041
K2-184 b,1,Transit,2018,Published Confirmed,0,16.9780102,0.1685,1.47,,,75.5857
K2-185 b,1,Transit,2018,Published Confirmed,0,10.616384,,1.15,,,268.357
K2-185 c,1,Transit,2018,Published Confirmed,0,52.713494,,2.39,,,268.357
K2-186 b,1,Transit,2018,Published Confirmed,0,41.474219,,3.17207779,,,330.739
K2-187 b,1,Transit,2018,Published Confirmed,0,0.77401,,1.2,,,330.916
K2-187 c,1,Transit,2018,Published Confirmed,0,2.871512,,1.4,,,330.916
K2-187 d,1,Transit,2018,Published Confirmed,0,7.149584,,2.4,,,330.916
K2-187 e,1,Transit,2018,Published Confirmed,0,13.606629,,1.9,,,330.916
K2-188 b,1,Transit,2018,Published Confirmed,0,1.742169,0.0289,1.35,,,446.821
K2-188 c,1,Transit,2018,Published Confirmed,0,7.810253,0.0785,2.83,,,446.821
K2-189 b,1,Transit,2018,Published Confirmed,0,2.58812,,1.403,,,242.113
K2-189 c,1,Transit,2018,Published Confirmed,0,6.67932,,2.31,,,242.113
K2-19 b,1,Transit,2015,Published Confirmed,0,7.9193,,7.0,30.8,0.09690764,289.827
K2-19 c,1,Transit,2015,Published Confirmed,0,11.906,,4.1,11.0,0.03460987,289.827
K2-19 d,1,Transit,2016,Published Confirmed,0,2.50827,0.03478,1.044,6.2,0.01950738,289.827
K2-190 b,1,Transit,2018,Published Confirmed,0,10.098858,,1.35673729,,,160.679
K2-190 c,1,Transit,2018,Published Confirmed,0,21.574023,,1.09308317,,,160.679
K2-191 b,1,Transit,2018,Published Confirmed,0,2.858646,,1.57889322,,,287.188
K2-192 b,1,Transit,2018,Published Confirmed,0,4.162817,0.049,1.52,,,221.753
K2-193 b,1,Transit,2018,Published Confirmed,0,14.786889,0.1184,3.95,,,411.923
K2-194 b,1,Transit,2018,Published Confirmed,0,39.721386,,3.64229858,,,629.51
K2-195 b,1,Transit,2018,Published Confirmed,0,15.852975,0.1208,3.13,,,315.014
K2-195 c,1,Transit,2018,Published Confirmed,0,28.482786,,2.57581891,,,315.014
K2-196 b,1,Transit,2018,Published Confirmed,0,48.324222,,3.59970536,,,584.877
K2-197 b,1,Transit,2018,Published Confirmed,0,8.357881,0.0806,2.56,,,247.637
K2-198 b,1,Transit,2018,Published Confirmed,0,17.0428683,,4.189,,,110.567
K2-198 c,1,Transit,2019,Published Confirmed,0,3.3596055,,1.423,,,110.567
K2-198 d,1,Transit,2019,Published Confirmed,0,7.4500177,,2.438,,,110.567
K2-199 b,1,Transit,2018,Published Confirmed,0,3.2253993,0.0382,1.73,6.9,0.02170983,107.518
K2-199 c,1,Transit,2018,Published Confirmed,0,7.3744897,0.0662,2.85,12.4,0.03901476,107.518
K2-200 b,1,Transit,2018,Published Confirmed,0,2.849883,,1.3643987,,,184.131
K2-201 b,1,Transit,2018,Published Confirmed,0,1.05979,,1.40006712,,,197.932
K2-201 c,1,Transit,2018,Published Confirmed,0,22.779878,,3.28568401,,,197.932
K2-2016-BLG-0005L b,1,Microlensing,2023,Published Confirmed,0,4700.0,4.16,,349.6112477,1.1,5200.0
K2-202 b,1,Transit,2018,Published Confirmed,0,3.405164,,2.30165603,,,300.397
K2-203 b,1,Transit,2018,Published Confirmed,0,9.6952,0.0824,1.26549392,,,166.147
K2-204 b,1,Transit,2018,Published Confirmed,0,7.055908,0.0738,3.17214154,,,577.235
K2-205 b,1,Transit,2018,Published Confirmed,0,26.672263,,1.99552771,,,405.301
K2-206 b,1,Transit,2018,Published Confirmed,0,18.294549,,2.79522879,,,244.443
K2-207 b,1,Transit,2018,Published Confirmed,0,12.48749,,2.60585269,,,363.064
K2-208 b,1,Transit,2018,Published Confirmed,0,4.19097,0.04878,1.67462172,,,256.887
K2-209 b,1,Transit,2018,Published Confirmed,0,2.080615,,0.86850263,,,76.4986
K2-21 b,1,Transit,2015,Published Confirmed,0,9.325038,0.076,1.84,,,83.6448
K2-21 c,1,Transit,2015,Published Confirmed,0,15.50192,0.107,2.49,,,83.6448
K2-210 b,1,Transit,2018,Published Confirmed,0,0.57023,,0.86,,,176.51
K2-211 b,1,Transit,2018,Published Confirmed,0,0.669561,0.01419,1.33162691,,,272.297
K2-212 b,1,Transit,2018,Published Confirmed,0,9.795647,,2.65,,,109.218
K2-213 b,1,Transit,2018,Published Confirmed,0,8.13087,,1.51398464,,,389.702
K2-214 b,1,Transit,2018,Published Confirmed,0,8.59656,,2.51,,,300.64
K2-215 b,1,Transit,2018,Published Confirmed,0,8.269648,,2.12381238,,,403.964
K2-216 b,1,Transit,2018,Published Confirmed,0,2.1748,0.028,1.75,8.0,0.02517069,115.461
K2-217 b,1,Transit,2018,Published Confirmed,0,14.074524,,3.57854073,,,381.878
K2-218 b,1,Transit,2018,Published Confirmed,0,8.679885,,2.56948149,,,394.083
K2-219 b,1,Transit,2018,Published Confirmed,0,3.901287,,1.34762583,,,325.4
K2-219 c,1,Transit,2018,Published Confirmed,0,6.66767,,1.43839723,,,325.4
K2-219 d,1,Transit,2018,Published Confirmed,0,11.137278,,2.57634456,,,325.4
K2-22 b,1,Transit,2015,Published Confirmed,0,0.381073,,2.3,,,243.836
K2-220 b,1,Transit,2018,Published Confirmed,0,13.68186,,2.37,,,233.514
K2-221 b,1,Transit,2018,Published Confirmed,0,2.399094,,1.67890272,,,318.81
K2-222 b,1,Transit,2018,Published Confirmed,0,15.3889274,0.1186,2.275,7.5,0.02359764,101.321
K2-223 b,1,Transit,2018,Published Confirmed,0,0.50557,,0.89,,,198.604
K2-223 c,1,Transit,2018,Published Confirmed,0,4.562546,,1.5,,,198.604
K2-224 b,1,Transit,2018,Published Confirmed,0,4.47904,0.0516,1.56,,,275.255
K2-224 c,1,Transit,2018,Published Confirmed,0,10.09489,0.0886,2.41,,,275.255
K2-225 b,1,Transit,2018,Published Confirmed,0,15.8723,0.1409,3.60929179,,,357.778
K2-226 b,1,Transit,2018,Published Confirmed,0,3.27109,0.04095,1.53899305,,,211.265
K2-227 b,1,Transit,2018,Published Confirmed,0,13.621832,,1.66551298,,,187.234
K2-228 b,1,Transit,2018,Published Confirmed,0,2.69828,0.0338,1.21,,,129.46
K2-229 b,1,Transit,2018,Published Confirmed,0,0.584216,,1.0,,,102.564
K2-229 c,1,Transit,2018,Published Confirmed,0,8.32727,0.0769,2.03,,,102.564
K2-230 b,1,Transit,2018,Published Confirmed,0,2.86041,0.0409,1.96,,,540.773
K2-231 b,1,Transit,2018,Published Confirmed,0,13.841901,,2.5,,,321.215
K2-232 b,1,Transit,2018,Published Confirmed,0,11.168454,0.10356,11.209,126.49634,0.398,130.72
K2-233 b,1,Transit,2018,Published Confirmed,0,2.467583,0.03293,1.315,2.4,0.00755124,67.5062
K2-233 c,1,Transit,2018,Published Confirmed,0,7.06024,0.0664,1.272,4.6,0.01447322,67.5062
K2-233 d,1,Transit,2018,Published Confirmed,0,24.3681,0.1516,2.363,10.3,0.03240742,67.5062
K2-237 b,1,Transit,2018,Published Confirmed,0,2.18053332,0.03552,16.06246934,434.15360396,1.366,314.995
K2-238 b,1,Transit,2018,Published Confirmed,0,3.20466,0.046,14.5717,273.3338,0.86,537.963
K2-239 b,1,Transit,2018,Published Confirmed,0,5.24,0.0441,1.1,,,31.0849
K2-239 c,1,Transit,2018,Published Confirmed,0,7.775,0.0576,1.0,,,31.0849
K2-239 d,1,Transit,2018,Published Confirmed,0,10.115,0.0685,1.1,,,31.0849
K2-24 b,1,Transit,2016,Published Confirmed,0,20.8895961,0.1673,5.638,20.6,0.06481485,170.562
K2-24 c,1,Transit,2016,Published Confirmed,0,42.34732,0.262,7.93,16.4,0.05160017,170.562
K2-240 b,1,Transit,2018,Published Confirmed,0,6.034,0.0513,2.0,,,72.9105
K2-240 c,1,Transit,2018,Published Confirmed,0,20.523,0.1159,1.8,,,72.9105
K2-241 b,1,Transit,2018,Published Confirmed,0,26.8199,0.1567,2.55,,,149.464
K2-242 b,1,Transit,2018,Published Confirmed,0,6.51389,0.0494,2.54,,,109.237
K2-243 b,1,Transit,2018,Published Confirmed,0,11.54182,0.1087,2.17,,,266.864
K2-243 c,1,Transit,2018,Published Confirmed,0,24.94598,0.1817,2.01,,,266.864
K2-244 b,1,Transit,2018,Published Confirmed,0,21.06884,0.1418,1.75,,,212.902
K2-245 b,1,Transit,2018,Published Confirmed,0,11.89307,0.0959,4.34,,,456.064
K2-246 b,1,Transit,2018,Published Confirmed,0,5.76918,0.0602,3.49,,,703.616
K2-247 b,1,Transit,2018,Published Confirmed,0,2.25021,0.0304,2.12,,,258.113
K2-247 c,1,Transit,2018,Published Confirmed,0,6.49424,0.0615,2.19,,,258.113
K2-248 b,1,Transit,2018,Published Confirmed,0,7.17256,0.0699,2.57,,,406.254
K2-249 b,1,Transit,2018,Published Confirmed,0,12.409,0.1151,2.79,,,521.716
K2-25 b,1,Transit,2015,Published Confirmed,0,3.48456408,0.0287,3.44,24.5,0.07708562,44.9565
K2-250 b,1,Transit,2018,Published Confirmed,0,4.01392,0.04606,2.71257333,,,414.708
K2-251 b,1,Transit,2018,Published Confirmed,0,9.30075,0.0694,2.35,,,147.03
K2-252 b,1,Transit,2018,Published Confirmed,0,13.81513,0.1041,1.74,,,228.839
K2-253 b,1,Transit,2018,Published Confirmed,0,4.00167,0.0506,12.67,,,876.565
K2-254 b,1,Transit,2018,Published Confirmed,0,4.09639,0.0448,1.63,,,227.775
K2-254 c,1,Transit,2018,Published Confirmed,0,12.11839,0.0923,2.19,,,227.775
K2-255 b,1,Transit,2018,Published Confirmed,0,1.96417,0.0274,2.9,,,191.608
K2-257 b,1,Transit,2018,Published Confirmed,0,1.60588,0.0216,0.83,,,64.0065
K2-258 b,1,Transit,2018,Published Confirmed,0,19.0921,0.149,3.0,,,661.873
K2-259 b,1,Transit,2018,Published Confirmed,0,15.48043,0.1271,2.32,,,416.457
K2-26 b,1,Transit,2016,Published Confirmed,0,14.5665,0.0962,2.67,,,99.0504
K2-260 b,1,Transit,2018,Published Confirmed,0,2.62669762,0.04392,18.41635529,546.66486004,1.72,663.834
K2-261 b,1,Transit,2018,Published Confirmed,0,11.6334681,0.1086,9.26982704,68.96876432,0.217,213.283
K2-263 b,1,Transit,2018,Published Confirmed,0,50.819172,0.2573,2.513,15.4,0.04845382,162.481
K2-264 b,1,Transit,2018,Published Confirmed,0,5.840002,0.05023,2.231,,,185.605
K2-264 c,1,Transit,2018,Published Confirmed,0,19.660302,0.11283,2.668,,,185.605
K2-265 b,1,Transit,2018,Published Confirmed,0,2.36902,0.03359,1.70824866,7.3418362,0.0231,138.671
K2-266 b,1,Transit,2018,Published Confirmed,0,0.658524,0.01306,3.3,11.26782377,0.03545236,77.5586
K2-266 c,1,Transit,2018,Published Confirmed,0,7.814,0.0679,0.705,0.29013072,0.00091285,77.5586
K2-266 d,1,Transit,2018,Published Confirmed,0,14.697,0.1035,2.93,8.9,0.02800239,77.5586
K2-266 e,1,Transit,2018,Published Confirmed,0,19.482,0.1249,2.73,14.3,0.04499261,77.5586
K2-268 b,1,Transit,2018,Published Confirmed,0,2.151676,,1.5,,,327.783
K2-268 c,1,Transit,2018,Published Confirmed,0,9.327527,,2.69,,,327.783
K2-268 d,1,Transit,2021,Published Confirmed,0,4.528598,,1.49,,,327.783
K2-268 e,1,Transit,2021,Published Confirmed,0,6.131243,,1.33,,,327.783
K2-268 f,1,Transit,2021,Published Confirmed,0,26.27057,,2.23,,,327.783
K2-269 b,1,Transit,2018,Published Confirmed,0,4.144965,0.0531,1.57,,,360.76
K2-27 b,1,Transit,2016,Published Confirmed,0,6.771347,,4.74,30.2,0.09501983,249.645
K2-270 b,1,Transit,2018,Published Confirmed,0,1.543069,0.0247,1.38,,,280.518
K2-270 c,1,Transit,2018,Published Confirmed,0,4.400028,0.0497,2.95,,,280.518
K2-271 b,1,Transit,2018,Published Confirmed,0,8.562421,0.077,7.28,,,564.454
K2-272 b,1,Transit,2018,Published Confirmed,0,14.4536756,0.1007,3.13,,,423.065
K2-273 b,1,Transit,2018,Published Confirmed,0,11.7195663,0.0729,3.05,,,308.105
K2-274 b,1,Transit,2018,Published Confirmed,0,14.1330314,0.0964,2.08,,,228.327
K2-275 b,1,Transit,2018,Published Confirmed,0,3.2809626,0.0277,2.34,,,123.438
K2-275 c,1,Transit,2018,Published Confirmed,0,8.4388385,0.0881,2.21,,,123.438
K2-276 b,1,Transit,2018,Published Confirmed,0,18.718269,0.1291,3.77,,,488.152
K2-277 b,1,Transit,2018,Published Confirmed,0,6.326768,0.0664,2.18575124,,,113.123
K2-278 b,1,Transit,2018,Published Confirmed,0,3.334966,0.0488,2.98,,,786.439
K2-279 b,1,Transit,2018,Published Confirmed,0,7.122605,0.067,1.21,,,182.983
K2-28 b,1,Transit,2016,Published Confirmed,0,2.260455,0.0214,2.32,,,62.9969
K2-280 b,1,Transit,2018,Published Confirmed,0,19.89526,0.1461,7.5,37.1,0.11672965,391.537
K2-281 b,1,Transit,2018,Published Confirmed,0,8.687721,0.0773,8.18,,,458.139
K2-282 b,1,Transit,2018,Published Confirmed,0,4.169783,,2.5,,,496.289
K2-283 b,1,Transit,2018,Published Confirmed,0,1.921036,0.0291,3.52,,,402.915
K2-284 b,1,Transit,2018,Published Confirmed,0,4.795069,0.04771,2.78,,,107.272
K2-285 b,1,Transit,2018,Published Confirmed,0,3.471745,0.03817,2.59,9.68,0.03045653,154.961
K2-285 c,1,Transit,2018,Published Confirmed,0,7.138048,0.0824,3.53,15.68,0.04933455,154.961
K2-285 d,1,Transit,2018,Published Confirmed,0,10.45582,0.1178,2.48,6.5,0.02045118,154.961
K2-285 e,1,Transit,2018,Published Confirmed,0,14.76289,0.18041,1.95,10.7,0.0336658,154.961
K2-286 b,1,Transit,2018,Published Confirmed,0,27.359,0.1768,2.1,,,76.1486
K2-287 b,1,Transit,2018,Published Confirmed,0,14.893291,0.1206,9.494023,100.11645,0.315,158.335
K2-288 B b,1,Transit,2018,Published Confirmed,0,31.393463,0.164,1.9,,,65.6138
K2-289 b,1,Transit,2019,Published Confirmed,0,13.156969,0.107,9.1,,,274.3
K2-29 b,1,Transit,2016,Published Confirmed,0,3.2588321,0.04217,13.33871,232.0159,0.73,178.475
K2-290 b,1,Transit,2019,Published Confirmed,0,9.21165,0.0923,3.06,10.9,0.03429506,272.909
K2-290 c,1,Transit,2019,Published Confirmed,0,48.36685,0.305,11.276254,246.00042,0.774,272.909
K2-291 b,1,Transit,2019,Published Confirmed,0,2.225177,0.03261,1.589,6.49,0.02041972,90.0562
K2-292 b,1,Transit,2019,Published Confirmed,0,16.9841,0.13,2.63,24.5,0.07708523,114.293
K2-293 b,1,Transit,2019,Published Confirmed,0,13.1225,,2.45,,,392.251
K2-294 b,1,Transit,2019,Published Confirmed,0,2.50387,,1.66,,,373.078
K2-295 b,1,Transit,2018,Published Confirmed,0,4.024867,0.0451,10.054473,106.47305,0.335,232.801
K2-3 b,1,Transit,2015,Published Confirmed,0,10.0546535,0.0747,2.078,5.11,0.01607786,44.0727
K2-3 c,1,Transit,2015,Published Confirmed,0,24.646729,0.1357,1.582,2.68,0.00843222,44.0727
K2-3 d,1,Transit,2015,Published Confirmed,0,44.55603,0.2014,1.458,2.2,0.00692197,44.0727
K2-30 b,1,Transit,2016,Published Confirmed,0,4.098503,0.04839,11.646151,184.02357,0.579,333.042
K2-308 b,1,Transit,2019,Published Confirmed,0,3.38628,,9.916,,,1314.53
K2-31 b,1,Transit,2016,Published Confirmed,0,1.25785,0.022,11.88154,563.83042,1.774,110.527
K2-312 c,1,Radial Velocity,2023,Published Confirmed,0,871.32,1.882,,1681.31227303,5.29,109.86
K2-315 b,1,Transit,2020,Published Confirmed,0,3.1443189,,0.95,,,56.9686
K2-316 b,1,Transit,2020,Published Confirmed,0,1.133,0.0147,1.33,,,112.486
K2-316 c,1,Transit,2020,Published Confirmed,0,5.26,0.0582,1.83,,,112.486
K2-317 b,1,Transit,2020,Published Confirmed,0,6.22,0.0542,2.93,,,176.291
K2-318 b,1,Transit,2020,Published Confirmed,0,7.01,0.0911,1.66,,,147.866
K2-319 b,1,Transit,2020,Published Confirmed,0,26.68,0.1516,2.79,,,209.071
K2-32 b,1,Transit,2016,Published Confirmed,0,8.992,0.0795,5.299,15.0,0.04719528,157.682
K2-32 c,1,Transit,2016,Published Confirmed,0,20.66093,0.13843,3.134,8.1,0.02548545,157.682
K2-32 d,1,Transit,2016,Published Confirmed,0,31.71701,0.18422,3.484,6.7,0.02108056,157.682
K2-32 e,1,Transit,2019,Published Confirmed,0,4.34934,0.04899,1.212,2.1,0.00660734,157.682
K2-320 b,1,Transit,2020,Published Confirmed,0,1.995,0.0142,2.62,,,108.74
K2-321 b,1,Transit,2020,Published Confirmed,0,2.2979749,0.02839,2.05124347,,,77.6888
K2-322 b,1,Transit,2020,Published Confirmed,0,8.205,0.0594,1.92,,,123.415
K2-323 b,1,Transit,2020,Published Confirmed,0,24.93,0.1275,2.1,,,118.318
K2-324 b,1,Transit,2020,Published Confirmed,0,3.262,0.0331,2.43,,,136.667
K2-325 b,1,Transit,2020,Published Confirmed,0,6.93,0.0419,2.2,,,111.638
K2-326 b,1,Transit,2020,Published Confirmed,0,1.256,0.0198,2.28,,,282.308
K2-329 b,1,Transit,2020,Published Confirmed,0,12.4551225,0.1016,8.675766,82.6358,0.26,233.237
K2-33 b,1,Transit,2016,Published Confirmed,0,5.424865,,5.04,1175.971,3.7,139.268
K2-330 b,1,Transit,2021,Published Confirmed,0,13.774798,,2.77,,,160.125
K2-331 b,1,Transit,2021,Published Confirmed,0,9.398977,,1.79,,,211.43
K2-331 c,1,Transit,2021,Published Confirmed,0,22.996591,,2.72,,,211.43
K2-332 b,1,Transit,2021,Published Confirmed,0,17.70632,,2.2,,,123.202
K2-333 b,1,Transit,2021,Published Confirmed,0,14.759287,,6.18,,,343.99
K2-334 b,1,Transit,2021,Published Confirmed,0,5.113981,,5.65,,,371.823
K2-335 b,1,Transit,2021,Published Confirmed,0,12.283211,,2.21,,,557.993
K2-336 b,1,Transit,2021,Published Confirmed,0,21.194733,,1.22,,,239.289
K2-337 b,1,Transit,2021,Published Confirmed,0,16.273563,,2.62,,,421.636
K2-338 b,1,Transit,2021,Published Confirmed,0,3.850614,,1.03,,,156.951
K2-339 b,1,Transit,2021,Published Confirmed,0,19.507428,,1.92,,,360.36
K2-34 b,1,Transit,2016,Published Confirmed,0,2.9956348,0.0442,13.75,,,348.646
K2-340 b,1,Transit,2021,Published Confirmed,0,29.740451,,3.36,,,738.136
K2-341 b,1,Transit,2021,Published Confirmed,0,36.552551,,3.21,,,421.408
K2-342 b,1,Transit,2021,Published Confirmed,0,11.561052,,2.03,,,208.357
K2-343 b,1,Transit,2021,Published Confirmed,0,2.787174,,1.65,,,166.169
K2-343 c,1,Transit,2021,Published Confirmed,0,7.676972,,2.02,,,166.169
K2-344 b,1,Transit,2021,Published Confirmed,0,3.35585,,1.59,,,75.1691
K2-345 b,1,Transit,2021,Published Confirmed,0,10.367437,,2.11,,,162.408
K2-346 b,1,Transit,2021,Published Confirmed,0,26.201446,,2.26,,,105.58
K2-347 b,1,Transit,2021,Published Confirmed,0,7.187257,,2.41,,,320.336
K2-348 b,1,Transit,2021,Published Confirmed,0,4.688418,,3.26,,,201.856
K2-348 c,1,Transit,2021,Published Confirmed,0,12.550171,,2.67,,,201.856
K2-349 b,1,Transit,2021,Published Confirmed,0,9.032178,,1.38,,,453.567
K2-35 b,1,Transit,2016,Published Confirmed,0,2.399964,0.031,1.32,,,252.596
K2-35 c,1,Transit,2016,Published Confirmed,0,5.608352,0.055,1.93,,,252.596
K2-350 b,1,Transit,2021,Published Confirmed,0,4.163873,,1.54,,,489.368
K2-350 c,1,Transit,2016,Published Confirmed,0,19.991944,,2.74,,,489.368
K2-351 b,1,Transit,2021,Published Confirmed,0,7.806164,,2.54,,,694.734
K2-352 b,1,Transit,2021,Published Confirmed,0,3.665912,,1.37,,,176.051
K2-352 c,1,Transit,2021,Published Confirmed,0,8.234885,,1.92,,,176.051
K2-352 d,1,Transit,2021,Published Confirmed,0,14.871387,,2.23,,,176.051
K2-353 b,1,Transit,2021,Published Confirmed,0,15.466805,,5.55,,,268.515
K2-354 b,1,Transit,2021,Published Confirmed,0,3.793306,,1.56,,,91.722
K2-355 b,1,Transit,2021,Published Confirmed,0,5.7385647,0.0632,2.25,,,500.497
K2-356 b,1,Transit,2021,Published Confirmed,0,21.0267366,0.1599,2.29,,,355.54
K2-357 b,1,Transit,2021,Published Confirmed,0,16.3488637,0.145,3.72,,,517.687
K2-358 b,1,Transit,2021,Published Confirmed,0,11.2510285,0.0863,2.68,,,480.307
K2-36 b,1,Transit,2016,Published Confirmed,0,1.422614,0.02288,1.43,4.3,0.01352931,109.749
K2-36 c,1,Transit,2016,Published Confirmed,0,5.340888,0.05528,3.2,7.9,0.02485618,109.749
K2-360 c,1,Radial Velocity,2024,Published Confirmed,0,9.79692,0.0883,,15.23,0.04791894,232.1
K2-365 b,1,Transit,2022,Published Confirmed,0,23.448172,,2.906,,,187.222
K2-366 b,1,Transit,2022,Published Confirmed,0,15.937039,,2.359,,,185.947
K2-367 b,1,Transit,2022,Published Confirmed,0,20.645099,,2.413,,,176.965
K2-368 b,1,Transit,2022,Published Confirmed,0,5.025598,,1.332,,,206.608
K2-368 c,1,Transit,2022,Published Confirmed,0,9.660186,,1.361,,,206.608
K2-368 d,1,Transit,2022,Published Confirmed,0,20.201085,,1.948,,,206.608
K2-369 b,1,Transit,2022,Published Confirmed,0,5.761612,,1.313,,,185.55
K2-37 b,1,Transit,2016,Published Confirmed,0,4.4434,,1.39,,,179.943
K2-37 c,1,Transit,2016,Published Confirmed,0,6.42966,,2.41,,,179.943
K2-37 d,1,Transit,2016,Published Confirmed,0,14.09229,,2.31,12.5,0.0393294,179.943
K2-370 b,1,Transit,2022,Published Confirmed,0,2.1408093,0.0321,2.67,11.1,0.03492451,144.202
K2-371 b,1,Transit,2022,Published Confirmed,0,3.114905,,13.024,,,442.813
K2-372 b,1,Transit,2022,Published Confirmed,0,9.844077,,2.945,,,463.88
K2-373 b,1,Transit,2022,Published Confirmed,0,11.02066,,2.061,,,229.567
K2-374 b,1,Transit,2022,Published Confirmed,0,4.521953,,1.593,,,359.439
K2-374 c,1,Transit,2022,Published Confirmed,0,16.43445,,2.213,,,359.439
K2-375 b,1,Transit,2022,Published Confirmed,0,14.453895,,2.243,,,696.1
K2-376 b,1,Transit,2022,Published Confirmed,0,5.776475,,1.736,,,161.61
K2-377 b,1,Transit,2022,Published Confirmed,0,12.832235,,1.693,,,195.149
K2-378 b,1,Transit,2022,Published Confirmed,0,2.060438,,2.88,,,687.973
K2-379 b,1,Transit,2022,Published Confirmed,0,8.777247,,2.181,,,182.207
K2-38 b,1,Transit,2016,Published Confirmed,0,4.01593,0.04994,1.54,7.3,0.02296837,192.69
K2-38 c,1,Transit,2016,Published Confirmed,0,10.56103,0.09514,2.29,8.3,0.02611472,192.69
K2-380 b,1,Transit,2022,Published Confirmed,0,9.401312,,2.729,,,249.303
K2-381 b,1,Transit,2022,Published Confirmed,0,7.9389334,,1.075,,,145.701
K2-381 c,1,Transit,2022,Published Confirmed,0,16.034656,,2.0,,,145.701
K2-381 d,1,Transit,2022,Published Confirmed,0,26.803023,,1.689,,,145.701
K2-382 b,1,Transit,2022,Published Confirmed,0,21.700156,,2.072,,,278.412
K2-383 b,1,Transit,2022,Published Confirmed,0,1.865962,,1.564,,,203.788
K2-384 b,1,Transit,2022,Published Confirmed,0,2.231527,,1.076,,,82.6603
K2-384 c,1,Transit,2022,Published Confirmed,0,4.194766,,1.191,,,82.6603
K2-384 d,1,Transit,2022,Published Confirmed,0,6.679582,,1.392,,,82.6603
K2-384 e,1,Transit,2022,Published Confirmed,0,9.715043,,1.345,,,82.6603
K2-384 f,1,Transit,2022,Published Confirmed,0,13.62749,,2.222,,,82.6603
K2-385 b,1,Transit,2022,Published Confirmed,0,2.380867,,1.539,,,420.819
K2-386 b,1,Transit,2022,Published Confirmed,0,7.473223,,2.32,,,428.785
K2-387 b,1,Transit,2022,Published Confirmed,0,28.735327,,7.322,,,266.318
K2-388 b,1,Transit,2022,Published Confirmed,0,6.33932,,3.9,,,290.495
K2-389 b,1,Transit,2022,Published Confirmed,0,8.58289,,2.33,,,259.208
K2-389 c,1,Transit,2022,Published Confirmed,0,20.851337,,2.04,,,259.208
K2-39 b,1,Transit,2016,Published Confirmed,0,4.60543,,6.27704,28.6047,0.09,307.47
K2-390 b,1,Transit,2022,Published Confirmed,0,3.312792,,4.662,,,456.122
K2-391 b,1,Transit,2022,Published Confirmed,0,4.622654,,1.371,,,507.94
K2-392 b,1,Transit,2022,Published Confirmed,0,15.398723,,1.85,,,406.985
K2-393 b,1,Transit,2022,Published Confirmed,0,10.413181,,2.352,,,265.914
K2-394 b,1,Transit,2022,Published Confirmed,0,5.095717,,1.692,,,98.0152
K2-395 b,1,Transit,2022,Published Confirmed,0,4.803352,,2.597,,,286.727
K2-395 c,1,Transit,2022,Published Confirmed,0,8.491282,,3.395,,,286.727
K2-396 b,1,Transit,2022,Published Confirmed,0,0.673862,,1.579,,,274.864
K2-396 c,1,Transit,2022,Published Confirmed,0,25.76051,,3.124,,,274.864
K2-397 b,1,Transit,2022,Published Confirmed,0,3.572326,,2.417,,,199.354
K2-398 b,1,Transit,2022,Published Confirmed,0,6.393025,,2.274,,,606.992
K2-398 c,1,Transit,2022,Published Confirmed,0,18.787839,,5.098,,,606.992
K2-4 b,1,Transit,2015,Published Confirmed,0,10.003417,0.078,2.1,,,231.828
K2-400 b,1,Transit,2022,Published Confirmed,0,3.865053,,1.163,,,62.3804
K2-401 b,1,Transit,2022,Published Confirmed,0,6.293099,,2.262,,,200.727
K2-402 b,1,Transit,2022,Published Confirmed,0,17.27474,,2.678,,,523.055
K2-403 b,1,Transit,2022,Published Confirmed,0,33.589979,,5.333,,,246.599
K2-404 b,1,Transit,2022,Published Confirmed,0,13.115365,,2.53,,,121.63
K2-405 b,1,Transit,2022,Published Confirmed,0,3.435471,,4.569,,,197.234
K2-406 b,1,Transit,2022,Published Confirmed,0,22.549406,,4.602,,,85.3751
K2-407 b,1,Transit,2022,Published Confirmed,0,4.941907,,1.283,,,218.376
K2-407 c,1,Transit,2022,Published Confirmed,0,9.22453,,1.36,,,218.376
K2-408 b,1,Transit,2022,Published Confirmed,0,20.978959,,1.677,,,162.306
K2-409 b,1,Transit,2022,Published Confirmed,0,1.908084,,2.482,,,431.031
K2-411 b,1,Transit,2022,Published Confirmed,0,3.2141,0.0511,0.9898,,,298.219
K2-412 b,1,Transit,2022,Published Confirmed,0,5.9382,0.0586,2.116,,,654.085
K2-413 b,1,Transit,2022,Published Confirmed,0,0.8094,0.0117,0.7599,,,285.162
K2-413 c,1,Transit,2022,Published Confirmed,0,5.3301,0.0426,1.2327,,,285.162
K2-414 b,1,Transit,2022,Published Confirmed,0,4.3696,0.0487,1.219,,,260.036
K2-414 c,1,Transit,2022,Published Confirmed,0,6.669,0.0552,1.9287,,,260.036
K2-415 b,1,Transit,2023,Published Confirmed,0,4.0179694,0.027,1.015,7.5,0.02359764,21.8182
K2-416 b,1,Transit,2023,Published Confirmed,0,13.102,0.088,2.66,1652.7077164,5.2,120.311
K2-417 b,1,Transit,2023,Published Confirmed,0,6.535,0.063,3.31,699.2224954,2.2,94.0424
K2-419 A b,1,Transit,2024,Published Confirmed,0,20.35847252,0.1208,10.55,196.0,0.617,268.685
K2-42 b,1,Transit,2016,Published Confirmed,0,6.68796,0.0617,2.15,,,396.913
K2-43 b,1,Transit,2016,Published Confirmed,0,3.471149,,4.51,,,182.536
K2-43 c,1,Transit,2019,Published Confirmed,0,2.198884,,2.42,,,182.536
K2-44 b,1,Transit,2016,Published Confirmed,0,5.657,0.06,2.433,,,476.703
K2-45 b,1,Transit,2016,Published Confirmed,0,1.7292684,0.0224,6.71,,,495.317
K2-46 b,1,Transit,2016,Published Confirmed,0,19.1541,0.13821,2.05,,,449.237
K2-47 b,1,Transit,2016,Published Confirmed,0,31.6372,0.1779,1.89,,,349.881
K2-48 b,1,Transit,2016,Published Confirmed,0,20.5065,0.1344,2.24,,,313.764
K2-49 b,1,Transit,2016,Published Confirmed,0,2.77065,0.0309,1.93,,,457.125
K2-5 b,1,Transit,2015,Published Confirmed,0,5.73594,0.0532,1.91,,,202.943
K2-5 c,1,Transit,2015,Published Confirmed,0,10.93241,0.0818,2.26,,,202.943
K2-50 b,1,Transit,2016,Published Confirmed,0,8.7529,0.0705,1.59,,,257.443
K2-52 b,1,Transit,2016,Published Confirmed,0,3.535055,0.054,18.0,,,1038.41
K2-53 b,1,Transit,2016,Published Confirmed,0,12.20772,0.098,2.6,,,138.018
K2-54 b,1,Transit,2016,Published Confirmed,0,9.7833,0.0761,2.6116925,,,174.955
K2-55 b,1,Transit,2016,Published Confirmed,0,2.849271,,4.43,44.0,0.13843948,159.522
K2-57 b,1,Transit,2016,Published Confirmed,0,9.0073,0.0752,2.30905002,,,264.213
K2-58 b,1,Transit,2016,Published Confirmed,0,7.05254,0.0692,2.68,,,181.746
K2-58 c,1,Transit,2016,Published Confirmed,0,2.53726,0.035,1.62,,,181.746
K2-58 d,1,Transit,2016,Published Confirmed,0,22.8827,0.1517,1.71,,,181.746
K2-59 b,1,Transit,2016,Published Confirmed,0,20.6921,0.1354,2.41,,,311.313
K2-59 c,1,Transit,2016,Published Confirmed,0,11.2954,0.0905,2.3,,,311.313
K2-6 b,1,Transit,2015,Published Confirmed,0,30.94191,0.1898,2.5,,,316.819
K2-60 b,1,Transit,2016,Published Confirmed,0,3.00265,0.045,7.655747,135.39558,0.426,491.87
K2-61 b,1,Transit,2016,Published Confirmed,0,2.57336,,1.92,,,405.732
K2-62 b,1,Transit,2016,Published Confirmed,0,6.67199,,2.02,,,112.467
K2-62 c,1,Transit,2016,Published Confirmed,0,16.19697,,1.99,,,112.467
K2-63 b,1,Transit,2016,Published Confirmed,0,20.257,0.1627,3.22,,,517.534
K2-63 c,1,Transit,2016,Published Confirmed,0,25.4556,0.189,3.9,,,517.534
K2-64 b,1,Transit,2016,Published Confirmed,0,6.53044,0.0619,2.07,,,499.891
K2-65 b,1,Transit,2016,Published Confirmed,0,12.6475,0.1014,1.58,,,
K2-66 b,1,Transit,2016,Published Confirmed,0,5.06963,0.05983,2.49,21.3,0.06701696,513.877
K2-68 b,1,Transit,2016,Published Confirmed,0,8.05428,0.0708,1.58,,,168.652
K2-69 b,1,Transit,2016,Published Confirmed,0,7.06599,0.0591,2.32,,,180.697
K2-7 b,1,Transit,2015,Published Confirmed,0,28.6781,0.1867,4.03523305,,,738.553
K2-70 b,1,Transit,2016,Published Confirmed,0,13.97896,0.1112,2.89,,,232.964
K2-71 b,1,Transit,2016,Published Confirmed,0,6.98541,0.0559,2.15,,,153.192
K2-72 b,1,Transit,2016,Published Confirmed,0,5.577212,0.04,1.08,,,66.4321
K2-72 c,1,Transit,2016,Published Confirmed,0,15.189034,0.078,1.16,,,66.4321
K2-72 d,1,Transit,2016,Published Confirmed,0,7.760178,0.05,1.01,,,66.4321
K2-72 e,1,Transit,2016,Published Confirmed,0,24.158868,0.106,1.29,,,66.4321
K2-73 b,1,Transit,2016,Published Confirmed,0,7.49556,,2.58,9.2,0.02894644,269.183
K2-73 c,1,Radial Velocity,2025,Published Confirmed,0,1000.0,,,1142.0,3.59313383,269.183
K2-74 b,1,Transit,2016,Published Confirmed,0,19.5666,0.1402,2.31,,,377.822
K2-75 b,1,Transit,2016,Published Confirmed,0,7.8142,0.081,2.67,,,561.93
K2-75 c,1,Transit,2016,Published Confirmed,0,18.311,0.1429,2.77,,,561.93
K2-77 b,1,Transit,2016,Published Confirmed,0,8.2000844,0.0753,2.4996027,,,141.731
K2-79 b,1,Transit,2016,Published Confirmed,0,10.995039,0.0987,4.15,5.9,0.01856348,256.011
K2-8 b,1,Transit,2015,Published Confirmed,0,10.35239,0.0856,3.58,,,403.513
K2-8 c,1,Transit,2016,Published Confirmed,0,5.06416,0.0532,2.41,,,403.513
K2-80 b,1,Transit,2016,Published Confirmed,0,19.0918,0.135,2.01,,,200.802
K2-80 c,1,Transit,2016,Published Confirmed,0,5.605,0.0596,1.47,,,200.802
K2-80 d,1,Transit,2018,Published Confirmed,0,28.867253,,2.55211506,,,200.802
K2-81 b,1,Transit,2016,Published Confirmed,0,6.102325,0.059,1.97,,,252.318
K2-83 b,1,Transit,2016,Published Confirmed,0,2.74697,0.03014,1.244,,,125.529
K2-83 c,1,Transit,2016,Published Confirmed,0,9.99767,0.07131,1.483,,,125.529
K2-84 b,1,Transit,2016,Published Confirmed,0,6.4215,0.0665,2.41,,,284.876
K2-84 c,1,Transit,2016,Published Confirmed,0,27.86,0.1768,2.03,,,284.876
K2-85 b,1,Transit,2016,Published Confirmed,0,0.68453862616,,1.4,3.2,0.01006833,97.2179
K2-86 b,1,Transit,2016,Published Confirmed,0,8.77683,0.077,1.96,,,258.699
K2-87 b,1,Transit,2016,Published Confirmed,0,9.726618,0.094,7.6,,,491.242
K2-88 b,1,Transit,2016,Published Confirmed,0,4.6122,0.0345,1.23,,,110.561
K2-89 b,1,Transit,2016,Published Confirmed,0,1.096026,0.01462,0.615,,,86.0386
K2-9 b,1,Transit,2015,Published Confirmed,0,18.4498,0.091,2.25,,,82.9631
K2-90 b,1,Transit,2016,Published Confirmed,0,13.733314,0.096,2.6,,,134.188
K2-90 c,1,Transit,2016,Published Confirmed,0,2.900706,0.035,1.3,,,134.188
K2-91 b,1,Transit,2016,Published Confirmed,0,1.419549,0.0164,1.1,,,62.5785
K2-95 b,1,Transit,2016,Published Confirmed,0,10.1346454,0.0525,3.31,,,179.854
K2-97 b,1,Transit,2016,Published Confirmed,0,8.407115,0.0854,13.45077684,174.48779544,0.549,878.43
K2-98 b,1,Transit,2016,Published Confirmed,0,10.1367349,0.0986,5.06645928,34.00763955,0.107,518.625
K2-99 b,1,Transit,2016,Published Confirmed,0,18.24783,0.153,11.88151954,276.51071409,0.87,519.229
K2-99 c,1,Radial Velocity,2022,Published Confirmed,0,522.2,1.43,,2669.7586188,8.4,519.229
KELT-1 b,1,Transit,2012,Published Confirmed,0,1.217514,0.02466,12.442,8654.15,27.23,268.43
KELT-10 b,1,Transit,2016,Published Confirmed,0,4.1662739,0.0525,15.681391,215.80657,0.679,188.404
KELT-11 b,1,Transit,2017,Published Confirmed,0,4.73620865,0.0623,15.13212395,65.15482343,0.205,99.1596
KELT-12 b,1,Transit,2017,Published Confirmed,0,5.031623,0.06708,19.95202,301.9385,0.95,368.03
KELT-14 b,1,Transit,2016,Published Confirmed,0,1.7100566,0.03005,19.537287,408.09372,1.284,250.121
KELT-15 b,1,Transit,2016,Published Confirmed,0,3.32944,,19.50366,416.3573,1.31,324.683
KELT-16 b,1,Transit,2017,Published Confirmed,0,0.9689951,0.02044,15.860735,874.0325,2.75,444.586
KELT-17 b,1,Transit,2016,Published Confirmed,0,3.0801716,0.04881,17.093725,416.3573,1.31,226.5
KELT-18 b,1,Transit,2017,Published Confirmed,0,2.8717518,0.0455,17.59813,375.0394,1.18,321.376
KELT-19 A b,1,Transit,2017,Published Confirmed,0,4.6117093,0.0637,21.40919,1293.5681,4.07,300.276
KELT-2 A b,1,Transit,2012,Published Confirmed,0,4.11379,,15.13215,540.311,1.7,134.058
KELT-20 b,1,Transit,2017,Published Confirmed,0,3.4741085,0.0542,19.514869,1074.90106,3.382,136.426
KELT-21 b,1,Transit,2018,Published Confirmed,0,3.6127647,0.05224,17.777474,1242.7153,3.91,470.878
KELT-23 A b,1,Transit,2019,Published Confirmed,0,2.255251,0.03302,14.829507,298.12454,0.938,126.261
KELT-24 b,1,Transit,2019,Published Confirmed,0,5.55149296,0.0665,12.71098411,1458.83238813,4.59,96.5173
KELT-3 b,1,Transit,2013,Published Confirmed,0,2.70339,,17.48604,616.5902,1.94,210.252
KELT-4 A b,1,Transit,2016,Published Confirmed,0,2.9895932,0.04317,19.044091,286.68266,0.902,218.05
KELT-6 b,1,Transit,2014,Published Confirmed,0,7.8457,,14.5717,165.2716,0.52,240.726
KELT-6 c,1,Radial Velocity,2015,Published Confirmed,0,1276.0,2.39,,1179.1493,3.71,240.726
KELT-7 b,1,Transit,2015,Published Confirmed,0,2.73477,,17.9344,441.7837,1.39,136.681
KELT-8 b,1,Transit,2015,Published Confirmed,0,3.24406,,18.15858,209.7678,0.66,197.572
KELT-9 b,1,Transit,2017,Published Confirmed,0,1.4811235,0.03368,21.70058664,915.34581216,2.88,204.455
KIC 10001893 b,1,Orbital Brightness Modulation,2014,Published Confirmed,1,0.2197,,,,,1672.94
KIC 10001893 c,1,Orbital Brightness Modulation,2014,Published Confirmed,1,0.32528,,,,,1672.94
KIC 10001893 d,1,Orbital Brightness Modulation,2014,Published Confirmed,1,0.81161,,,,,1672.94
KIC 10068024 b,1,Orbital Brightness Modulation,2021,Published Confirmed,0,2.073549,,,635.656814,2.0,721.105
KIC 10525077 b,1,Transit,2015,Published Confirmed,0,854.083,,5.5,,,1461.15
KIC 3526061 b,1,Radial Velocity,2022,Published Confirmed,0,3552.0,5.14,,5768.58558705,18.15,401.229
KIC 3558849 b,1,Transit,2015,Published Confirmed,0,1322.3,,6.9,,,1215.7
KIC 5437945 b,1,Transit,2015,Published Confirmed,0,440.7813,,6.4,,,1274.01
KIC 5479689 b,1,Orbital Brightness Modulation,2021,Published Confirmed,0,1.701531,,,158.9142035,0.5,454.95
KIC 7917485 b,1,Pulsation Timing Variations,2016,Published Confirmed,0,840.0,,,3750.394,11.8,1382.89
KIC 8121913 b,1,Orbital Brightness Modulation,2021,Published Confirmed,0,3.294601,,,667.4396547,2.1,707.303
KIC 8540376 b,1,Transit,2015,Published Confirmed,0,31.8099,,4.1,,,1072.3
KIC 8540376 c,1,Transit,2015,Published Confirmed,0,75.2,,2.4,,,1072.3
KIC 9663113 b,1,Transit,2015,Published Confirmed,0,572.3847,,4.6,,,1594.74
KMT-2016-BLG-0212L b,1,Microlensing,2018,Published Confirmed,0,,2.2,,5700.0,18.0,6300.0
KMT-2016-BLG-1105L b,1,Microlensing,2023,Published Confirmed,0,,2.44,,2.32,0.00729954,5080.0
KMT-2016-BLG-1107L b,1,Microlensing,2019,Published Confirmed,0,,0.342,,1043.0,3.283,6651.0
KMT-2016-BLG-1337L b,1,Microlensing,2026,Published Confirmed,0,,3.97,,88.99195396,0.28,6920.0
KMT-2016-BLG-1397L b,1,Microlensing,2018,Published Confirmed,0,,5.1,,2200.0,7.0,6600.0
KMT-2016-BLG-1820L b,1,Microlensing,2018,Published Confirmed,0,,1.08,,1450.0,4.57,6260.0
KMT-2016-BLG-1836L b,1,Microlensing,2019,Published Confirmed,0,,3.5,,700.0,2.2,7100.0
KMT-2016-BLG-2142L b,1,Microlensing,2018,Published Confirmed,0,,0.83,,4923.0,15.49,7010.0
KMT-2016-BLG-2321L b,1,Microlensing,2024,Published Confirmed,0,,3.58,,301.93698665,0.95,3580.0
KMT-2016-BLG-2364L b,1,Microlensing,2020,Published Confirmed,0,,2.63,,1250.0,3.93,6440.0
KMT-2016-BLG-2397L b,1,Microlensing,2020,Published Confirmed,0,,3.64,,836.0,2.63,4880.0
KMT-2016-BLG-2605L b,1,Microlensing,2021,Published Confirmed,0,,0.681,,245.0457018,0.771,6421.0
KMT-2017-BLG-0165L b,1,Microlensing,2018,Published Confirmed,0,,3.45,,34.0,0.11,4530.0
KMT-2017-BLG-0428L b,1,Microlensing,2023,Published Confirmed,0,,1.81,,5.59,0.01758811,5400.0
KMT-2017-BLG-0673L b,1,Microlensing,2022,Published Confirmed,0,,2.34,,1166.43025369,3.67,5080.0
KMT-2017-BLG-0849L b,1,Microlensing,2024,Published Confirmed,0,,2.73,,6.39,0.02010519,7220.0
KMT-2017-BLG-1003L b,1,Microlensing,2023,Published Confirmed,0,,1.38,,5.19,0.01632957,7090.0
KMT-2017-BLG-1038L b,1,Microlensing,2019,Published Confirmed,0,,1.8,,640.0,2.0,6000.0
KMT-2017-BLG-1057L b,1,Microlensing,2024,Published Confirmed,0,,2.36,,23.5,0.07393927,6500.0
KMT-2017-BLG-1146L b,1,Microlensing,2019,Published Confirmed,0,,1.6,,230.0,0.71,6500.0
KMT-2017-BLG-1194L b,1,Microlensing,2023,Published Confirmed,0,,1.78,,3.54,0.01113809,4240.0
KMT-2017-BLG-2197L b,1,Microlensing,2025,Published Confirmed,0,,15.91,,2809.60311788,8.84,7800.0
KMT-2017-BLG-2331L b,1,Microlensing,2024,Published Confirmed,0,,2.14,,171.0,0.53802617,8030.0
KMT-2017-BLG-2509L b,1,Microlensing,2021,Published Confirmed,0,,2.14,,664.26137063,2.09,7040.0
KMT-2018-BLG-0029L b,1,Microlensing,2020,Published Confirmed,0,,4.27,,7.59,0.0239,3380.0
KMT-2018-BLG-0030L b,1,Microlensing,2022,Published Confirmed,0,,4.39,,460.85119015,1.45,6480.0
KMT-2018-BLG-0087L b,1,Microlensing,2022,Published Confirmed,0,,0.87,,73.10053361,0.23,7020.0
KMT-2018-BLG-0247L b,1,Microlensing,2022,Published Confirmed,0,,2.46,,670.61793877,2.11,6760.0
KMT-2018-BLG-0748L b,1,Microlensing,2020,Published Confirmed,0,,0.62,,60.0,0.19,7300.0
KMT-2018-BLG-0885L b,1,Microlensing,2023,Published Confirmed,0,,1.07,,9217.023803,29.0,6890.0
KMT-2018-BLG-1025L b,1,Microlensing,2021,Published Confirmed,0,,1.305,,6.059,0.01906375,6705.0
KMT-2018-BLG-1292L b,1,Microlensing,2020,Published Confirmed,0,,6.03,,1400.0,4.42,3460.0
KMT-2018-BLG-1743L b,1,Microlensing,2021,Published Confirmed,0,,1.449,,77.86795971,0.245,6483.0
KMT-2018-BLG-1976L b,1,Microlensing,2021,Published Confirmed,0,,3.54,,705.57906354,2.22,5840.0
KMT-2018-BLG-1988L b,1,Microlensing,2022,Published Confirmed,0,,3.09,,5.56,0.01749372,4150.0
KMT-2018-BLG-1990L b,1,Microlensing,2019,Published Confirmed,0,,0.763,,111.0,0.348,967.0
KMT-2018-BLG-1996L b,1,Microlensing,2021,Published Confirmed,0,,4.27,,346.43296363,1.09,5910.0
KMT-2018-BLG-2602L b,1,Microlensing,2022,Published Confirmed,0,,3.81,,365.50266805,1.15,4310.0
KMT-2019-BLG-0253L b,1,Microlensing,2022,Published Confirmed,0,,3.1,,9.2,0.02894644,4900.0
KMT-2019-BLG-0297L b,1,Microlensing,2023,Published Confirmed,0,,0.96,,6038.739733,19.0,3090.0
KMT-2019-BLG-0298L b,1,Microlensing,2023,Published Confirmed,0,,5.67,,575.26941667,1.81,6710.0
KMT-2019-BLG-0335L b,1,Microlensing,2023,Published Confirmed,0,,1.64,,6674.396547,21.0,7710.0
KMT-2019-BLG-0371L b,1,Microlensing,2021,Published Confirmed,0,,0.79,,2447.2787339,7.7,7010.0
KMT-2019-BLG-0414L b,1,Microlensing,2022,Published Confirmed,0,,1.16,,1452.47581999,4.57,4410.0
KMT-2019-BLG-0578L b,1,Microlensing,2025,Published Confirmed,0,,2.0,,381.3940884,1.2,7300.0
KMT-2019-BLG-0842L b,1,Microlensing,2020,Published Confirmed,0,,3.31,,10.28,0.03234,3320.0
KMT-2019-BLG-0953L b,1,Microlensing,2022,Published Confirmed,0,,1.1,,15.5,0.04876845,7200.0
KMT-2019-BLG-1042L b,1,Microlensing,2022,Published Confirmed,0,,1.7,,60.38739733,0.19,6600.0
KMT-2019-BLG-1216L b,1,Microlensing,2023,Published Confirmed,0,,2.44,,29.87587026,0.094,2740.0
KMT-2019-BLG-1339L b,1,Microlensing,2020,Published Confirmed,0,,2.15,,397.0,1.25,6120.0
KMT-2019-BLG-1367L b,1,Microlensing,2023,Published Confirmed,0,,1.7,,4.08,0.01283712,4670.0
KMT-2019-BLG-1552L b,1,Microlensing,2022,Published Confirmed,0,,2.6,,1287.20504835,4.05,4600.0
KMT-2019-BLG-1715L b,1,Microlensing,2021,Published Confirmed,0,,3.32,,813.64072192,2.56,3860.0
KMT-2019-BLG-1806L b,1,Microlensing,2023,Published Confirmed,0,,3.02,,4.67,0.01469346,6640.0
KMT-2019-BLG-1953L b,1,Microlensing,2020,Published Confirmed,0,,,,200.0,0.64,7040.0
KMT-2019-BLG-2783L b,1,Microlensing,2023,Published Confirmed,0,,1.85,,368.68095212,1.16,5910.0
KMT-2019-BLG-2974L b,1,Microlensing,2022,Published Confirmed,0,,2.0,,88.99195396,0.28,6100.0
KMT-2020-BLG-0202L b,1,Microlensing,2026,Published Confirmed,0,,4.17,,3902.93283796,12.28,3840.0
KMT-2020-BLG-0414L b,1,Microlensing,2021,Published Confirmed,0,,2.07,,1.87,0.00588368,1220.0
KMT-2020-BLG-0414L c,1,Microlensing,2021,Published Confirmed,0,,22.3,,8581.366989,27.0,1220.0
KMT-2021-BLG-0119L b,1,Microlensing,2022,Published Confirmed,0,,2.92,,1754.41280664,5.52,3130.0
KMT-2021-BLG-0171L b,1,Microlensing,2022,Published Confirmed,0,,3.5,,11.2,0.03523914,4600.0
KMT-2021-BLG-0192L b,1,Microlensing,2022,Published Confirmed,0,,1.62,,34.96112477,0.11,5120.0
KMT-2021-BLG-0240L b,1,Microlensing,2022,Published Confirmed,0,,2.8,,66.74396547,0.21,6600.0
KMT-2021-BLG-0320L b,1,Microlensing,2022,Published Confirmed,0,,1.54,,31.7828407,0.1,6950.0
KMT-2021-BLG-0322L b,1,Microlensing,2021,Published Confirmed,0,,,,2034.1018048,6.4,6600.0
KMT-2021-BLG-0712L b,1,Microlensing,2023,Published Confirmed,0,,2.22,,38.19,0.12015918,3090.0
KMT-2021-BLG-0736L b,1,Microlensing,2025,Published Confirmed,0,,4.0,,21.0,0.06607339,7000.0
KMT-2021-BLG-0748L b,1,Microlensing,2022,Published Confirmed,0,,2.43,,143.02278315,0.45,6090.0
KMT-2021-BLG-0852L b,1,Microlensing,2026,Published Confirmed,0,,7.78,,155.73591943,0.49,7230.0
KMT-2021-BLG-0909L b,1,Microlensing,2023,Published Confirmed,0,,1.75,,400.46379282,1.26,6480.0
KMT-2021-BLG-0912L b,1,Microlensing,2022,Published Confirmed,0,,3.14,,2.81,0.00884125,5560.0
KMT-2021-BLG-1077L b,1,Microlensing,2022,Published Confirmed,0,,1.26,,69.92224954,0.22,8240.0
KMT-2021-BLG-1077L c,1,Microlensing,2022,Published Confirmed,0,,0.93,,79.45710175,0.25,8240.0
KMT-2021-BLG-1105L b,1,Microlensing,2023,Published Confirmed,0,,3.54,,413.1769291,1.3,4540.0
KMT-2021-BLG-1150L b,1,Microlensing,2023,Published Confirmed,0,,4.5,,279.68899816,0.88,3800.0
KMT-2021-BLG-1253L b,1,Microlensing,2022,Published Confirmed,0,,1.52,,19.05,0.059938,6640.0
KMT-2021-BLG-1303L b,1,Microlensing,2022,Published Confirmed,0,,2.89,,120.77479466,0.38,6280.0
KMT-2021-BLG-1372L b,1,Microlensing,2022,Published Confirmed,0,,2.37,,61.27,0.19277698,5970.0
KMT-2021-BLG-1391L b,1,Microlensing,2022,Published Confirmed,0,,2.29,,4.55,0.0143159,5720.0
KMT-2021-BLG-1547L b,1,Microlensing,2023,Published Confirmed,0,,4.5,,467.20775829,1.47,5070.0
KMT-2021-BLG-1554L b,1,Microlensing,2022,Published Confirmed,0,,0.72,,38.13940884,0.12,7680.0
KMT-2021-BLG-1689L b,1,Microlensing,2022,Published Confirmed,0,,2.5,,46.0,0.14473219,7200.0
KMT-2021-BLG-1770L b,1,Microlensing,2023,Published Confirmed,0,,0.9,,6674.396547,21.0,6920.0
KMT-2021-BLG-1898L b,1,Microlensing,2022,Published Confirmed,0,,1.9,,232.01473711,0.73,6900.0
KMT-2021-BLG-2010L b,1,Microlensing,2023,Published Confirmed,0,,1.79,,340.07639549,1.07,7090.0
KMT-2021-BLG-2294L b,1,Microlensing,2022,Published Confirmed,0,,1.15,,22.24798849,0.07,6800.0
KMT-2021-BLG-2478L b,1,Microlensing,2023,Published Confirmed,0,,1.85,,286.0455663,0.9,2970.0
KMT-2021-BLG-2609L b,1,Microlensing,2024,Published Confirmed,0,,2.3,,10.17050902,0.032,7480.0
KMT-2022-BLG-0303L b,1,Microlensing,2024,Published Confirmed,0,,4.81,,163.04597279,0.513,6570.0
KMT-2022-BLG-0371L b,1,Microlensing,2023,Published Confirmed,0,,3.02,,82.63538582,0.26,7140.0
KMT-2022-BLG-0440L b,1,Microlensing,2023,Published Confirmed,0,,1.9,,15.4,0.04845382,3500.0
KMT-2022-BLG-1013L b,1,Microlensing,2023,Published Confirmed,0,,1.38,,98.52680617,0.31,7710.0
KMT-2022-BLG-1551L b,1,Microlensing,2026,Published Confirmed,0,,2.29,,940.77208472,2.96,6900.0
KMT-2022-BLG-1790L b,1,Microlensing,2025,Published Confirmed,0,,5.25,,549.84314411,1.73,6480.0
KMT-2022-BLG-1818L b,1,Microlensing,2026,Published Confirmed,0,,2.6,,1271.313628,4.0,5300.0
KMT-2022-BLG-1818L c,1,Microlensing,2026,Published Confirmed,0,,12.6,,114.41822652,0.36,5300.0
KMT-2022-BLG-2076L b,1,Microlensing,2025,Published Confirmed,0,,5.67,,279.68899816,0.88,5570.0
KMT-2022-BLG-2286L b,1,Microlensing,2024,Published Confirmed,0,,2.02,,6038.739733,19.0,7320.0
KMT-2023-BLG-0119L b,1,Microlensing,2025,Published Confirmed,0,,3.14,,83.7,0.26334965,5410.0
KMT-2023-BLG-0332L b,1,Microlensing,2026,Published Confirmed,0,,3.2,,6992.224954,22.0,6500.0
KMT-2023-BLG-0416L b,1,Microlensing,2024,Published Confirmed,0,,2.96,,13.03096469,0.041,5900.0
KMT-2023-BLG-0466L b,1,Microlensing,2026,Published Confirmed,0,,2.68,,1032.94232275,3.25,6800.0
KMT-2023-BLG-0469L b,1,Microlensing,2024,Published Confirmed,0,,2.31,,39.41072247,0.124,7070.0
KMT-2023-BLG-0548L b,1,Microlensing,2025,Published Confirmed,0,,6.85,,1086.97315194,3.42,6830.0
KMT-2023-BLG-0735L b,1,Microlensing,2024,Published Confirmed,0,,2.96,,38.77506565,0.122,6390.0
KMT-2023-BLG-0830L b,1,Microlensing,2025,Published Confirmed,0,,1.7,,17.79839079,0.056,7250.0
KMT-2023-BLG-0949L b,1,Microlensing,2025,Published Confirmed,0,,2.03,,1900.61387386,5.98,6060.0
KMT-2023-BLG-1431L b,1,Microlensing,2024,Published Confirmed,0,,3.2,,13.6,0.04279039,6800.0
KMT-2023-BLG-1454L b,1,Microlensing,2024,Published Confirmed,0,,1.18,,200.23189641,0.63,7220.0
KMT-2023-BLG-1592L b,1,Microlensing,2026,Published Confirmed,0,,3.9,,184.34047606,0.58,7200.0
KMT-2023-BLG-1642L b,1,Microlensing,2024,Published Confirmed,0,,1.41,,343.25467956,1.08,6980.0
KMT-2023-BLG-1743L b,1,Microlensing,2024,Published Confirmed,0,,1.16,,6356.56814,20.0,7130.0
KMT-2023-BLG-1866L b,1,Microlensing,2024,Published Confirmed,0,,2.63,,2.63,0.00827491,6210.0
KMT-2023-BLG-1896L b,1,Microlensing,2025,Published Confirmed,0,,2.86,,16.35,0.05144285,5490.0
KMT-2023-BLG-2209L b,1,Microlensing,2025,Published Confirmed,0,,3.51,,254.2627256,0.8,5570.0
KMT-2024-BLG-0176L b,1,Microlensing,2026,Published Confirmed,0,,1.32,,241.54958932,0.76,8340.0
KMT-2024-BLG-0349L b,1,Microlensing,2026,Published Confirmed,0,,6.46,,3769.44490702,11.86,5750.0
KMT-2024-BLG-0404L b,1,Microlensing,2025,Published Confirmed,0,,0.85,,8657.64580668,27.24,7210.0
KMT-2024-BLG-0404L c,1,Microlensing,2025,Published Confirmed,0,,,,17.3,0.05443189,7210.0
KMT-2024-BLG-1005L b,1,Microlensing,2025,Published Confirmed,0,,0.78,,6674.396547,21.0,6950.0
KMT-2024-BLG-1044L b,1,Microlensing,2024,Published Confirmed,0,,,,7.75,0.02438423,7140.0
KMT-2024-BLG-1209L b,1,Microlensing,2025,Published Confirmed,0,,2.51,,839.06699448,2.64,3930.0
KMT-2024-BLG-1281L b,1,Microlensing,2025,Published Confirmed,0,,1.96,,19.06970442,0.06,7180.0
KMT-2024-BLG-1870L b,1,Microlensing,2026,Published Confirmed,0,,3.15,,336.89811142,1.06,5480.0
KMT-2024-BLG-2005L b,1,Microlensing,2026,Published Confirmed,0,,1.12,,50.85254512,0.16,7720.0
KMT-2024-BLG-2059L b,1,Microlensing,2025,Published Confirmed,0,,2.55,,6.99222495,0.022,6070.0
KMT-2024-BLG-2087L b,1,Microlensing,2026,Published Confirmed,0,,3.03,,1395.26670673,4.39,7190.0
KMT-2024-BLG-2242L b,1,Microlensing,2025,Published Confirmed,0,,0.89,,13.98444991,0.044,7620.0
KMT-2025-BLG-0121L b,1,Microlensing,2026,Published Confirmed,0,,3.05,,2469.52672239,7.77,6200.0
KMT-2025-BLG-0481L b,1,Microlensing,2026,Published Confirmed,0,,2.18,,187.51876013,0.59,7980.0
KMT-2025-BLG-1616L b,1,Microlensing,2026,Published Confirmed,0,,1.6,,42.32,0.13315361,7500.0
KOBE-1 b,1,Radial Velocity,2025,Published Confirmed,0,8.5399,0.07006,,8.8,0.0276879,23.9718
KOBE-1 c,1,Radial Velocity,2025,Published Confirmed,0,29.671,0.16071,,12.4,0.03901476,23.9718
KOI-12 b,1,Transit,2015,Published Confirmed,0,17.855182,0.154,13.78707,349.613,1.1,399.398
KOI-1257 b,1,Transit,2014,Published Confirmed,0,86.647661,0.382,10.54,460.83,1.45,
KOI-13 b,1,Transit,2011,Published Confirmed,0,1.763588,0.03641,16.948008,2949.4624,9.28,519.096
KOI-134 b,1,Transit,2025,Published Confirmed,0,67.1277,0.363,12.03844527,346.43296363,1.09,1159.21
KOI-134 c,1,Transit Timing Variations,2025,Published Confirmed,0,33.95,0.2305,,69.92224954,0.22,1159.21
KOI-142 b,1,Transit,2013,Published Confirmed,0,10.91647,,3.438,9.5,0.03,376.863
KOI-142 c,1,Transit Timing Variations,2013,Published Confirmed,0,22.26492,,,214.1,0.674,376.863
KOI-1599.01,1,Transit,2019,Published Confirmed,0,20.4415,0.14728,1.9,4.6,0.01447315,1131.64
KOI-1599.02,1,Transit,2019,Published Confirmed,0,13.6088,0.112293,1.9,9.0,0.02831702,1131.64
KOI-1783.01,1,Transit,2020,Published Confirmed,0,134.4628,,8.86,71.0,0.22338986,865.73
KOI-1783.02,1,Transit,2020,Published Confirmed,0,284.215,,5.44,15.0,0.04719504,865.73
KOI-1831 d,1,Transit,2018,Published Confirmed,0,34.169,,1.13,2.23,0.00701636,501.574
KOI-1833 d,1,Transit,2021,Published Confirmed,0,7.685,,2.58,11.02,0.0346728,290.324
KOI-1843.03,1,Transit,2013,Published Confirmed,0,0.1768913,,0.61,8.0,0.02517081,134.311
KOI-217 b,1,Transit,2010,Published Confirmed,0,3.90512,0.0477,12.442,,,914.699
KOI-2513.01,1,Transit,2023,Published Confirmed,0,19.00547,0.5,2.80224517,7310.053361,23.0,1369.87
KOI-3503 b,1,Transit,2021,Published Confirmed,0,21.185,,1.19,9.2,0.02894644,887.064
KOI-3503 c,1,Transit,2021,Published Confirmed,0,31.828,,1.21,10.36,0.03259621,887.064
KOI-351 b,1,Transit,2013,Published Confirmed,0,7.008151,0.074,1.31,,,848.254
KOI-351 c,1,Transit,2013,Published Confirmed,0,8.719375,0.089,1.19,,,848.254
KOI-351 d,1,Transit,2013,Published Confirmed,0,59.73667,0.32,2.87,,,848.254
KOI-351 e,1,Transit,2013,Published Confirmed,0,91.93913,0.42,2.66,,,848.254
KOI-351 f,1,Transit,2013,Published Confirmed,0,124.9144,0.48,2.88,,,848.254
KOI-351 g,1,Transit,2013,Published Confirmed,0,210.73514,,,15.0,0.04719528,848.254
KOI-351 h,1,Transit,2013,Published Confirmed,0,331.60296,,,203.0,0.63870943,848.254
KOI-3680 b,1,Transit,2018,Published Confirmed,0,141.241671,0.534,11.09691,613.4119,1.93,921.986
KOI-4777.01,1,Transit,2022,Published Confirmed,0,0.412,0.008,0.51,99.2,0.3121181,172.245
KOI-4978 b,1,Transit,2024,Published Confirmed,0,0.941967,,0.7,,,936.341
KOI-55 b,1,Orbital Brightness Modulation,2011,Published Confirmed,1,0.240104,0.006,0.759,0.44,0.0014,1231.02
KOI-55 c,1,Orbital Brightness Modulation,2011,Published Confirmed,1,0.342887,0.0076,0.867,0.655,0.0021,1231.02
KOI-7368 b,1,Transit,2022,Published Confirmed,0,6.8430344,,2.22,,,264.995
KOI-7913 b,1,Transit,2022,Published Confirmed,0,24.278553,,2.34,,,271.277
KOI-94 b,1,Transit,2013,Published Confirmed,0,3.743208,0.05119,1.71,10.5,0.033,477.052
KOI-94 c,1,Transit,2013,Published Confirmed,0,10.423648,0.1013,4.32,15.6,0.049,477.052
KOI-94 d,1,Transit,2013,Published Confirmed,0,22.342989,0.1684,11.27,106.0,0.334,477.052
KOI-94 e,1,Transit,2013,Published Confirmed,0,54.32031,0.3046,6.56,35.0,0.11,477.052
KOI-984 b,1,Transit,2022,Published Confirmed,0,4.2881785,0.0504,4.3,,,252.667
KOI-984 c,1,Transit Timing Variations,2022,Published Confirmed,0,21.512,0.1467,,209.8,0.66010462,252.667
KOINTREAU-1 b,1,Imaging,2026,Published Confirmed,0,,690.0,,3368.9811142,10.6,158.618
KOINTREAU-3 b,1,Imaging,2026,Published Confirmed,0,,342.0,,1080.6165838,3.4,140.563
KOINTREAU-4 b,1,Imaging,2026,Published Confirmed,0,,182.0,,4862.7746271,15.3,145.434
KPS-1 b,1,Transit,2018,Published Confirmed,0,1.706291,0.0269,11.54527,346.4347,1.09,262.706
Kapteyn c,1,Radial Velocity,2014,Published Confirmed,1,121.54,0.311,,7.0,0.022,3.93305
Kepler-10 b,1,Transit,2011,Published Confirmed,0,0.8374907,0.01685,1.47,3.24,0.01019418,185.506
Kepler-10 c,1,Transit,2011,Published Confirmed,0,45.294301,0.241,2.355,11.29,0.03552231,185.506
Kepler-10 d,1,Radial Velocity,2023,Published Confirmed,0,151.06,0.5379,,12.0,0.03775622,185.506
Kepler-100 b,1,Transit,2014,Published Confirmed,0,6.88734,,1.34,4.01,0.01261687,304.645
Kepler-100 c,1,Transit,2014,Published Confirmed,0,12.8159,,2.2,7.05,0.02218167,304.645
Kepler-100 d,1,Transit,2014,Published Confirmed,0,35.3331,,1.61,3.0,0.00943901,304.645
Kepler-100 e,1,Radial Velocity,2023,Published Confirmed,0,60.888588,0.312391586,,24.14271827,0.07596149,304.645
Kepler-1000 b,1,Transit,2016,Published Confirmed,0,120.0181272,,4.76,,,1115.62
Kepler-1001 b,1,Transit,2016,Published Confirmed,0,14.30511983,,3.15,,,928.978
Kepler-1001 c,1,Transit,2020,Published Confirmed,0,9.18186,,1.57799279,,,928.978
Kepler-1002 b,1,Transit,2016,Published Confirmed,0,4.336429331,,1.71,,,408.303
Kepler-1003 b,1,Transit,2016,Published Confirmed,0,3.554856915,,1.78,,,941.902
Kepler-1004 b,1,Transit,2016,Published Confirmed,0,5.28789787,,6.28,,,1152.68
Kepler-1005 b,1,Transit,2016,Published Confirmed,0,6.49801525,,1.5,,,567.806
Kepler-1006 b,1,Transit,2016,Published Confirmed,0,19.76172042,,1.54,,,
Kepler-1007 b,1,Transit,2016,Published Confirmed,0,5.185002073,,1.44,,,
Kepler-1008 b,1,Transit,2016,Published Confirmed,0,12.43931193,,1.28,,,282.565
Kepler-1009 b,1,Transit,2016,Published Confirmed,0,11.35011917,,2.17,,,355.019
Kepler-101 b,1,Transit,2014,Published Confirmed,0,3.4876812,0.0474,5.77,51.1,0.16,927.981
Kepler-101 c,1,Transit,2014,Published Confirmed,0,6.02976,0.0684,1.25,3.78,0.01,927.981
Kepler-1010 b,1,Transit,2016,Published Confirmed,0,34.2685705,,2.32,,,579.273
Kepler-1011 b,1,Transit,2016,Published Confirmed,0,5.753221974,,2.87,,,736.779
Kepler-1012 b,1,Transit,2016,Published Confirmed,0,5.50860439,,1.29,,,411.077
Kepler-1013 b,1,Transit,2016,Published Confirmed,0,18.93054959,,2.15,,,422.246
Kepler-1014 b,1,Transit,2016,Published Confirmed,0,16.57110363,,2.39,,,624.8
Kepler-1015 b,1,Transit,2016,Published Confirmed,0,16.00494214,,3.55,,,739.357
Kepler-1016 b,1,Transit,2016,Published Confirmed,0,1.954524342,,2.18,,,1402.82
Kepler-1016 c,1,Transit,2016,Published Confirmed,0,105.6551369,,3.68,,,1402.82
Kepler-1017 b,1,Transit,2016,Published Confirmed,0,7.23400469,,1.99,,,552.058
Kepler-1018 b,1,Transit,2016,Published Confirmed,0,49.1013514,,2.58,,,1010.01
Kepler-1019 b,1,Transit,2016,Published Confirmed,0,1.411229847,,1.46,,,194.182
Kepler-102 b,1,Transit,2014,Published Confirmed,0,5.286965,0.05521,0.46,1.1,0.00346099,107.796
Kepler-102 c,1,Transit,2014,Published Confirmed,0,7.071392,0.06702,0.567,1.7,0.0053488,107.796
Kepler-102 d,1,Transit,2014,Published Confirmed,0,10.311767,0.08618,1.154,3.0,0.00943906,107.796
Kepler-102 e,1,Transit,2013,Published Confirmed,0,16.1456994,0.1162,2.17,4.7,0.01478785,107.796
Kepler-102 f,1,Transit,2014,Published Confirmed,0,27.453592,0.1656,0.861,4.3,0.01352931,107.796
Kepler-1020 b,1,Transit,2016,Published Confirmed,0,96.9151496,,2.28,,,415.358
Kepler-1021 b,1,Transit,2016,Published Confirmed,0,13.47469571,,2.33,,,810.082
Kepler-1022 b,1,Transit,2016,Published Confirmed,0,10.99469878,,2.36,,,420.042
Kepler-1023 b,1,Transit,2016,Published Confirmed,0,62.1387714,,2.63,,,694.175
Kepler-1024 b,1,Transit,2016,Published Confirmed,0,66.4162133,,3.91,,,1087.4
Kepler-1025 b,1,Transit,2016,Published Confirmed,0,37.3229493,,1.98,,,803.776
Kepler-1026 b,1,Transit,2016,Published Confirmed,0,36.5156053,,2.21,,,351.239
Kepler-1027 b,1,Transit,2016,Published Confirmed,0,1.907805199,,0.89,,,405.104
Kepler-1028 b,1,Transit,2016,Published Confirmed,0,2.51462432,,1.33,,,607.916
Kepler-1029 b,1,Transit,2016,Published Confirmed,0,4.417696479,,1.26,,,366.656
Kepler-103 b,1,Transit,2014,Published Confirmed,0,15.9653287,0.133,3.4857,11.67,0.03671793,494.832
Kepler-103 c,1,Transit,2014,Published Confirmed,0,179.60978,0.6679,5.4539,58.47,0.18396719,494.832
Kepler-1030 b,1,Transit,2016,Published Confirmed,0,19.32952416,,2.48,,,758.702
Kepler-1031 b,1,Transit,2016,Published Confirmed,0,1.22621732,,0.87,,,682.882
Kepler-1032 b,1,Transit,2016,Published Confirmed,0,3.290117953,,1.87,,,673.01
Kepler-1033 b,1,Transit,2016,Published Confirmed,0,7.56052806,,2.51,,,1455.5
Kepler-1034 b,1,Transit,2016,Published Confirmed,0,12.12400943,,2.26,,,654.549
Kepler-1035 b,1,Transit,2016,Published Confirmed,0,2.714077555,,1.17,,,562.116
Kepler-1036 b,1,Transit,2016,Published Confirmed,0,122.8808058,,3.01,,,489.435
Kepler-1037 b,1,Transit,2016,Published Confirmed,0,1.063788673,,1.28,,,446.914
Kepler-1038 b,1,Transit,2016,Published Confirmed,0,148.4603382,,3.53,,,584.136
Kepler-1038 c,1,Transit,2021,Published Confirmed,0,7.127659798,,1.4162338,,,584.136
Kepler-1039 b,1,Transit,2016,Published Confirmed,0,0.934884242,,1.46,,,306.91
Kepler-104 b,1,Transit,2014,Published Confirmed,0,11.427548,0.094,3.1,,,400.785
Kepler-104 c,1,Transit,2014,Published Confirmed,0,23.668205,0.153,3.13,,,400.785
Kepler-104 d,1,Transit,2014,Published Confirmed,0,51.755394,0.257,3.58,,,400.785
Kepler-1040 b,1,Transit,2016,Published Confirmed,0,201.1214,,2.08,,,482.119
Kepler-1041 b,1,Transit,2016,Published Confirmed,0,24.7576421,,2.94,,,1485.82
Kepler-1042 b,1,Transit,2016,Published Confirmed,0,10.13202575,,2.19,,,
Kepler-1043 b,1,Transit,2016,Published Confirmed,0,38.5053398,,2.55,,,903.332
Kepler-1044 b,1,Transit,2016,Published Confirmed,0,6.77408868,,2.67,,,1278.96
Kepler-1045 b,1,Transit,2016,Published Confirmed,0,26.41045478,,2.69,,,942.485
Kepler-1046 b,1,Transit,2016,Published Confirmed,0,14.37508035,,1.71,,,721.534
Kepler-1047 b,1,Transit,2016,Published Confirmed,0,56.1886887,,2.09,,,817.647
Kepler-1047 c,1,Transit,2016,Published Confirmed,0,3.18897601,,0.99,,,817.647
Kepler-1048 b,1,Transit,2016,Published Confirmed,0,6.92101021,,1.61,,,556.006
Kepler-1049 b,1,Transit,2016,Published Confirmed,0,3.273460736,,0.95,,,162.006
Kepler-105 b,1,Transit,2013,Published Confirmed,0,5.4122034,,2.53,10.8,0.0339806,459.223
Kepler-105 c,1,Transit,2014,Published Confirmed,0,7.12592,,1.44,5.6,0.01761957,459.223
Kepler-1050 b,1,Transit,2016,Published Confirmed,0,15.3787546,,1.6,,,490.488
Kepler-1050 c,1,Transit,2016,Published Confirmed,0,21.1284569,,1.48,,,490.488
Kepler-1051 b,1,Transit,2016,Published Confirmed,0,25.96200249,,3.4,,,829.343
Kepler-1052 b,1,Transit,2016,Published Confirmed,0,34.8538276,,2.93,,,943.444
Kepler-1052 c,1,Transit,2023,Kepler Project Candidate (q1_q17_dr25_koi),0,180.921729,0.6135,2.3,,,943.444
Kepler-1053 b,1,Transit,2016,Published Confirmed,0,2.414351654,,0.98,,,151.129
Kepler-1054 b,1,Transit,2016,Published Confirmed,0,4.30655689,,2.63,,,1090.51
Kepler-1055 b,1,Transit,2016,Published Confirmed,0,2.295036233,,1.23,,,389.397
Kepler-1056 b,1,Transit,2016,Published Confirmed,0,27.495606,,3.01,,,982.51
Kepler-1057 b,1,Transit,2016,Published Confirmed,0,14.08827448,,3.36,,,1201.82
Kepler-1058 b,1,Transit,2016,Published Confirmed,0,110.96546,,2.72,,,491.997
Kepler-1059 b,1,Transit,2016,Published Confirmed,0,3.764191048,,1.73,,,713.167
Kepler-106 b,1,Transit,2014,Published Confirmed,0,6.16486,,0.82,5.3,0.01667558,444.322
Kepler-106 c,1,Transit,2014,Published Confirmed,0,13.5708,,2.5,10.44,0.033,444.322
Kepler-106 d,1,Transit,2014,Published Confirmed,0,23.9802,,0.95,8.1,0.02548532,444.322
Kepler-106 e,1,Transit,2014,Published Confirmed,0,43.8445,,2.56,11.17,0.035,444.322
Kepler-1060 b,1,Transit,2016,Published Confirmed,0,46.8779367,,2.38,,,946.565
Kepler-1061 b,1,Transit,2016,Published Confirmed,0,2.757982666,,1.98,,,543.375
Kepler-1062 b,1,Transit,2016,Published Confirmed,0,9.30412078,,1.76,,,397.455
Kepler-1063 b,1,Transit,2016,Published Confirmed,0,14.07971466,,1.49,,,343.226
Kepler-1064 b,1,Transit,2016,Published Confirmed,0,16.54080322,,1.55,,,
Kepler-1065 b,1,Transit,2016,Published Confirmed,0,3.609308907,,3.73,,,1122.48
Kepler-1065 c,1,Transit,2016,Published Confirmed,0,2.37030743,,1.6,,,1122.48
Kepler-1066 b,1,Transit,2016,Published Confirmed,0,1.931559839,,2.36,,,344.251
Kepler-1067 b,1,Transit,2016,Published Confirmed,0,0.762129261,,0.8,,,667.693
Kepler-1067 c,1,Transit,2021,Published Confirmed,0,5.425839901,,1.74682428,,,667.693
Kepler-1068 b,1,Transit,2016,Published Confirmed,0,16.92344113,,3.63,,,1473.61
Kepler-1069 b,1,Transit,2016,Published Confirmed,0,23.8990296,,1.6,,,695.967
Kepler-107 b,1,Transit,2014,Published Confirmed,0,3.1800218,0.04544,1.536,3.8,0.01195614,525.997
Kepler-107 c,1,Transit,2014,Published Confirmed,0,4.901452,0.06064,1.597,10.0,0.03146352,525.997
Kepler-107 d,1,Transit,2014,Published Confirmed,0,7.95839,0.08377,0.86,7.7,0.02422691,525.997
Kepler-107 e,1,Transit,2014,Published Confirmed,0,14.749143,0.12638,2.903,14.1,0.04436356,525.997
Kepler-1070 b,1,Transit,2016,Published Confirmed,0,6.2216147,,1.73,,,939.001
Kepler-1071 b,1,Transit,2016,Published Confirmed,0,6.1799844,,2.38,,,1042.27
Kepler-1072 b,1,Transit,2016,Published Confirmed,0,1.569066502,,1.58,,,982.716
Kepler-1073 b,1,Transit,2016,Published Confirmed,0,8.67888593,,2.3,,,809.897
Kepler-1073 c,1,Transit,2016,Published Confirmed,0,4.02582254,,1.64,,,809.897
Kepler-1073 d,1,Transit,2021,Published Confirmed,0,2.504760027,,1.48770949,,,809.897
Kepler-1074 b,1,Transit,2016,Published Confirmed,0,5.94566534,,1.25,,,250.817
Kepler-1075 b,1,Transit,2016,Published Confirmed,0,1.52372816,,1.42,,,291.275
Kepler-1076 b,1,Transit,2016,Published Confirmed,0,6.14727918,,0.8,,,
Kepler-1077 b,1,Transit,2016,Published Confirmed,0,34.3511874,,2.77,,,1101.42
Kepler-1078 b,1,Transit,2016,Published Confirmed,0,3.00725242,,1.9,,,2481.71
Kepler-1079 b,1,Transit,2016,Published Confirmed,0,13.24503188,,1.63,,,591.098
Kepler-108 b,1,Transit,2014,Published Confirmed,0,49.183921,0.292,8.65,,,338.732
Kepler-108 c,1,Transit,2014,Published Confirmed,0,190.323494,0.721,8.18,,,338.732
Kepler-1080 b,1,Transit,2016,Published Confirmed,0,77.2548396,,3.28,,,1382.82
Kepler-1081 b,1,Transit,2016,Published Confirmed,0,3.856918547,,1.01,,,420.215
Kepler-1082 b,1,Transit,2016,Published Confirmed,0,1.543206604,,1.12,,,739.557
Kepler-1083 b,1,Transit,2016,Published Confirmed,0,33.4177993,,3.36,,,902.633
Kepler-1084 b,1,Transit,2016,Published Confirmed,0,2.05333679,,1.11,,,405.533
Kepler-1085 b,1,Transit,2016,Published Confirmed,0,219.3217528,,7.22,,,1364.53
Kepler-1085 c,1,Transit,2020,Published Confirmed,0,56.7771,,3.26817741,,,1364.53
Kepler-1086 b,1,Transit,2016,Published Confirmed,0,18.78425728,,2.44,,,466.084
Kepler-1086 c,1,Transit,2016,Published Confirmed,0,161.5163345,,2.94,,,466.084
Kepler-1087 b,1,Transit,2016,Published Confirmed,0,0.693842855,,0.61,,,362.623
Kepler-1088 b,1,Transit,2016,Published Confirmed,0,23.12748644,,1.42,,,280.629
Kepler-1089 b,1,Transit,2016,Published Confirmed,0,5.132485618,,1.83,,,259.328
Kepler-109 b,1,Transit,2014,Published Confirmed,0,6.4816307,0.0701,2.49,4.9,0.01541712,474.861
Kepler-109 c,1,Transit,2014,Published Confirmed,0,21.22265,0.1546,2.65,8.2,0.02580009,474.861
Kepler-1090 b,1,Transit,2016,Published Confirmed,0,198.680179,,2.25,,,858.77
Kepler-1090 c,1,Transit,2021,Published Confirmed,0,42.42720032,,3.29265785,,,858.77
Kepler-1091 b,1,Transit,2016,Published Confirmed,0,1.434741564,,1.46,,,914.299
Kepler-1092 b,1,Transit,2016,Published Confirmed,0,58.6017925,,2.07,,,981.233
Kepler-1093 b,1,Transit,2016,Published Confirmed,0,25.0824626,,1.95,,,1072.88
Kepler-1093 c,1,Transit,2016,Published Confirmed,0,89.722292,,1.96,,,1072.88
Kepler-1094 b,1,Transit,2016,Published Confirmed,0,78.1000231,,3.18,,,1291.01
Kepler-1095 b,1,Transit,2016,Published Confirmed,0,4.27103091,,1.21,,,792.522
Kepler-1096 b,1,Transit,2016,Published Confirmed,0,2.892217506,,1.24,,,377.976
Kepler-1097 b,1,Transit,2016,Published Confirmed,0,187.747029,,3.26,,,719.802
Kepler-1098 b,1,Transit,2016,Published Confirmed,0,2.543072855,,1.3,,,1049.19
Kepler-1099 b,1,Transit,2016,Published Confirmed,0,2.168452593,,2.83,,,1022.8
Kepler-11 b,1,Transit,2010,Published Confirmed,0,10.3039,0.091,1.8,1.9,0.006,646.346
Kepler-11 c,1,Transit,2010,Published Confirmed,0,13.0241,0.107,2.87,2.9,0.009,646.346
Kepler-11 d,1,Transit,2010,Published Confirmed,0,22.6845,0.155,3.12,7.3,0.023,646.346
Kepler-11 e,1,Transit,2010,Published Confirmed,0,31.9996,0.195,4.19,8.0,0.025,646.346
Kepler-11 f,1,Transit,2010,Published Confirmed,0,46.6888,0.25,2.49,2.0,0.006,646.346
Kepler-11 g,1,Transit,2010,Published Confirmed,0,118.3807,0.466,3.33,25.0,0.079,646.346
Kepler-110 b,1,Transit,2014,Published Confirmed,0,12.691112,0.107,1.83,,,586.531
Kepler-110 c,1,Transit,2014,Published Confirmed,0,31.719775,0.198,2.21,,,586.531
Kepler-1100 b,1,Transit,2016,Published Confirmed,0,6.42200058,,1.75,,,693.618
Kepler-1101 b,1,Transit,2016,Published Confirmed,0,81.3151059,,2.47,,,742.473
Kepler-1102 b,1,Transit,2016,Published Confirmed,0,51.3285623,,2.66,,,1246.05
Kepler-1103 b,1,Transit,2016,Published Confirmed,0,19.79191978,,2.27,,,1331.92
Kepler-1104 b,1,Transit,2016,Published Confirmed,0,5.03728015,,1.23,,,530.658
Kepler-1105 b,1,Transit,2016,Published Confirmed,0,4.421572182,,2.01,,,318.004
Kepler-1106 b,1,Transit,2016,Published Confirmed,0,1.252752174,,1.65,,,1090.7
Kepler-1107 b,1,Transit,2016,Published Confirmed,0,0.571038518,,1.34,,,428.798
Kepler-1108 b,1,Transit,2016,Published Confirmed,0,4.51005748,,1.46,,,767.701
Kepler-1109 b,1,Transit,2016,Published Confirmed,0,37.6467384,,2.19,,,685.087
Kepler-111 b,1,Transit,2014,Published Confirmed,0,3.341815,0.046,1.58,,,657.223
Kepler-111 c,1,Transit,2014,Published Confirmed,0,224.77833,0.751,7.0840758,222.4798849,0.7,657.223
Kepler-1110 b,1,Transit,2016,Published Confirmed,0,9.69312032,,2.66,,,726.828
Kepler-1111 b,1,Transit,2016,Published Confirmed,0,8.79617863,,2.0,,,841.536
Kepler-1112 b,1,Transit,2016,Published Confirmed,0,14.36267939,,3.02,,,1671.28
Kepler-1113 b,1,Transit,2016,Published Confirmed,0,42.3004954,,2.81,,,1073.88
Kepler-1114 b,1,Transit,2016,Published Confirmed,0,14.97435694,,1.35,,,418.417
Kepler-1115 b,1,Transit,2016,Published Confirmed,0,23.5540725,,1.7,,,983.245
Kepler-1116 b,1,Transit,2016,Published Confirmed,0,41.6977827,,2.54,,,1008.57
Kepler-1117 b,1,Transit,2016,Published Confirmed,0,4.79028459,,1.11,,,568.487
Kepler-1118 b,1,Transit,2016,Published Confirmed,0,38.6715075,,2.74,,,888.325
Kepler-1119 b,1,Transit,2016,Published Confirmed,0,8.3265153,,1.92,,,1757.23
Kepler-112 b,1,Transit,2014,Published Confirmed,0,8.408878,0.076,2.36,,,513.206
Kepler-112 c,1,Transit,2014,Published Confirmed,0,28.574263,0.172,2.4,,,513.206
Kepler-1120 b,1,Transit,2016,Published Confirmed,0,2.949029052,,1.38,,,615.231
Kepler-1121 b,1,Transit,2016,Published Confirmed,0,13.15141081,,1.91,,,482.047
Kepler-1122 b,1,Transit,2016,Published Confirmed,0,42.1917357,,2.04,,,1230.42
Kepler-1123 b,1,Transit,2016,Published Confirmed,0,4.33946454,,1.67,,,704.323
Kepler-1124 b,1,Transit,2016,Published Confirmed,0,2.852348975,,1.28,,,289.899
Kepler-1125 b,1,Transit,2016,Published Confirmed,0,17.6700642,,1.84,,,2011.41
Kepler-1126 b,1,Transit,2016,Published Confirmed,0,108.593329,,1.73,,,635.736
Kepler-1126 c,1,Transit,2023,Kepler Project Candidate (q1_q17_dr25_koi),0,199.66876,0.6193,1.45,,,635.736
Kepler-1127 b,1,Transit,2016,Published Confirmed,0,5.12330347,,1.96,,,842.459
Kepler-1128 b,1,Transit,2016,Published Confirmed,0,61.6178167,,3.65,,,1083.41
Kepler-1129 b,1,Transit,2016,Published Confirmed,0,24.3397804,,2.96,,,1183.88
Kepler-1129 c,1,Transit,2016,Published Confirmed,0,76.5369586,,2.73,,,1183.88
Kepler-113 b,1,Transit,2014,Published Confirmed,0,4.754,,1.82,11.7,0.037,262.351
Kepler-113 c,1,Transit,2014,Published Confirmed,0,8.92507,,2.18,8.7,0.02737312,262.351
Kepler-1130 b,1,Transit,2016,Published Confirmed,0,5.45298175,,0.8,,,249.343
Kepler-1130 c,1,Transit,2021,Published Confirmed,0,3.266639948,,0.79239584,,,249.343
Kepler-1130 d,1,Transit,2021,Published Confirmed,0,4.272250175,,0.64472273,,,249.343
Kepler-1131 b,1,Transit,2016,Published Confirmed,0,3.53232449,,1.59,,,1030.7
Kepler-1132 b,1,Transit,2016,Published Confirmed,0,62.8916228,,2.35,,,867.931
Kepler-1133 b,1,Transit,2016,Published Confirmed,0,11.55562343,,1.97,,,753.135
Kepler-1134 b,1,Transit,2016,Published Confirmed,0,17.13263989,,2.64,,,944.445
Kepler-1135 b,1,Transit,2016,Published Confirmed,0,76.957857,,1.85,,,1314.64
Kepler-1136 b,1,Transit,2016,Published Confirmed,0,2.361724329,,1.64,,,491.406
Kepler-1137 b,1,Transit,2016,Published Confirmed,0,23.9210791,,2.2,,,921.778
Kepler-1138 b,1,Transit,2016,Published Confirmed,0,3.17060005,,1.7,,,872.328
Kepler-1139 b,1,Transit,2016,Published Confirmed,0,0.813166719,,1.19,,,495.156
Kepler-114 b,1,Transit,2014,Published Confirmed,0,5.188549,0.053,1.26,,,259.533
Kepler-114 c,1,Transit,2013,Published Confirmed,0,8.041,,1.6,2.8,0.009,259.533
Kepler-114 d,1,Transit,2013,Published Confirmed,0,11.776,,2.53,3.9,0.012,259.533
Kepler-1140 b,1,Transit,2016,Published Confirmed,0,24.0862707,,2.77,,,656.48
Kepler-1141 b,1,Transit,2016,Published Confirmed,0,2.344511944,,0.82,,,393.642
Kepler-1142 b,1,Transit,2016,Published Confirmed,0,18.3027248,,1.47,,,1273.51
Kepler-1143 b,1,Transit,2016,Published Confirmed,0,2.888904849,,1.67,,,555.189
Kepler-1143 c,1,Transit,2016,Published Confirmed,0,210.630591,,3.6,,,555.189
Kepler-1144 b,1,Transit,2016,Published Confirmed,0,17.14647302,,1.99,,,1140.57
Kepler-1145 b,1,Transit,2016,Published Confirmed,0,3.97076766,,1.4,,,691.961
Kepler-1146 b,1,Transit,2016,Published Confirmed,0,2.352265797,,1.23,,,703.038
Kepler-1147 b,1,Transit,2016,Published Confirmed,0,10.62784997,,2.61,,,1657.36
Kepler-1148 b,1,Transit,2016,Published Confirmed,0,1.104463509,,1.69,,,625.692
Kepler-1149 b,1,Transit,2016,Published Confirmed,0,3.73089898,,1.44,,,1217.73
Kepler-115 b,1,Transit,2014,Published Confirmed,0,2.403679,0.036,1.09,,,623.609
Kepler-115 c,1,Transit,2014,Published Confirmed,0,8.990889,0.087,2.6,,,623.609
Kepler-1150 b,1,Transit,2016,Published Confirmed,0,2.787868386,,1.02,,,358.518
Kepler-1151 b,1,Transit,2016,Published Confirmed,0,65.6478424,,2.22,,,682.436
Kepler-1152 b,1,Transit,2016,Published Confirmed,0,1.646801908,,0.87,,,215.233
Kepler-1153 b,1,Transit,2016,Published Confirmed,0,1.755835327,,1.73,,,1119.49
Kepler-1154 b,1,Transit,2016,Published Confirmed,0,5.1856142,,2.34,,,1460.1
Kepler-1154 c,1,Transit,2016,Published Confirmed,0,8.45808312,,2.36,,,1460.1
Kepler-1155 b,1,Transit,2016,Published Confirmed,0,33.469743,,2.03,,,1128.72
Kepler-1156 b,1,Transit,2016,Published Confirmed,0,11.89520511,,1.32,,,691.331
Kepler-1157 b,1,Transit,2016,Published Confirmed,0,4.45743164,,1.09,,,342.144
Kepler-1158 b,1,Transit,2016,Published Confirmed,0,13.5396293,,2.34,,,1484.25
Kepler-1159 b,1,Transit,2016,Published Confirmed,0,22.70816791,,2.37,,,1213.71
Kepler-116 b,1,Transit,2014,Published Confirmed,0,5.968734,0.069,3.42,,,955.168
Kepler-116 c,1,Transit,2014,Published Confirmed,0,13.07163,0.116,2.3,,,955.168
Kepler-1160 b,1,Transit,2016,Published Confirmed,0,7.97034958,,2.14,,,1077.63
Kepler-1161 b,1,Transit,2016,Published Confirmed,0,10.71252541,,2.13,,,547.726
Kepler-1162 b,1,Transit,2016,Published Confirmed,0,32.5637069,,2.21,,,940.211
Kepler-1162 c,1,Transit,2023,Kepler Project Candidate (q1_q17_dr25_koi),0,59.284064,0.2832,1.81,,,940.211
Kepler-1163 b,1,Transit,2016,Published Confirmed,0,6.11786898,,1.03,,,478.647
Kepler-1164 b,1,Transit,2016,Published Confirmed,0,3.97599768,,1.12,,,431.622
Kepler-1165 b,1,Transit,2016,Published Confirmed,0,9.478522,,1.55,,,1575.2
Kepler-1165 c,1,Transit,2021,Published Confirmed,0,29.96870041,,3.36093385,,,1575.2
Kepler-1166 b,1,Transit,2016,Published Confirmed,0,33.2406882,,1.69,,,634.906
Kepler-1167 b,1,Transit,2016,Published Confirmed,0,1.003933739,,1.71,,,820.905
Kepler-1168 b,1,Transit,2016,Published Confirmed,0,55.8226539,,2.5,,,752.666
Kepler-1169 b,1,Transit,2016,Published Confirmed,0,6.11009134,,0.94,,,522.823
Kepler-117 b,1,Transit,2014,Published Confirmed,0,18.7959228,0.1445,8.059,29.875,0.094,1455.57
Kepler-117 c,1,Transit,2014,Published Confirmed,0,50.790391,0.2804,12.341,584.78,1.84,1455.57
Kepler-1170 b,1,Transit,2016,Published Confirmed,0,9.98969327,,2.41,,,1050.45
Kepler-1171 b,1,Transit,2016,Published Confirmed,0,1.44259224,,2.56,,,573.0
Kepler-1172 b,1,Transit,2016,Published Confirmed,0,26.0204423,,3.2,,,1306.53
Kepler-1173 b,1,Transit,2016,Published Confirmed,0,0.7698536,,0.89,,,377.06
Kepler-1174 b,1,Transit,2016,Published Confirmed,0,6.89225223,,1.59,,,1408.75
Kepler-1175 b,1,Transit,2016,Published Confirmed,0,37.94563,,2.99,,,1121.89
Kepler-1176 b,1,Transit,2016,Published Confirmed,0,24.1738579,,2.45,,,864.699
Kepler-1177 b,1,Transit,2016,Published Confirmed,0,106.247547,,1.9,,,1299.97
Kepler-1178 b,1,Transit,2016,Published Confirmed,0,31.80634,,1.07,,,482.287
Kepler-1179 b,1,Transit,2016,Published Confirmed,0,2.685057492,,1.32,,,415.205
Kepler-118 b,1,Transit,2014,Published Confirmed,0,7.518496,0.073,1.96,,,574.228
Kepler-118 c,1,Transit,2014,Published Confirmed,0,20.17202,0.141,7.68,,,574.228
Kepler-1180 b,1,Transit,2016,Published Confirmed,0,16.8601286,,1.99,,,1596.8
Kepler-1181 b,1,Transit,2016,Published Confirmed,0,4.89337519,,1.57,,,938.417
Kepler-1181 c,1,Transit,2023,Kepler Project Candidate (q1_q17_dr25_koi),0,8.93484887,0.0928,1.83,,,938.417
Kepler-1182 b,1,Transit,2016,Published Confirmed,0,11.17394617,,2.41,,,1545.39
Kepler-1183 b,1,Transit,2016,Published Confirmed,0,28.5057189,,2.82,,,1919.19
Kepler-1184 b,1,Transit,2016,Published Confirmed,0,53.5991044,,2.68,,,1157.84
Kepler-1185 b,1,Transit,2016,Published Confirmed,0,104.3518976,,1.33,,,459.273
Kepler-1186 b,1,Transit,2016,Published Confirmed,0,16.07677615,,2.23,,,1337.25
Kepler-1187 b,1,Transit,2016,Published Confirmed,0,18.87064068,,2.61,,,1020.53
Kepler-1188 b,1,Transit,2016,Published Confirmed,0,17.1369543,,2.08,,,1717.48
Kepler-1189 b,1,Transit,2016,Published Confirmed,0,3.78858982,,1.77,,,782.852
Kepler-119 b,1,Transit,2014,Published Confirmed,0,2.422082,0.035,3.6,,,701.996
Kepler-119 c,1,Transit,2014,Published Confirmed,0,4.125103,0.049,0.92,,,701.996
Kepler-1190 b,1,Transit,2016,Published Confirmed,0,10.45843441,,1.33,,,342.509
Kepler-1191 b,1,Transit,2016,Published Confirmed,0,5.60014851,,1.51,,,955.536
Kepler-1192 b,1,Transit,2016,Published Confirmed,0,25.2034787,,2.36,,,1304.19
Kepler-1193 b,1,Transit,2016,Published Confirmed,0,2.832652134,,1.32,,,802.116
Kepler-1194 b,1,Transit,2016,Published Confirmed,0,16.22371307,,1.51,,,757.382
Kepler-1195 b,1,Transit,2016,Published Confirmed,0,8.49642241,,2.08,,,918.566
Kepler-1196 b,1,Transit,2016,Published Confirmed,0,66.1849031,,2.23,,,922.333
Kepler-1197 b,1,Transit,2016,Published Confirmed,0,2.03231845,,1.25,,,486.94
Kepler-1198 b,1,Transit,2016,Published Confirmed,0,7.6847716,,1.47,,,743.03
Kepler-1199 b,1,Transit,2016,Published Confirmed,0,15.0447198,,1.15,,,563.493
Kepler-12 b,1,Transit,2011,Published Confirmed,0,4.4379629,0.0553,19.660586,137.30256,0.432,881.386
Kepler-120 b,1,Transit,2014,Published Confirmed,0,6.312501,0.055,2.15,,,388.63
Kepler-120 c,1,Transit,2014,Published Confirmed,0,12.794585,0.088,1.53,,,388.63
Kepler-1200 b,1,Transit,2016,Published Confirmed,0,1.118549717,,1.06,,,588.715
Kepler-1201 b,1,Transit,2016,Published Confirmed,0,15.18725932,,2.29,,,944.241
Kepler-1202 b,1,Transit,2016,Published Confirmed,0,28.6851324,,2.94,,,1175.38
Kepler-1203 b,1,Transit,2016,Published Confirmed,0,0.588000765,,1.06,,,317.022
Kepler-1204 b,1,Transit,2016,Published Confirmed,0,85.7350285,,3.05,,,1175.22
Kepler-1205 b,1,Transit,2016,Published Confirmed,0,1.078390352,,1.41,,,698.485
Kepler-1206 b,1,Transit,2016,Published Confirmed,0,1.216997663,,1.64,,,762.019
Kepler-1207 b,1,Transit,2016,Published Confirmed,0,13.68237119,,1.62,,,1754.19
Kepler-1208 b,1,Transit,2016,Published Confirmed,0,11.08507637,,2.32,,,825.176
Kepler-1209 b,1,Transit,2016,Published Confirmed,0,25.369116,,1.51,,,505.531
Kepler-121 b,1,Transit,2014,Published Confirmed,0,3.177422,0.039,2.34,,,510.523
Kepler-121 c,1,Transit,2014,Published Confirmed,0,41.008011,0.216,2.27,,,510.523
Kepler-1210 b,1,Transit,2016,Published Confirmed,0,8.07124073,,1.7,,,1176.53
Kepler-1211 b,1,Transit,2016,Published Confirmed,0,11.01816836,,2.55,,,1826.53
Kepler-1212 b,1,Transit,2016,Published Confirmed,0,12.94130146,,2.14,,,1316.57
Kepler-1213 b,1,Transit,2016,Published Confirmed,0,5.34982412,,1.19,,,807.812
Kepler-1214 b,1,Transit,2016,Published Confirmed,0,18.82634264,,2.36,,,729.227
Kepler-1215 b,1,Transit,2016,Published Confirmed,0,4.76703963,,1.22,,,661.022
Kepler-1216 b,1,Transit,2016,Published Confirmed,0,4.37034536,,1.39,,,1258.36
Kepler-1217 b,1,Transit,2016,Published Confirmed,0,2.032325072,,1.99,,,1347.71
Kepler-1218 b,1,Transit,2016,Published Confirmed,0,22.9221266,,1.44,,,840.503
Kepler-1219 b,1,Transit,2016,Published Confirmed,0,16.10467749,,2.12,,,880.895
Kepler-122 b,1,Transit,2014,Published Confirmed,0,5.766193,0.064,2.34,,,1027.45
Kepler-122 c,1,Transit,2014,Published Confirmed,0,12.465988,0.108,5.87,,,1027.45
Kepler-122 d,1,Transit,2014,Published Confirmed,0,21.587475,0.155,2.2,,,1027.45
Kepler-122 e,1,Transit,2014,Published Confirmed,0,37.993273,0.227,2.6,,,1027.45
Kepler-122 f,1,Transit Timing Variations,2014,Published Confirmed,0,56.268,,1.75,36.0,0.113,1027.45
Kepler-1220 b,1,Transit,2016,Published Confirmed,0,7.42693741,,1.52,,,961.907
Kepler-1221 b,1,Transit,2016,Published Confirmed,0,12.00096042,,1.88,,,913.65
Kepler-1222 b,1,Transit,2016,Published Confirmed,0,1.916944254,,0.79,,,415.218
Kepler-1223 b,1,Transit,2016,Published Confirmed,0,16.301259,,1.22,,,459.957
Kepler-1224 b,1,Transit,2016,Published Confirmed,0,13.32351601,,1.33,,,559.598
Kepler-1225 b,1,Transit,2016,Published Confirmed,0,7.01075434,,1.82,,,1347.52
Kepler-1226 b,1,Transit,2016,Published Confirmed,0,17.2923453,,1.45,,,1125.72
Kepler-1227 b,1,Transit,2016,Published Confirmed,0,94.2887577,,2.29,,,623.706
Kepler-1228 b,1,Transit,2016,Published Confirmed,0,0.577369579,,1.54,,,515.453
Kepler-1229 b,1,Transit,2016,Published Confirmed,0,86.828989,,1.4,,,265.482
Kepler-123 b,1,Transit,2014,Published Confirmed,0,17.232366,0.135,2.94,,,1021.66
Kepler-123 c,1,Transit,2014,Published Confirmed,0,26.695074,0.181,1.48,,,1021.66
Kepler-1230 b,1,Transit,2016,Published Confirmed,0,9.95661537,,2.71,,,1364.22
Kepler-1231 b,1,Transit,2016,Published Confirmed,0,10.41725184,,1.42,,,987.237
Kepler-1232 b,1,Transit,2016,Published Confirmed,0,26.7839183,,1.93,,,632.865
Kepler-1233 b,1,Transit,2016,Published Confirmed,0,45.1263042,,2.6,,,1178.7
Kepler-1234 b,1,Transit,2016,Published Confirmed,0,11.94014029,,2.81,,,916.749
Kepler-1235 b,1,Transit,2016,Published Confirmed,0,4.16055856,,0.79,,,540.604
Kepler-1236 b,1,Transit,2016,Published Confirmed,0,31.0571618,,2.14,,,999.64
Kepler-1237 b,1,Transit,2016,Published Confirmed,0,84.5733226,,2.86,,,1064.31
Kepler-1238 b,1,Transit,2016,Published Confirmed,0,4.14787559,,1.93,,,1632.13
Kepler-1239 b,1,Transit,2016,Published Confirmed,0,5.19104016,,2.9,,,2140.6
Kepler-124 b,1,Transit,2014,Published Confirmed,0,3.410493,0.039,0.73,,,420.046
Kepler-124 c,1,Transit,2014,Published Confirmed,0,13.821375,0.1,1.75,,,420.046
Kepler-124 d,1,Transit,2014,Published Confirmed,0,30.950851,0.17,1.11,,,420.046
Kepler-1240 b,1,Transit,2016,Published Confirmed,0,4.8663815,,1.15,,,862.186
Kepler-1241 b,1,Transit,2016,Published Confirmed,0,18.5525701,,2.63,,,968.722
Kepler-1242 b,1,Transit,2016,Published Confirmed,0,13.62798432,,2.26,,,687.615
Kepler-1243 b,1,Transit,2016,Published Confirmed,0,16.8320729,,1.75,,,758.17
Kepler-1244 b,1,Transit,2016,Published Confirmed,0,3.70428172,,1.35,,,1075.81
Kepler-1245 b,1,Transit,2016,Published Confirmed,0,4.35409304,,1.44,,,805.936
Kepler-1245 c,1,Transit,2016,Published Confirmed,0,2.936584681,,1.44,,,805.936
Kepler-1246 b,1,Transit,2016,Published Confirmed,0,11.32271513,,1.36,,,436.505
Kepler-1247 b,1,Transit,2016,Published Confirmed,0,13.71220213,,2.33,,,1045.92
Kepler-1248 b,1,Transit,2016,Published Confirmed,0,7.46725407,,1.18,,,593.026
Kepler-1249 b,1,Transit,2016,Published Confirmed,0,24.3347127,,2.38,,,1904.54
Kepler-125 b,1,Transit,2014,Published Confirmed,0,4.164389,0.041,2.37,,,183.365
Kepler-125 c,1,Transit,2014,Published Confirmed,0,5.774464,0.051,0.74,,,183.365
Kepler-1250 b,1,Transit,2016,Published Confirmed,0,2.607543834,,1.92,,,2126.85
Kepler-1251 b,1,Transit,2016,Published Confirmed,0,45.0904643,,1.84,,,902.204
Kepler-1252 b,1,Transit,2016,Published Confirmed,0,15.0540329,,1.67,,,648.979
Kepler-1253 b,1,Transit,2016,Published Confirmed,0,68.8861915,,1.33,,,514.524
Kepler-1254 b,1,Transit,2016,Published Confirmed,0,9.99113313,,1.55,,,622.818
Kepler-1254 c,1,Transit,2016,Published Confirmed,0,3.60084276,,1.3,,,622.818
Kepler-1254 d,1,Transit,2016,Published Confirmed,0,5.72717226,,1.31,,,622.818
Kepler-1255 b,1,Transit,2016,Published Confirmed,0,36.2919336,,2.32,,,1617.07
Kepler-1256 b,1,Transit,2016,Published Confirmed,0,12.4127754,,1.49,,,891.192
Kepler-1257 b,1,Transit,2016,Published Confirmed,0,2.668313762,,1.52,,,1105.95
Kepler-1258 b,1,Transit,2016,Published Confirmed,0,0.984940167,,0.86,,,717.555
Kepler-1259 b,1,Transit,2016,Published Confirmed,0,0.663085258,,1.43,,,805.562
Kepler-126 b,1,Transit,2014,Published Confirmed,0,10.495711,0.099,1.52,,,237.401
Kepler-126 c,1,Transit,2014,Published Confirmed,0,21.869741,0.162,1.58,,,237.401
Kepler-126 d,1,Transit,2014,Published Confirmed,0,100.283134,0.448,2.5,,,237.401
Kepler-1260 b,1,Transit,2016,Published Confirmed,0,19.1187753,,1.77,,,1734.43
Kepler-1261 b,1,Transit,2016,Published Confirmed,0,48.4308991,,2.26,,,744.294
Kepler-1262 b,1,Transit,2016,Published Confirmed,0,8.67900242,,1.82,,,1054.87
Kepler-1263 b,1,Transit,2016,Published Confirmed,0,4.55139967,,1.14,,,664.83
Kepler-1264 b,1,Transit,2016,Published Confirmed,0,0.968526023,,1.18,,,801.993
Kepler-1265 b,1,Transit,2016,Published Confirmed,0,6.49441289,,1.35,,,583.641
Kepler-1266 b,1,Transit,2016,Published Confirmed,0,28.474748,,2.58,,,849.312
Kepler-1266 c,1,Transit,2021,Published Confirmed,0,4.86631012,,1.68023962,,,849.312
Kepler-1267 b,1,Transit,2016,Published Confirmed,0,13.0313945,,3.01,,,1379.43
Kepler-1268 b,1,Transit,2016,Published Confirmed,0,40.9903986,,2.03,,,1840.77
Kepler-1269 b,1,Transit,2016,Published Confirmed,0,37.3331536,,1.63,,,1097.23
Kepler-127 b,1,Transit,2014,Published Confirmed,0,14.435889,0.125,1.4,,,352.794
Kepler-127 c,1,Transit,2014,Published Confirmed,0,29.393195,0.2,2.66,,,352.794
Kepler-127 d,1,Transit,2014,Published Confirmed,0,48.630408,0.28,2.64,,,352.794
Kepler-1270 b,1,Transit,2016,Published Confirmed,0,6.03356196,,3.32,,,1095.05
Kepler-1271 b,1,Transit,2016,Published Confirmed,0,3.0255955,,1.48,,,831.991
Kepler-1272 b,1,Transit,2016,Published Confirmed,0,51.1309704,,2.37,,,1206.37
Kepler-1273 b,1,Transit,2016,Published Confirmed,0,28.625653,,2.49,,,1114.24
Kepler-1274 b,1,Transit,2016,Published Confirmed,0,6.98152703,,1.42,,,614.648
Kepler-1275 b,1,Transit,2016,Published Confirmed,0,3.65691115,,1.48,,,1153.98
Kepler-1276 b,1,Transit,2016,Published Confirmed,0,12.5720095,,1.19,,,538.481
Kepler-1277 b,1,Transit,2016,Published Confirmed,0,40.8365012,,1.6,,,557.193
Kepler-1278 b,1,Transit,2016,Published Confirmed,0,3.23941344,,1.01,,,889.426
Kepler-1279 b,1,Transit,2016,Published Confirmed,0,23.4774101,,1.75,,,1494.22
Kepler-128 b,1,Transit,2013,Published Confirmed,0,15.0,,1.421,3.79,0.01192467,396.379
Kepler-128 c,1,Transit,2013,Published Confirmed,0,22.8,,1.521,3.38,0.01063467,396.379
Kepler-1280 b,1,Transit,2016,Published Confirmed,0,66.5579057,,1.87,,,1486.7
Kepler-1281 b,1,Transit,2016,Published Confirmed,0,3.11602791,,1.64,,,
Kepler-1282 b,1,Transit,2016,Published Confirmed,0,2.131946513,,1.55,,,1103.29
Kepler-1283 b,1,Transit,2016,Published Confirmed,0,12.9460978,,1.91,,,2921.99
Kepler-1284 b,1,Transit,2016,Published Confirmed,0,0.664073806,,1.21,,,882.324
Kepler-1285 b,1,Transit,2016,Published Confirmed,0,14.7967458,,0.97,,,422.269
Kepler-1286 b,1,Transit,2016,Published Confirmed,0,11.25402929,,2.15,,,1354.46
Kepler-1287 b,1,Transit,2016,Published Confirmed,0,11.47685909,,1.54,,,1003.26
Kepler-1288 b,1,Transit,2016,Published Confirmed,0,2.76122421,,1.12,,,814.078
Kepler-1289 b,1,Transit,2016,Published Confirmed,0,7.99019627,,1.52,,,1053.57
Kepler-129 b,1,Transit,2014,Published Confirmed,0,15.79,0.13,2.4,20.0,0.06292704,408.845
Kepler-129 c,1,Transit,2014,Published Confirmed,0,82.2,0.39,2.52,43.0,0.13529313,408.845
Kepler-129 d,1,Radial Velocity,2021,Published Confirmed,0,2646.0,4.0,,2637.9757781,8.3,408.845
Kepler-1290 b,1,Transit,2016,Published Confirmed,0,4.69500134,,1.42,,,1593.7
Kepler-1291 b,1,Transit,2016,Published Confirmed,0,8.63043276,,1.66,,,897.352
Kepler-1292 b,1,Transit,2016,Published Confirmed,0,3.27646405,,1.82,,,1493.43
Kepler-1293 b,1,Transit,2016,Published Confirmed,0,5.57654784,,0.97,,,1028.16
Kepler-1294 b,1,Transit,2016,Published Confirmed,0,115.6862258,,3.19,,,1855.7
Kepler-1295 b,1,Transit,2016,Published Confirmed,0,3.81371974,,1.55,,,1174.46
Kepler-1296 b,1,Transit,2016,Published Confirmed,0,8.3839865,,0.91,,,1551.54
Kepler-1297 b,1,Transit,2016,Published Confirmed,0,1.68189002,,0.97,,,1439.47
Kepler-1298 b,1,Transit,2016,Published Confirmed,0,7.12811928,,1.31,,,544.163
Kepler-1299 b,1,Transit,2016,Published Confirmed,0,19.9400874,,2.98,,,1404.94
Kepler-130 b,1,Transit,2014,Published Confirmed,0,8.457458,0.079,1.02,,,316.663
Kepler-130 c,1,Transit,2014,Published Confirmed,0,27.50868,0.178,2.9,,,316.663
Kepler-130 d,1,Transit,2014,Published Confirmed,0,87.517905,0.377,1.64,,,316.663
Kepler-1300 b,1,Transit,2016,Published Confirmed,0,22.2419092,,1.37,,,777.025
Kepler-1301 b,1,Transit,2016,Published Confirmed,0,9.08237046,,1.4,,,854.28
Kepler-1302 b,1,Transit,2016,Published Confirmed,0,8.83922659,,1.43,,,634.58
Kepler-1303 b,1,Transit,2016,Published Confirmed,0,7.56127224,,1.42,,,897.783
Kepler-1304 b,1,Transit,2016,Published Confirmed,0,16.1288853,,2.29,,,2176.08
Kepler-1305 b,1,Transit,2016,Published Confirmed,0,13.5630972,,1.88,,,1575.23
Kepler-1306 b,1,Transit,2016,Published Confirmed,0,16.29595382,,1.91,,,1107.5
Kepler-1307 b,1,Transit,2016,Published Confirmed,0,18.01621096,,2.47,,,1014.62
Kepler-1308 b,1,Transit,2016,Published Confirmed,0,2.104338119,,0.52,,,112.705
Kepler-1309 b,1,Transit,2016,Published Confirmed,0,28.8432647,,2.37,,,
Kepler-131 b,1,Transit,2014,Published Confirmed,0,16.092,,2.41,16.13,0.051,228.678
Kepler-131 c,1,Transit,2014,Published Confirmed,0,25.5169,,0.84,8.25,0.026,228.678
Kepler-1310 b,1,Transit,2016,Published Confirmed,0,0.679336272,,1.44,,,569.185
Kepler-1311 b,1,Transit,2016,Published Confirmed,0,11.1726994,,1.24,,,866.331
Kepler-1311 c,1,Transit,2016,Published Confirmed,0,2.53573424,,1.22,,,866.331
Kepler-1311 d,1,Transit,2021,Published Confirmed,0,197.5110016,,9.65837605,,,866.331
Kepler-1312 b,1,Transit,2016,Published Confirmed,0,5.448325286,,2.1,,,299.104
Kepler-1312 c,1,Transit,2021,Published Confirmed,0,1.116119981,,1.02732734,,,299.104
Kepler-1313 b,1,Transit,2016,Published Confirmed,0,3.833091178,,1.76,,,174.234
Kepler-1314 b,1,Transit,2016,Published Confirmed,0,5.424749281,,5.11,,,
Kepler-1315 b,1,Transit,2016,Published Confirmed,0,0.84338011,,1.38,,,480.869
Kepler-1315 c,1,Transit,2021,Published Confirmed,0,6.566060066,,1.84398883,,,480.869
Kepler-1316 b,1,Transit,2016,Published Confirmed,0,87.9732136,,3.54,,,800.871
Kepler-1317 b,1,Transit,2016,Published Confirmed,0,0.568874427,,1.56,,,728.303
Kepler-1318 b,1,Transit,2016,Published Confirmed,0,213.257663,,3.11,,,475.248
Kepler-1319 b,1,Transit,2016,Published Confirmed,0,2.886762645,,1.34,,,103.917
Kepler-132 b,1,Transit,2014,Published Confirmed,0,6.178196,0.067,1.21,,,349.549
Kepler-132 c,1,Transit,2014,Published Confirmed,0,6.414914,0.068,1.28,,,349.549
Kepler-132 d,1,Transit,2014,Published Confirmed,0,18.010199,0.136,1.55,,,349.549
Kepler-132 e,1,Transit,2016,Published Confirmed,0,110.2869374,,1.18,,,349.549
Kepler-1320 b,1,Transit,2016,Published Confirmed,0,0.868386528,,1.7,,,647.424
Kepler-1321 b,1,Transit,2016,Published Confirmed,0,11.12830484,,4.92,,,769.146
Kepler-1321 c,1,Transit,2016,Published Confirmed,0,2.226491086,,2.4,,,769.146
Kepler-1321 d,1,Transit,2021,Published Confirmed,0,5.720920086,,2.62843782,,,769.146
Kepler-1322 b,1,Transit,2016,Published Confirmed,0,0.962867382,,1.61,,,1350.32
Kepler-1322 c,1,Transit,2021,Published Confirmed,0,6.459980011,,2.15492527,,,1350.32
Kepler-1323 b,1,Transit,2016,Published Confirmed,0,0.929906678,,1.52,,,465.417
Kepler-1324 b,1,Transit,2016,Published Confirmed,0,4.115844679,,1.51,,,481.667
Kepler-1325 b,1,Transit,2016,Published Confirmed,0,33.8786838,,2.86,,,973.368
Kepler-1326 b,1,Transit,2016,Published Confirmed,0,42.3514267,,4.18,,,698.326
Kepler-1327 b,1,Transit,2016,Published Confirmed,0,14.88801098,,1.8,,,678.069
Kepler-1328 b,1,Transit,2016,Published Confirmed,0,4.52158888,,0.98,,,813.543
Kepler-1329 b,1,Transit,2016,Published Confirmed,0,9.33646594,,2.17,,,588.037
Kepler-133 b,1,Transit,2014,Published Confirmed,0,8.129976,0.083,1.76,,,653.6
Kepler-133 c,1,Transit,2014,Published Confirmed,0,31.517586,0.204,2.84,,,653.6
Kepler-1330 b,1,Transit,2016,Published Confirmed,0,10.10769068,,1.65,,,1720.48
Kepler-1331 b,1,Transit,2016,Published Confirmed,0,0.789161653,,1.05,,,319.197
Kepler-1332 b,1,Transit,2016,Published Confirmed,0,11.87456832,,1.37,,,528.685
Kepler-1333 b,1,Transit,2016,Published Confirmed,0,109.6471842,,2.81,,,932.446
Kepler-1334 b,1,Transit,2016,Published Confirmed,0,15.64591713,,2.29,,,1223.04
Kepler-1335 b,1,Transit,2016,Published Confirmed,0,6.26406846,,1.45,,,621.853
Kepler-1336 b,1,Transit,2016,Published Confirmed,0,23.198681,,1.98,,,1126.64
Kepler-1336 c,1,Transit,2016,Published Confirmed,0,5.77721211,,1.71,,,1126.64
Kepler-1337 b,1,Transit,2016,Published Confirmed,0,24.4002549,,2.41,,,601.629
Kepler-1338 b,1,Transit,2016,Published Confirmed,0,0.935118057,,0.92,,,753.26
Kepler-1339 b,1,Transit,2016,Published Confirmed,0,1.341555127,,0.71,,,371.049
Kepler-134 b,1,Transit,2014,Published Confirmed,0,5.317429,0.06,2.0,,,334.797
Kepler-134 c,1,Transit,2014,Published Confirmed,0,10.105785,0.092,1.26,,,334.797
Kepler-1340 b,1,Transit,2016,Published Confirmed,0,0.665026916,,1.55,,,981.779
Kepler-1341 b,1,Transit,2016,Published Confirmed,0,132.9968322,,2.99,,,476.957
Kepler-1342 b,1,Transit,2016,Published Confirmed,0,2.215710358,,1.66,,,890.724
Kepler-1343 b,1,Transit,2016,Published Confirmed,0,3.35183158,,1.93,,,1756.71
Kepler-1344 b,1,Transit,2016,Published Confirmed,0,4.7683049,,1.84,,,853.959
Kepler-1345 b,1,Transit,2016,Published Confirmed,0,44.6169557,,2.36,,,1355.02
Kepler-1346 b,1,Transit,2016,Published Confirmed,0,3.40165668,,1.58,,,843.701
Kepler-1347 b,1,Transit,2016,Published Confirmed,0,14.00947528,,1.03,,,
Kepler-1348 b,1,Transit,2016,Published Confirmed,0,27.5722742,,1.94,,,1213.82
Kepler-1349 b,1,Transit,2016,Published Confirmed,0,2.12823928,,0.7,,,276.323
Kepler-135 b,1,Transit,2014,Published Confirmed,0,6.00253,0.067,1.81,,,621.855
Kepler-135 c,1,Transit,2014,Published Confirmed,0,11.448708,0.103,1.16,,,621.855
Kepler-1350 b,1,Transit,2016,Published Confirmed,0,4.4968604,,2.52,,,340.691
Kepler-1350 c,1,Transit,2016,Published Confirmed,0,1.766789062,,1.73,,,340.691
Kepler-1351 b,1,Transit,2016,Published Confirmed,0,0.916140768,,0.65,,,202.782
Kepler-1352 b,1,Transit,2016,Published Confirmed,0,1.877882748,,0.89,,,670.829
Kepler-1353 b,1,Transit,2016,Published Confirmed,0,24.7543966,,1.8,,,593.384
Kepler-1354 b,1,Transit,2016,Published Confirmed,0,76.613377,,2.97,,,1119.45
Kepler-1355 b,1,Transit,2016,Published Confirmed,0,1.289588112,,1.46,,,911.269
Kepler-1356 b,1,Transit,2016,Published Confirmed,0,0.634002937,,1.53,,,845.228
Kepler-1357 b,1,Transit,2016,Published Confirmed,0,3.0091324,,1.28,,,1015.69
Kepler-1358 b,1,Transit,2016,Published Confirmed,0,7.06317341,,1.12,,,546.998
Kepler-1359 b,1,Transit,2016,Published Confirmed,0,59.4970952,,2.83,,,614.859
Kepler-136 b,1,Transit,2014,Published Confirmed,0,11.5789,0.106,2.05,,,420.818
Kepler-136 c,1,Transit,2014,Published Confirmed,0,16.399235,0.133,1.99,,,420.818
Kepler-1360 b,1,Transit,2016,Published Confirmed,0,40.5286413,,3.4,,,1516.27
Kepler-1361 b,1,Transit,2016,Published Confirmed,0,3.57554956,,0.86,,,389.143
Kepler-1362 b,1,Transit,2016,Published Confirmed,0,136.205626,,2.6,,,731.298
Kepler-1363 b,1,Transit,2016,Published Confirmed,0,2.94194094,,1.25,,,541.714
Kepler-1364 b,1,Transit,2016,Published Confirmed,0,13.32196237,,2.15,,,1056.9
Kepler-1365 b,1,Transit,2016,Published Confirmed,0,7.69993485,,0.92,,,840.128
Kepler-1365 c,1,Transit,2016,Published Confirmed,0,4.77468005,,0.8,,,840.128
Kepler-1366 b,1,Transit,2016,Published Confirmed,0,2.164570968,,1.43,,,465.826
Kepler-1367 b,1,Transit,2016,Published Confirmed,0,1.574090272,,0.92,,,401.484
Kepler-1368 b,1,Transit,2016,Published Confirmed,0,0.675649486,,1.65,,,1635.82
Kepler-1369 b,1,Transit,2016,Published Confirmed,0,25.873148,,2.69,,,1236.56
Kepler-137 b,1,Transit,2014,Published Confirmed,0,8.436387,0.077,1.47,,,302.979
Kepler-137 c,1,Transit,2014,Published Confirmed,0,18.735753,0.13,1.88,,,302.979
Kepler-1370 b,1,Transit,2016,Published Confirmed,0,20.2641684,,1.84,,,1004.1
Kepler-1370 c,1,Transit,2016,Published Confirmed,0,7.44142113,,1.27,,,1004.1
Kepler-1371 b,1,Transit,2016,Published Confirmed,0,3.4462039,,0.73,,,515.334
Kepler-1371 c,1,Transit,2016,Published Confirmed,0,2.00541269,,0.64,,,515.334
Kepler-1372 b,1,Transit,2016,Published Confirmed,0,1.311555568,,1.27,,,1303.22
Kepler-1373 b,1,Transit,2016,Published Confirmed,0,1.29123275,,1.16,,,1699.46
Kepler-1374 b,1,Transit,2016,Published Confirmed,0,10.65276707,,2.29,,,1078.46
Kepler-1375 b,1,Transit,2016,Published Confirmed,0,3.3004192,,1.74,,,1430.84
Kepler-1376 b,1,Transit,2016,Published Confirmed,0,5.30880656,,1.05,,,868.056
Kepler-1377 b,1,Transit,2016,Published Confirmed,0,0.740928422,,1.25,,,1146.1
Kepler-1378 b,1,Transit,2016,Published Confirmed,0,11.95398936,,2.2,,,506.434
Kepler-1379 b,1,Transit,2016,Published Confirmed,0,0.881841146,,1.3,,,971.325
Kepler-138 b,1,Transit,2014,Published Confirmed,0,10.3134,0.0753,0.64,0.07,0.00022024,66.8624
Kepler-138 c,1,Transit,2014,Published Confirmed,0,13.7815,0.0913,1.51,2.3,0.00723661,66.8624
Kepler-138 d,1,Transit,2014,Published Confirmed,0,23.0923,0.1288,1.51,2.1,0.00660734,66.8624
Kepler-138 e,1,Transit Timing Variations,2022,Published Confirmed,0,38.23,0.1803,,0.43,0.00135293,66.8624
Kepler-1380 b,1,Transit,2016,Published Confirmed,0,10.3108245,,1.43,,,2462.94
Kepler-1381 b,1,Transit,2016,Published Confirmed,0,25.3842686,,2.25,,,1197.04
Kepler-1382 b,1,Transit,2016,Published Confirmed,0,16.3583055,,1.88,,,738.261
Kepler-1383 b,1,Transit,2016,Published Confirmed,0,13.9093583,,1.41,,,1027.21
Kepler-1384 b,1,Transit,2016,Published Confirmed,0,15.36262753,,1.94,,,
Kepler-1385 b,1,Transit,2016,Published Confirmed,0,2.88879862,,0.85,,,688.795
Kepler-1386 b,1,Transit,2016,Published Confirmed,0,6.73972381,,1.24,,,835.882
Kepler-1387 b,1,Transit,2016,Published Confirmed,0,2.279526656,,0.93,,,455.358
Kepler-1388 b,1,Transit,2016,Published Confirmed,0,12.2854603,,2.59,,,453.795
Kepler-1388 c,1,Transit,2016,Published Confirmed,0,5.53608151,,2.26,,,453.795
Kepler-1388 d,1,Transit,2016,Published Confirmed,0,20.9568158,,2.86,,,453.795
Kepler-1388 e,1,Transit,2016,Published Confirmed,0,37.6327084,,2.46,,,453.795
Kepler-1389 b,1,Transit,2016,Published Confirmed,0,99.2530951,,1.77,,,497.093
Kepler-139 b,1,Transit,2014,Published Confirmed,0,15.771044,0.127,2.94,,,391.038
Kepler-139 c,1,Transit,2014,Published Confirmed,0,157.072878,0.586,3.38,,,391.038
Kepler-139 d,1,Transit,2023,Published Confirmed,0,7.305699922,0.0755533961,1.695,4.65807623,0.01465595,391.038
Kepler-139 e,1,Radial Velocity,2023,Published Confirmed,0,2047.635373,3.23579639,,426.1158152,1.34071029,391.038
Kepler-139 f,1,Transit Timing Variations,2025,Published Confirmed,0,355.0,,,36.0,0.11326867,391.038
Kepler-1390 b,1,Transit,2016,Published Confirmed,0,6.48021673,,1.18,,,723.431
Kepler-1391 b,1,Transit,2016,Published Confirmed,0,54.4092333,,1.68,,,1038.35
Kepler-1392 b,1,Transit,2016,Published Confirmed,0,15.1410397,,1.96,,,
Kepler-1393 b,1,Transit,2016,Published Confirmed,0,2.44357812,,0.8,,,544.456
Kepler-1394 b,1,Transit,2016,Published Confirmed,0,3.93766373,,1.39,,,640.409
Kepler-1395 b,1,Transit,2016,Published Confirmed,0,3.78470649,,0.8,,,492.894
Kepler-1396 b,1,Transit,2016,Published Confirmed,0,18.2206421,,2.07,,,1066.46
Kepler-1397 b,1,Transit,2016,Published Confirmed,0,47.449955,,1.72,,,1198.25
Kepler-1398 b,1,Transit,2016,Published Confirmed,0,2.78815679,,0.9,,,852.204
Kepler-1398 c,1,Transit,2016,Published Confirmed,0,4.13827595,,1.03,,,852.204
Kepler-1399 b,1,Transit,2016,Published Confirmed,0,1.638653058,,1.25,,,1385.7
Kepler-14 b,1,Transit,2011,Published Confirmed,0,6.790123,,12.733,2669.66,8.4,
Kepler-140 b,1,Transit,2014,Published Confirmed,0,3.25427,0.045,1.61,,,583.859
Kepler-140 c,1,Transit,2014,Published Confirmed,0,91.353282,0.414,1.8,,,583.859
Kepler-1400 b,1,Transit,2016,Published Confirmed,0,9.06689421,,1.62,,,752.237
Kepler-1401 b,1,Transit,2016,Published Confirmed,0,11.20066445,,1.68,,,1425.43
Kepler-1402 b,1,Transit,2016,Published Confirmed,0,2.03387914,,0.76,,,1493.64
Kepler-1403 b,1,Transit,2016,Published Confirmed,0,5.19492202,,2.14,,,2163.9
Kepler-1404 b,1,Transit,2016,Published Confirmed,0,15.9314739,,2.01,,,962.183
Kepler-1405 b,1,Transit,2016,Published Confirmed,0,28.2274184,,3.96,,,1530.3
Kepler-1406 b,1,Transit,2016,Published Confirmed,0,11.62905828,,1.1,,,572.403
Kepler-1407 b,1,Transit,2016,Published Confirmed,0,20.0711504,,2.25,,,1396.41
Kepler-1408 b,1,Transit,2016,Published Confirmed,0,2.99793191,,0.89,,,535.048
Kepler-1409 b,1,Transit,2016,Published Confirmed,0,0.764864926,,1.04,,,694.89
Kepler-141 b,1,Transit,2014,Published Confirmed,0,3.107675,0.039,0.69,,,301.183
Kepler-141 c,1,Transit,2014,Published Confirmed,0,7.010606,0.067,1.41,,,301.183
Kepler-1410 b,1,Transit,2016,Published Confirmed,0,60.866168,,1.78,,,
Kepler-1411 b,1,Transit,2016,Published Confirmed,0,86.1150888,,2.82,,,1660.48
Kepler-1412 b,1,Transit,2016,Published Confirmed,0,3.6146051,,0.83,,,755.678
Kepler-1413 b,1,Transit,2016,Published Confirmed,0,13.1829642,,1.82,,,1167.49
Kepler-1414 b,1,Transit,2016,Published Confirmed,0,3.51576315,,1.23,,,570.835
Kepler-1415 b,1,Transit,2016,Published Confirmed,0,0.63642408,,1.29,,,1043.56
Kepler-1416 b,1,Transit,2016,Published Confirmed,0,1.49514952,,0.88,,,949.59
Kepler-1417 b,1,Transit,2016,Published Confirmed,0,20.3505213,,1.0,,,991.845
Kepler-1418 b,1,Transit,2016,Published Confirmed,0,22.4764425,,1.66,,,
Kepler-1419 b,1,Transit,2016,Published Confirmed,0,42.5215895,,2.86,,,1498.58
Kepler-142 b,1,Transit,2014,Published Confirmed,0,2.024152,0.032,1.99,,,548.686
Kepler-142 c,1,Transit,2014,Published Confirmed,0,4.761702,0.057,2.86,,,548.686
Kepler-142 d,1,Transit,2014,Published Confirmed,0,41.809118,0.242,2.16,,,548.686
Kepler-1420 b,1,Transit,2016,Published Confirmed,0,6.69960006,,1.28,,,1054.37
Kepler-1421 b,1,Transit,2016,Published Confirmed,0,6.9131112,,0.93,,,783.401
Kepler-1422 b,1,Transit,2016,Published Confirmed,0,18.6051942,,2.02,,,2465.84
Kepler-1423 b,1,Transit,2016,Published Confirmed,0,23.955378,,1.06,,,
Kepler-1424 b,1,Transit,2016,Published Confirmed,0,29.6091744,,1.16,,,661.421
Kepler-1425 b,1,Transit,2016,Published Confirmed,0,14.4541302,,0.94,,,863.873
Kepler-1426 b,1,Transit,2016,Published Confirmed,0,14.2563227,,1.56,,,1697.81
Kepler-1427 b,1,Transit,2016,Published Confirmed,0,0.968972376,,1.1,,,
Kepler-1428 b,1,Transit,2016,Published Confirmed,0,10.67607169,,1.64,,,1530.32
Kepler-1429 b,1,Transit,2016,Published Confirmed,0,4.48487493,,1.29,,,1214.09
Kepler-143 b,1,Transit,2014,Published Confirmed,0,16.007583,0.127,2.41,,,809.467
Kepler-143 c,1,Transit,2014,Published Confirmed,0,27.082511,0.181,3.37,,,809.467
Kepler-1430 b,1,Transit,2016,Published Confirmed,0,2.46050993,,1.18,,,875.523
Kepler-1431 b,1,Transit,2016,Published Confirmed,0,5.86601526,,1.47,,,1623.24
Kepler-1432 b,1,Transit,2016,Published Confirmed,0,23.9109011,,2.22,,,2171.87
Kepler-1433 b,1,Transit,2016,Published Confirmed,0,4.13592271,,1.56,,,
Kepler-1434 b,1,Transit,2016,Published Confirmed,0,8.05333618,,1.11,,,775.529
Kepler-1435 b,1,Transit,2016,Published Confirmed,0,4.45343281,,0.86,,,704.211
Kepler-1436 b,1,Transit,2016,Published Confirmed,0,9.705716,,1.31,,,2530.62
Kepler-1437 b,1,Transit,2016,Published Confirmed,0,10.9295461,,1.37,,,2101.69
Kepler-1438 b,1,Transit,2016,Published Confirmed,0,2.31942009,,0.94,,,1154.13
Kepler-1439 b,1,Transit,2016,Published Confirmed,0,8.07392849,,1.46,,,225.393
Kepler-144 b,1,Transit,2014,Published Confirmed,0,5.885273,0.066,1.33,,,384.917
Kepler-144 c,1,Transit,2014,Published Confirmed,0,10.104665,0.094,1.35,,,384.917
Kepler-1440 b,1,Transit,2016,Published Confirmed,0,39.859484,,1.26,,,1115.35
Kepler-1441 b,1,Transit,2016,Published Confirmed,0,39.4419839,,1.31,,,1110.48
Kepler-1442 b,1,Transit,2016,Published Confirmed,0,81.4162941,,3.93,,,608.68
Kepler-1443 b,1,Transit,2016,Published Confirmed,0,2.41811321,,0.97,,,593.646
Kepler-1444 b,1,Transit,2016,Published Confirmed,0,33.42035034,,2.18,,,319.675
Kepler-1445 b,1,Transit,2016,Published Confirmed,0,10.60052251,,0.96,,,506.357
Kepler-1446 b,1,Transit,2016,Published Confirmed,0,0.689967832,,0.82,,,152.075
Kepler-1447 b,1,Transit,2016,Published Confirmed,0,56.6747285,,2.9,,,890.296
Kepler-1448 b,1,Transit,2016,Published Confirmed,0,12.27065865,,1.61,,,768.903
Kepler-1449 b,1,Transit,2016,Published Confirmed,0,13.2274528,,1.68,,,2006.48
Kepler-145 b,1,Transit,2013,Published Confirmed,0,22.951,,2.65,37.1,0.117,566.85
Kepler-145 c,1,Transit,2013,Published Confirmed,0,42.882,,4.32,79.4,0.25,566.85
Kepler-1450 b,1,Transit,2016,Published Confirmed,0,54.5094166,,1.71,,,505.829
Kepler-1451 b,1,Transit,2016,Published Confirmed,0,35.622233,,3.35,,,1058.72
Kepler-1452 b,1,Transit,2016,Published Confirmed,0,42.913751,,2.7,,,996.32
Kepler-1453 b,1,Transit,2016,Published Confirmed,0,47.1611696,,2.67,,,1196.04
Kepler-1454 b,1,Transit,2016,Published Confirmed,0,47.0319479,,1.88,,,780.566
Kepler-1455 b,1,Transit,2016,Published Confirmed,0,49.276764,,2.16,,,357.621
Kepler-1456 b,1,Transit,2016,Published Confirmed,0,18.1373829,,1.14,,,370.312
Kepler-1457 b,1,Transit,2016,Published Confirmed,0,51.1110243,,1.99,,,889.885
Kepler-1458 b,1,Transit,2016,Published Confirmed,0,47.9872764,,2.76,,,544.45
Kepler-1459 b,1,Transit,2016,Published Confirmed,0,62.8691611,,1.36,,,455.479
Kepler-146 b,1,Transit,2014,Published Confirmed,0,31.158799,0.2,3.71,,,716.797
Kepler-146 c,1,Transit,2014,Published Confirmed,0,76.732171,0.364,3.13,,,716.797
Kepler-1460 b,1,Transit,2016,Published Confirmed,0,29.9633247,,1.96,,,553.218
Kepler-1461 b,1,Transit,2016,Published Confirmed,0,29.3494775,,2.03,,,679.106
Kepler-1462 b,1,Transit,2016,Published Confirmed,0,65.6488341,,3.82,,,1017.82
Kepler-1463 b,1,Transit,2016,Published Confirmed,0,25.15864,,1.86,,,1687.47
Kepler-1464 b,1,Transit,2016,Published Confirmed,0,31.7785901,,1.66,,,1151.73
Kepler-1464 c,1,Transit,2016,Published Confirmed,0,5.32786292,,1.0,,,1151.73
Kepler-1465 b,1,Transit,2016,Published Confirmed,0,31.8277111,,1.77,,,359.497
Kepler-1466 b,1,Transit,2016,Published Confirmed,0,31.1750448,,1.55,,,631.949
Kepler-1467 b,1,Transit,2016,Published Confirmed,0,47.0569043,,3.3,,,852.888
Kepler-1468 b,1,Transit,2016,Published Confirmed,0,8.23984869,,1.73,,,1899.24
Kepler-1468 c,1,Transit,2016,Published Confirmed,0,3.54553021,,1.15,,,1899.24
Kepler-1468 d,1,Transit,2021,Published Confirmed,0,19.59059906,,3.33187146,,,1899.24
Kepler-1469 b,1,Transit,2016,Published Confirmed,0,21.8635301,,2.8,,,1159.3
Kepler-147 b,1,Transit,2014,Published Confirmed,0,12.610584,0.113,1.53,,,1042.02
Kepler-147 c,1,Transit,2014,Published Confirmed,0,33.416423,0.216,2.43,,,1042.02
Kepler-1470 b,1,Transit,2016,Published Confirmed,0,16.2950903,,1.07,,,590.601
Kepler-1471 b,1,Transit,2016,Published Confirmed,0,3.63899398,,1.41,,,978.678
Kepler-1471 c,1,Transit,2023,Kepler Project Candidate (q1_q17_dr25_koi),0,11.6044881,0.0981,1.88,,,978.678
Kepler-1472 b,1,Transit,2016,Published Confirmed,0,38.1312831,,1.9,,,1479.14
Kepler-1473 b,1,Transit,2016,Published Confirmed,0,14.4273551,,1.19,,,652.253
Kepler-1474 b,1,Transit,2016,Published Confirmed,0,36.4333452,,2.16,,,1180.9
Kepler-1475 b,1,Transit,2016,Published Confirmed,0,82.177374,,2.92,,,1568.38
Kepler-1476 b,1,Transit,2016,Published Confirmed,0,10.35863224,,1.67,,,1002.74
Kepler-1477 b,1,Transit,2016,Published Confirmed,0,11.55530021,,1.18,,,680.828
Kepler-1478 b,1,Transit,2016,Published Confirmed,0,26.0840594,,1.73,,,1845.58
Kepler-1479 b,1,Transit,2016,Published Confirmed,0,14.53261362,,1.83,,,728.668
Kepler-148 b,1,Transit,2014,Published Confirmed,0,1.729366,0.028,1.8,,,791.163
Kepler-148 c,1,Transit,2014,Published Confirmed,0,4.180043,0.05,3.6,,,791.163
Kepler-148 d,1,Transit,2016,Published Confirmed,0,51.84688575,,8.68,,,791.163
Kepler-1480 b,1,Transit,2016,Published Confirmed,0,22.12679948,,1.67,,,500.892
Kepler-1481 b,1,Transit,2016,Published Confirmed,0,5.94220998,,1.23,,,459.076
Kepler-1482 b,1,Transit,2016,Published Confirmed,0,12.25383217,,1.01,,,567.556
Kepler-1483 b,1,Transit,2016,Published Confirmed,0,9.5085156,,1.52,,,1273.78
Kepler-1484 b,1,Transit,2016,Published Confirmed,0,30.4549136,,2.11,,,2879.83
Kepler-1485 b,1,Transit,2016,Published Confirmed,0,19.9157725,,1.47,,,615.66
Kepler-1486 b,1,Transit,2016,Published Confirmed,0,54.6495759,,2.32,,,1769.14
Kepler-1487 b,1,Transit,2016,Published Confirmed,0,7.31946363,,2.13,,,1014.62
Kepler-1487 c,1,Transit,2023,Kepler Project Candidate (q1_q17_dr25_koi),0,35.8007112,0.2588,7.97,,,1014.62
Kepler-1488 b,1,Transit,2016,Published Confirmed,0,39.8189932,,1.86,,,905.825
Kepler-1488 c,1,Transit,2021,Published Confirmed,0,6.158269882,,1.65156749,,,905.825
Kepler-1489 b,1,Transit,2016,Published Confirmed,0,82.294751,,1.77,,,1283.05
Kepler-1489 c,1,Transit,2024,Published Confirmed,0,0.680741,,0.51,,,1283.05
Kepler-149 b,1,Transit,2014,Published Confirmed,0,29.198943,0.184,4.21,,,571.034
Kepler-149 c,1,Transit,2014,Published Confirmed,0,55.328328,0.281,1.61,,,571.034
Kepler-149 d,1,Transit,2014,Published Confirmed,0,160.018032,0.571,3.96,,,571.034
Kepler-1490 b,1,Transit,2016,Published Confirmed,0,92.4362973,,3.04,,,862.92
Kepler-1491 b,1,Transit,2016,Published Confirmed,0,16.5861762,,1.51,,,2065.59
Kepler-1491 c,1,Transit,2023,Kepler Project Candidate (q1_q17_dr25_koi),0,61.569765,0.3045,2.44,,,2065.59
Kepler-1492 b,1,Transit,2016,Published Confirmed,0,16.75255007,,1.49,,,331.553
Kepler-1493 b,1,Transit,2016,Published Confirmed,0,15.0217983,,1.41,,,555.051
Kepler-1494 b,1,Transit,2016,Published Confirmed,0,91.080482,,3.07,,,1285.48
Kepler-1495 b,1,Transit,2016,Published Confirmed,0,85.273256,,2.94,,,1355.54
Kepler-1496 b,1,Transit,2016,Published Confirmed,0,64.6588017,,2.22,,,1307.66
Kepler-1497 b,1,Transit,2016,Published Confirmed,0,8.74199772,,1.66,,,
Kepler-1498 b,1,Transit,2016,Published Confirmed,0,48.051405,,1.33,,,
Kepler-1499 b,1,Transit,2016,Published Confirmed,0,44.2008,,1.19,,,309.869
Kepler-15 b,1,Transit,2011,Published Confirmed,0,4.942782,0.05714,10.76,209.76,0.66,739.412
Kepler-150 b,1,Transit,2014,Published Confirmed,0,3.428054,0.044,1.25,,,891.092
Kepler-150 c,1,Transit,2014,Published Confirmed,0,7.381998,0.073,3.69,,,891.092
Kepler-150 d,1,Transit,2014,Published Confirmed,0,12.56093,0.104,2.79,,,891.092
Kepler-150 e,1,Transit,2014,Published Confirmed,0,30.826557,0.189,3.12,,,891.092
Kepler-150 f,1,Transit,2017,Published Confirmed,0,637.2093,1.24,3.64,,,891.092
Kepler-1500 b,1,Transit,2016,Published Confirmed,0,15.0330105,,1.2,,,1217.82
Kepler-1501 b,1,Transit,2016,Published Confirmed,0,14.5564533,,1.56,,,749.06
Kepler-1502 b,1,Transit,2016,Published Confirmed,0,41.7083629,,3.18,,,1514.02
Kepler-1503 b,1,Transit,2016,Published Confirmed,0,96.16987,,2.27,,,1225.57
Kepler-1504 b,1,Transit,2016,Published Confirmed,0,82.304003,,2.13,,,2435.94
Kepler-1505 b,1,Transit,2016,Published Confirmed,0,30.8609366,,0.93,,,495.148
Kepler-1506 b,1,Transit,2016,Published Confirmed,0,14.0329154,,1.32,,,2366.02
Kepler-1507 b,1,Transit,2016,Published Confirmed,0,16.0506213,,0.84,,,320.478
Kepler-1508 b,1,Transit,2016,Published Confirmed,0,20.7056504,,1.33,,,1260.28
Kepler-1509 b,1,Transit,2016,Published Confirmed,0,25.4338197,,1.85,,,2002.96
Kepler-151 b,1,Transit,2014,Published Confirmed,0,15.228958,0.116,3.06,,,649.919
Kepler-151 c,1,Transit,2014,Published Confirmed,0,24.674612,0.16,2.09,,,649.919
Kepler-1510 b,1,Transit,2016,Published Confirmed,0,84.703921,,3.36,,,1696.25
Kepler-1511 b,1,Transit,2016,Published Confirmed,0,23.2382792,,1.68,,,1475.6
Kepler-1512 b,1,Transit,2016,Published Confirmed,0,20.35972599,,1.18,,,
Kepler-1513 b,1,Transit,2016,Published Confirmed,0,160.8842,,8.594,48.30991786,0.152,349.247
Kepler-1513 c,1,Transit Timing Variations,2023,Published Confirmed,0,841.4,,,84.54235626,0.266,349.247
Kepler-1514 b,1,Transit,2016,Published Confirmed,0,217.83184,0.753,12.419572,1678.1424,5.28,397.292
Kepler-1514 c,1,Transit,2020,Published Confirmed,0,10.514181,0.0997,1.1758241,,,397.292
Kepler-1515 b,1,Transit,2016,Published Confirmed,0,214.3114164,,9.55,,,539.321
Kepler-1516 b,1,Transit,2016,Published Confirmed,0,7.25931979,,1.75,,,1358.95
Kepler-1517 b,1,Transit,2016,Published Confirmed,0,5.546083665,,9.76,,,847.299
Kepler-1518 b,1,Transit,2016,Published Confirmed,0,5.11177904,,3.05,,,903.51
Kepler-1518 c,1,Transit,2023,Kepler Project Candidate (q1_q17_dr25_koi),0,9.6310258,0.0905,2.9,,,903.51
Kepler-1519 b,1,Transit,2016,Published Confirmed,0,240.7989397,,7.06,,,1441.63
Kepler-152 b,1,Transit,2014,Published Confirmed,0,18.207973,0.124,2.79,,,441.09
Kepler-152 c,1,Transit,2014,Published Confirmed,0,88.255055,0.356,2.39,,,441.09
Kepler-1520 b,1,Transit,2016,Published Confirmed,0,0.653553572,,5.77,,,607.917
Kepler-1521 b,1,Transit,2016,Published Confirmed,0,47.14840805,,2.5,,,206.983
Kepler-1522 b,1,Transit,2016,Published Confirmed,0,1.847889171,,1.73,,,814.125
Kepler-1523 b,1,Transit,2016,Published Confirmed,0,0.93875077,,1.58,,,865.596
Kepler-1524 b,1,Transit,2016,Published Confirmed,0,70.9674603,,3.54,,,381.773
Kepler-1525 b,1,Transit,2016,Published Confirmed,0,2.416601183,,0.91,,,382.989
Kepler-1526 b,1,Transit,2016,Published Confirmed,0,3.908632005,,2.43,,,555.574
Kepler-1527 b,1,Transit,2016,Published Confirmed,0,160.129918,,4.77,,,1842.13
Kepler-1528 b,1,Transit,2016,Published Confirmed,0,1.791110205,,1.46,,,817.534
Kepler-1529 b,1,Transit,2016,Published Confirmed,0,5.33905686,,2.1,,,661.014
Kepler-153 b,1,Transit,2014,Published Confirmed,0,18.870227,0.129,2.92,,,459.368
Kepler-153 c,1,Transit,2014,Published Confirmed,0,46.90232,0.237,2.53,,,459.368
Kepler-1530 b,1,Transit,2016,Published Confirmed,0,2.5904434,,1.64,,,489.876
Kepler-1530 c,1,Transit,2016,Published Confirmed,0,5.3227406,,1.65,,,489.876
Kepler-1530 d,1,Transit,2021,Published Confirmed,0,9.20761013,,3.27870115,,,489.876
Kepler-1531 b,1,Transit,2016,Published Confirmed,0,1.138543376,,1.11,,,666.334
Kepler-1532 b,1,Transit,2016,Published Confirmed,0,1.093663559,,1.35,,,798.246
Kepler-1533 b,1,Transit,2016,Published Confirmed,0,308.5471,,3.46,,,966.801
Kepler-1534 b,1,Transit,2016,Published Confirmed,0,5.71668872,,1.89,,,
Kepler-1535 b,1,Transit,2016,Published Confirmed,0,138.9442,,2.55,,,897.733
Kepler-1536 b,1,Transit,2016,Published Confirmed,0,364.758031,,3.14,,,387.248
Kepler-1537 b,1,Transit,2016,Published Confirmed,0,1.444453798,,1.18,,,517.292
Kepler-1538 b,1,Transit,2016,Published Confirmed,0,175.138819,,2.82,,,1125.3
Kepler-1539 b,1,Transit,2016,Published Confirmed,0,133.3036741,,2.7,,,748.326
Kepler-154 b,1,Transit,2014,Published Confirmed,0,33.040532,0.198,2.26,,,915.212
Kepler-154 c,1,Transit,2014,Published Confirmed,0,62.303276,0.303,2.95,,,915.212
Kepler-154 d,1,Transit,2016,Published Confirmed,0,20.54981883,,3.84,,,915.212
Kepler-154 e,1,Transit,2016,Published Confirmed,0,3.93276465,,1.5,,,915.212
Kepler-154 f,1,Transit,2016,Published Confirmed,0,9.91935684,,1.5,,,915.212
Kepler-1540 b,1,Transit,2016,Published Confirmed,0,125.4131177,,2.49,,,244.96
Kepler-1541 b,1,Transit,2016,Published Confirmed,0,8.40691199,,1.16,,,416.692
Kepler-1542 b,1,Transit,2016,Published Confirmed,0,3.95116882,,0.76,,,399.114
Kepler-1542 c,1,Transit,2016,Published Confirmed,0,2.89223021,,0.65,,,399.114
Kepler-1542 d,1,Transit,2016,Published Confirmed,0,5.99273738,,0.87,,,399.114
Kepler-1542 e,1,Transit,2016,Published Confirmed,0,5.10115756,,0.76,,,399.114
Kepler-1543 b,1,Transit,2016,Published Confirmed,0,6.96710269,,2.71,,,921.784
Kepler-1544 b,1,Transit,2016,Published Confirmed,0,168.811174,,1.78,,,335.09
Kepler-1545 b,1,Transit,2016,Published Confirmed,0,163.692349,,2.7,,,729.964
Kepler-1546 b,1,Transit,2016,Published Confirmed,0,19.5974971,,3.13,,,931.956
Kepler-1547 b,1,Transit,2016,Published Confirmed,0,0.692979676,,0.9,,,674.695
Kepler-1548 b,1,Transit,2016,Published Confirmed,0,124.828679,,2.64,,,872.279
Kepler-1549 b,1,Transit,2016,Published Confirmed,0,214.886545,,2.57,,,803.052
Kepler-155 b,1,Transit,2014,Published Confirmed,0,5.931194,0.056,2.09,,,293.499
Kepler-155 c,1,Transit,2014,Published Confirmed,0,52.661793,0.242,2.24,,,293.499
Kepler-1550 b,1,Transit,2016,Published Confirmed,0,225.582809,,3.02,,,1179.01
Kepler-1551 b,1,Transit,2016,Published Confirmed,0,24.4973698,,2.66,,,1463.72
Kepler-1552 b,1,Transit,2016,Published Confirmed,0,184.771853,,2.47,,,769.096
Kepler-1553 b,1,Transit,2016,Published Confirmed,0,4.24261881,,1.15,,,692.594
Kepler-1554 b,1,Transit,2016,Published Confirmed,0,198.088774,,2.9,,,946.847
Kepler-1555 b,1,Transit,2016,Published Confirmed,0,8.10501635,,1.61,,,2013.27
Kepler-1556 b,1,Transit,2016,Published Confirmed,0,8.82713457,,1.96,,,944.54
Kepler-1557 b,1,Transit,2016,Published Confirmed,0,3.74032496,,1.53,,,1380.16
Kepler-1558 b,1,Transit,2016,Published Confirmed,0,3.50470358,,0.68,,,325.737
Kepler-1559 b,1,Transit,2016,Published Confirmed,0,0.971915428,,0.72,,,614.827
Kepler-156 b,1,Transit,2014,Published Confirmed,0,4.973456,0.054,2.3,,,443.483
Kepler-156 c,1,Transit,2014,Published Confirmed,0,15.906801,0.117,2.55,,,443.483
Kepler-1560 b,1,Transit,2016,Published Confirmed,0,3.03195744,,0.89,,,502.497
Kepler-1561 b,1,Transit,2016,Published Confirmed,0,1.005207007,,1.09,,,839.076
Kepler-1562 b,1,Transit,2016,Published Confirmed,0,64.2737752,,3.55,,,2060.72
Kepler-1563 b,1,Transit,2016,Published Confirmed,0,3.43276598,,0.75,,,616.697
Kepler-1564 b,1,Transit,2016,Published Confirmed,0,18.0540381,,1.47,,,908.805
Kepler-1565 b,1,Transit,2016,Published Confirmed,0,1.538188437,,1.19,,,629.93
Kepler-1566 b,1,Transit,2016,Published Confirmed,0,0.539915238,,0.79,,,466.586
Kepler-1567 b,1,Transit,2016,Published Confirmed,0,153.979578,,2.73,,,1206.11
Kepler-1568 b,1,Transit,2016,Published Confirmed,0,20.925392,,1.3,,,916.313
Kepler-1569 b,1,Transit,2016,Published Confirmed,0,5.79180156,,1.68,,,945.454
Kepler-157 b,1,Transit,2014,Published Confirmed,0,1.732342,0.028,1.32,,,773.713
Kepler-157 c,1,Transit,2014,Published Confirmed,0,13.5405,0.11,2.24,,,773.713
Kepler-157 d,1,Transit,2016,Published Confirmed,0,7.02573474,,1.46,,,773.713
Kepler-1570 b,1,Transit,2016,Published Confirmed,0,26.548955,,1.07,,,918.995
Kepler-1571 b,1,Transit,2016,Published Confirmed,0,3.38555488,,1.52,,,675.303
Kepler-1572 b,1,Transit,2016,Published Confirmed,0,5.49548621,,0.94,,,946.602
Kepler-1573 b,1,Transit,2016,Published Confirmed,0,2.6157554,,1.2,,,1455.36
Kepler-1574 b,1,Transit,2016,Published Confirmed,0,6.9424334,,1.29,,,1384.16
Kepler-1575 b,1,Transit,2016,Published Confirmed,0,2.55314213,,1.31,,,1246.92
Kepler-1576 b,1,Transit,2016,Published Confirmed,0,6.98471973,,1.04,,,460.91
Kepler-1577 b,1,Transit,2016,Published Confirmed,0,6.30560247,,1.13,,,510.029
Kepler-1578 b,1,Transit,2016,Published Confirmed,0,1.450886907,,1.04,,,1064.05
Kepler-1579 b,1,Transit,2016,Published Confirmed,0,0.849907889,,0.84,,,
Kepler-158 b,1,Transit,2014,Published Confirmed,0,16.709184,0.111,2.12,,,315.177
Kepler-158 c,1,Transit,2014,Published Confirmed,0,28.551383,0.158,1.9,,,315.177
Kepler-158 d,1,Transit,2024,Published Confirmed,0,0.645088,,0.43,,,315.177
Kepler-1580 b,1,Transit,2016,Published Confirmed,0,56.6449279,,2.11,,,1002.02
Kepler-1581 b,1,Transit,2016,Published Confirmed,0,6.28385491,,0.8,,,493.175
Kepler-1582 b,1,Transit,2016,Published Confirmed,0,4.83817712,,1.49,,,78.8906
Kepler-1583 b,1,Transit,2016,Published Confirmed,0,9.32807355,,0.6,,,403.933
Kepler-1584 b,1,Transit,2016,Published Confirmed,0,13.3997099,,1.61,,,1416.31
Kepler-1585 b,1,Transit,2016,Published Confirmed,0,3.5827463,,1.79,,,944.465
Kepler-1586 b,1,Transit,2016,Published Confirmed,0,15.6049212,,1.52,,,552.55
Kepler-1587 b,1,Transit,2016,Published Confirmed,0,9.4060467,,1.33,,,1026.48
Kepler-1588 b,1,Transit,2016,Published Confirmed,0,7.84931739,,0.76,,,924.141
Kepler-1589 b,1,Transit,2016,Published Confirmed,0,0.991665274,,1.09,,,1513.14
Kepler-159 b,1,Transit,2014,Published Confirmed,0,10.139623,0.082,2.38,,,373.744
Kepler-159 c,1,Transit,2014,Published Confirmed,0,43.595792,0.218,3.41,,,373.744
Kepler-1590 b,1,Transit,2016,Published Confirmed,0,7.61760804,,1.14,,,771.152
Kepler-1591 b,1,Transit,2016,Published Confirmed,0,8.18504949,,1.27,,,1419.58
Kepler-1592 b,1,Transit,2016,Published Confirmed,0,3.05710069,,1.54,,,1639.47
Kepler-1593 b,1,Transit,2016,Published Confirmed,0,174.509835,,3.17,,,638.249
Kepler-1594 b,1,Transit,2016,Published Confirmed,0,2.71603809,,1.06,,,976.868
Kepler-1595 b,1,Transit,2016,Published Confirmed,0,4.56380468,,1.23,,,845.022
Kepler-1596 b,1,Transit,2016,Published Confirmed,0,66.373379,,1.9,,,2146.23
Kepler-1597 b,1,Transit,2016,Published Confirmed,0,2.94654179,,1.06,,,1221.05
Kepler-1598 b,1,Transit,2016,Published Confirmed,0,4.34195123,,0.95,,,619.862
Kepler-1599 b,1,Transit,2016,Published Confirmed,0,122.363553,,1.62,,,1328.2
Kepler-16 b,1,Transit,2011,Published Confirmed,0,228.776,0.7048,8.4493,105.833,0.333,75.0852
Kepler-160 b,1,Transit,2014,Published Confirmed,0,4.309397,0.05511,1.715,,,937.013
Kepler-160 c,1,Transit,2014,Published Confirmed,0,13.699429,0.1192,3.76,,,937.013
Kepler-160 d,1,Transit Timing Variations,2020,Published Confirmed,0,30.0,0.17,,100.0,0.31463361,937.013
Kepler-1600 b,1,Transit,2016,Published Confirmed,0,386.370548,,3.13,,,1030.81
Kepler-1600 c,1,Transit,2021,Published Confirmed,0,7.298049927,,1.94206512,,,1030.81
Kepler-1601 b,1,Transit,2016,Published Confirmed,0,2.20921951,,0.82,,,644.456
Kepler-1602 b,1,Transit,2016,Published Confirmed,0,11.17931605,,1.34,,,629.804
Kepler-1603 b,1,Transit,2016,Published Confirmed,0,2.27163926,,1.29,,,2712.58
Kepler-1604 b,1,Transit,2016,Published Confirmed,0,0.683684256,,1.41,,,541.189
Kepler-1605 b,1,Transit,2016,Published Confirmed,0,85.7565495,,1.08,,,546.23
Kepler-1606 b,1,Transit,2016,Published Confirmed,0,196.435224,,2.07,,,831.287
Kepler-1607 b,1,Transit,2016,Published Confirmed,0,13.6473676,,0.92,,,1286.1
Kepler-1608 b,1,Transit,2016,Published Confirmed,0,16.4735686,,1.73,,,
Kepler-1609 b,1,Transit,2016,Published Confirmed,0,114.34219,,2.22,,,1826.04
Kepler-161 b,1,Transit,2014,Published Confirmed,0,4.921355,0.054,2.12,,,434.632
Kepler-161 c,1,Transit,2014,Published Confirmed,0,7.06424,0.068,2.05,,,434.632
Kepler-1610 b,1,Transit,2016,Published Confirmed,0,8.70181574,,1.61,,,864.331
Kepler-1610 c,1,Transit,2023,Kepler Project Candidate (q1_q17_dr25_koi),0,44.9851885,0.2323,2.09,,,864.331
Kepler-1611 b,1,Transit,2016,Published Confirmed,0,5.1762429,,0.81,,,908.444
Kepler-1612 b,1,Transit,2016,Published Confirmed,0,3.91795101,,1.03,,,764.726
Kepler-1613 b,1,Transit,2016,Published Confirmed,0,1.5184299,,2.08,,,1508.33
Kepler-1614 b,1,Transit,2016,Published Confirmed,0,3.9466141,,1.49,,,1191.19
Kepler-1615 b,1,Transit,2016,Published Confirmed,0,47.3126192,,2.06,,,1393.83
Kepler-1616 b,1,Transit,2016,Published Confirmed,0,6.76284377,,1.02,,,1137.81
Kepler-1617 b,1,Transit,2016,Published Confirmed,0,27.4785572,,1.2,,,898.31
Kepler-1618 b,1,Transit,2016,Published Confirmed,0,6.10826019,,1.26,,,1229.25
Kepler-1619 b,1,Transit,2016,Published Confirmed,0,23.6225913,,0.76,,,734.85
Kepler-162 b,1,Transit,2014,Published Confirmed,0,6.919798,0.069,1.26,,,855.641
Kepler-162 c,1,Transit,2014,Published Confirmed,0,19.446355,0.137,3.03,,,855.641
Kepler-1620 b,1,Transit,2016,Published Confirmed,0,101.951829,,1.61,,,895.069
Kepler-1621 b,1,Transit,2016,Published Confirmed,0,92.263714,,2.16,,,1631.66
Kepler-1622 b,1,Transit,2016,Published Confirmed,0,10.8118737,,1.47,,,796.477
Kepler-1623 b,1,Transit,2016,Published Confirmed,0,4.36128348,,1.31,,,837.481
Kepler-1624 b,1,Transit,2016,Published Confirmed,0,3.290314,,6.59,,,258.979
Kepler-1625 b,1,Transit,2016,Published Confirmed,0,287.378949,,6.06,,,2310.11
Kepler-1626 b,1,Transit,2016,Published Confirmed,0,4.13962966,,2.02,,,1368.83
Kepler-1627 b,1,Transit,2016,Published Confirmed,0,7.20283653,,3.69,,,317.437
Kepler-1628 b,1,Transit,2016,Published Confirmed,0,76.378033,,6.43,,,
Kepler-1629 b,1,Transit,2016,Published Confirmed,0,3.87595807,,0.77,,,336.09
Kepler-163 b,1,Transit,2014,Published Confirmed,0,7.810937,0.078,1.05,,,689.814
Kepler-163 c,1,Transit,2014,Published Confirmed,0,21.347262,0.152,2.26,,,689.814
Kepler-1630 b,1,Transit,2016,Published Confirmed,0,509.997402,,2.19,,,331.213
Kepler-1631 b,1,Transit,2016,Published Confirmed,0,4.09513932,,1.35,,,1305.99
Kepler-1632 b,1,Transit,2016,Published Confirmed,0,448.303558,,2.47,,,716.76
Kepler-1633 b,1,Transit,2016,Published Confirmed,0,186.404271,,1.58,,,1114.91
Kepler-1634 b,1,Transit,2016,Published Confirmed,0,374.876239,,3.19,,,617.339
Kepler-1635 b,1,Transit,2016,Published Confirmed,0,469.63111,,3.64,,,1069.45
Kepler-1636 b,1,Transit,2016,Published Confirmed,0,425.47785,,3.23,,,1947.54
Kepler-1637 b,1,Transit,2016,Published Confirmed,0,6.10960324,,0.89,,,567.187
Kepler-1638 b,1,Transit,2016,Published Confirmed,0,259.33683,,1.87,,,1525.52
Kepler-1639 b,1,Transit,2016,Published Confirmed,0,9.878482,,2.58,,,1031.31
Kepler-164 b,1,Transit,2014,Published Confirmed,0,5.03503,0.058,1.41,,,890.758
Kepler-164 c,1,Transit,2014,Published Confirmed,0,10.945723,0.097,2.73,,,890.758
Kepler-164 d,1,Transit,2014,Published Confirmed,0,28.986769,0.187,2.45,,,890.758
Kepler-164 e,1,Transit,2023,Kepler Project Candidate (q1_q17_dr25_koi),0,94.886902,0.4025,4.24,,,890.758
Kepler-1640 b,1,Transit,2016,Published Confirmed,0,7.5844126,,4.82,,,1859.78
Kepler-1641 b,1,Transit,2016,Published Confirmed,0,19.672266,,3.11,,,860.37
Kepler-1641 c,1,Transit,2016,Published Confirmed,0,32.657212,,2.95,,,860.37
Kepler-1642 b,1,Transit,2016,Published Confirmed,0,12.2057513,,3.2,,,413.873
Kepler-1642 c,1,Transit,2016,Published Confirmed,0,6.6513802,,2.66,,,413.873
Kepler-1643 b,1,Transit,2016,Published Confirmed,0,5.342657,,2.32,,,341.774
Kepler-1644 b,1,Transit,2016,Published Confirmed,0,21.0907758,,1.88,,,629.27
Kepler-1645 b,1,Transit,2016,Published Confirmed,0,16.1779561,,1.78,,,1202.47
Kepler-1646 b,1,Transit,2016,Published Confirmed,0,4.48558383,,1.23,,,127.591
Kepler-1647 b,1,Transit,2016,Published Confirmed,0,1107.5923,2.7205,11.8739,483.0,1.51968033,1212.45
Kepler-1649 b,1,Transit,2017,Published Confirmed,0,8.689099,,1.017,,,92.1913
Kepler-1649 c,1,Transit,2020,Published Confirmed,0,19.53527,,1.06,,,92.1913
Kepler-165 b,1,Transit,2014,Published Confirmed,0,8.180848,0.072,2.32,,,560.885
Kepler-165 c,1,Transit,2014,Published Confirmed,0,15.31299,0.11,2.23,,,560.885
Kepler-1650 b,1,Transit,2017,Published Confirmed,0,1.53818001,,0.96,,,134.397
Kepler-1651 b,1,Transit,2017,Published Confirmed,0,9.87863917,,1.84,,,66.4074
Kepler-1652 b,1,Transit,2017,Published Confirmed,0,38.09722,0.1654,1.6,,,
Kepler-1653 b,1,Transit,2017,Published Confirmed,0,140.2524,0.4706,2.17,,,
Kepler-1654 b,1,Transit,2018,Published Confirmed,0,1047.8356,2.026,9.180171,158.915,0.5,568.117
Kepler-1655 b,1,Transit,2018,Published Confirmed,0,11.8728787,0.1029,2.213,5.4,0.0169903,213.26
Kepler-1656 b,1,Transit,2018,Published Confirmed,0,31.562,0.1974,,47.8,0.15,185.875
Kepler-1656 c,1,Radial Velocity,2022,Published Confirmed,0,1919.0,3.053,,126.4,0.4,185.875
Kepler-166 b,1,Transit,2014,Published Confirmed,0,7.650254,0.072,2.27,,,603.53
Kepler-166 c,1,Transit,2014,Published Confirmed,0,34.260281,0.195,2.38,,,603.53
Kepler-166 d,1,Transit,2016,Published Confirmed,0,1.554003928,,1.73,,,603.53
Kepler-1660 AB b,1,Eclipse Timing Variations,2023,Published Confirmed,0,239.5044,,,1586.59940774,4.992,1188.54
Kepler-1661 b,1,Transit,2020,Published Confirmed,0,175.06,0.633,3.87,17.0,0.05348771,410.607
Kepler-1663 b,1,Transit,2020,Published Confirmed,0,17.6046,,3.30395896,,,337.926
Kepler-1664 b,1,Transit,2020,Published Confirmed,0,14.3868,,3.03320653,,,626.691
Kepler-1665 b,1,Transit,2020,Published Confirmed,0,11.9548,,2.83910787,,,335.515
Kepler-1666 b,1,Transit,2020,Published Confirmed,0,25.8476,,2.88273782,,,1379.37
Kepler-1666 c,1,Transit,2020,Published Confirmed,0,40.7157,,3.23564749,,,1379.37
Kepler-1667 b,1,Transit,2020,Published Confirmed,0,83.5781,,2.98385261,,,626.819
Kepler-1668 b,1,Transit,2020,Published Confirmed,0,15.434,,4.34764405,,,1335.64
Kepler-1669 b,1,Transit,2020,Published Confirmed,0,9.51216,,2.78043818,,,543.444
Kepler-1669 c,1,Transit,2021,Published Confirmed,0,1.609320045,,1.90120972,,,543.444
Kepler-1669 d,1,Transit,2023,Kepler Project Candidate (q1_q17_dr25_koi),0,4.72941177,0.0468,1.22,,,543.444
Kepler-167 b,1,Transit,2014,Published Confirmed,0,4.3931539,0.04825,1.718,,,341.908
Kepler-167 c,1,Transit,2014,Published Confirmed,0,7.406106,0.0684,1.674,,,341.908
Kepler-167 d,1,Transit,2016,Published Confirmed,0,21.80379,0.1404,1.238,,,341.908
Kepler-167 e,1,Transit,2016,Published Confirmed,0,1071.23205,1.883,10.16,321.00669107,1.01,341.908
Kepler-1670 b,1,Transit,2020,Published Confirmed,0,20.4998,,3.3564801,,,2065.98
Kepler-1671 b,1,Transit,2020,Published Confirmed,0,4.16787,,1.32557381,,,357.059
Kepler-1672 b,1,Transit,2020,Published Confirmed,0,150.878,,2.97022762,,,391.181
Kepler-1673 b,1,Transit,2020,Published Confirmed,0,33.7888,,2.9355194,,,727.187
Kepler-1674 b,1,Transit,2020,Published Confirmed,0,62.5611,,3.2057749,,,1012.48
Kepler-1675 b,1,Transit,2020,Published Confirmed,0,63.0382,,3.12483349,,,651.117
Kepler-1676 b,1,Transit,2020,Published Confirmed,0,29.9221,,3.3769596,,,
Kepler-1677 b,1,Transit,2020,Published Confirmed,0,22.064,,2.70216183,,,735.369
Kepler-1678 b,1,Transit,2020,Published Confirmed,0,147.974,,3.30422249,,,847.339
Kepler-1679 b,1,Transit,2020,Published Confirmed,0,9.75376,,2.0692036,,,909.28
Kepler-168 b,1,Transit,2014,Published Confirmed,0,4.425391,0.056,1.46,,,1343.6
Kepler-168 c,1,Transit,2014,Published Confirmed,0,13.193242,0.116,2.69,,,1343.6
Kepler-1680 b,1,Transit,2020,Published Confirmed,0,8.77424,,1.35954736,,,310.315
Kepler-1681 b,1,Transit,2020,Published Confirmed,0,69.8956,,2.55321772,,,758.3
Kepler-1682 b,1,Transit,2020,Published Confirmed,0,14.8334,,2.88940836,,,1159.85
Kepler-1683 b,1,Transit,2020,Published Confirmed,0,15.0337,,1.87477762,,,733.143
Kepler-1684 b,1,Transit,2020,Published Confirmed,0,47.7055,,2.87084792,,,621.996
Kepler-1685 b,1,Transit,2020,Published Confirmed,0,20.4905,,2.57673985,,,1141.89
Kepler-1686 b,1,Transit,2020,Published Confirmed,0,9.30987,,1.42553017,,,729.823
Kepler-1687 b,1,Transit,2020,Published Confirmed,0,5.77954,,1.65623882,,,417.014
Kepler-1688 b,1,Transit,2020,Published Confirmed,0,5.62012,,1.26174569,,,
Kepler-1689 b,1,Transit,2020,Published Confirmed,0,8.483,,0.94678642,,,294.122
Kepler-169 b,1,Transit,2014,Published Confirmed,0,3.250619,0.04,1.13,,,406.529
Kepler-169 c,1,Transit,2014,Published Confirmed,0,6.195469,0.062,1.21,,,406.529
Kepler-169 d,1,Transit,2014,Published Confirmed,0,8.348125,0.075,1.25,,,406.529
Kepler-169 e,1,Transit,2014,Published Confirmed,0,13.767102,0.105,2.2,,,406.529
Kepler-169 f,1,Transit,2014,Published Confirmed,0,87.090195,0.359,2.58,,,406.529
Kepler-1690 b,1,Transit,2020,Published Confirmed,0,234.636,,2.81109223,,,703.789
Kepler-1691 b,1,Transit,2020,Published Confirmed,0,3.8482,,1.83470985,,,1267.67
Kepler-1692 b,1,Transit,2020,Published Confirmed,0,5.95966,,1.11177184,,,591.019
Kepler-1693 b,1,Transit,2020,Published Confirmed,0,12.0999,,1.28938413,,,760.065
Kepler-1693 c,1,Transit,2021,Published Confirmed,0,5.363709927,,0.97698289,,,760.065
Kepler-1694 b,1,Transit,2020,Published Confirmed,0,3.89526,,1.17986031,,,513.329
Kepler-1695 b,1,Transit,2020,Published Confirmed,0,4.7329,,1.11948901,,,791.175
Kepler-1696 b,1,Transit,2020,Published Confirmed,0,65.9409,,2.80982017,,,1506.36
Kepler-1697 b,1,Transit,2020,Published Confirmed,0,33.4969,,1.25954761,,,247.771
Kepler-1698 b,1,Transit,2020,Published Confirmed,0,1.2107,,1.07315686,,,222.345
Kepler-1699 b,1,Transit,2020,Published Confirmed,0,3.49082,,1.56671124,,,818.759
Kepler-17 b,1,Transit,2011,Published Confirmed,0,1.4857108,0.02591,14.68,778.65,2.45,720.753
Kepler-170 b,1,Transit,2014,Published Confirmed,0,7.930592,0.08,3.2,,,738.657
Kepler-170 c,1,Transit,2014,Published Confirmed,0,16.665863,0.131,2.86,,,738.657
Kepler-1700 b,1,Transit,2020,Published Confirmed,0,234.239,,2.90129941,,,717.597
Kepler-1701 b,1,Transit,2020,Published Confirmed,0,169.134,,2.22186207,,,584.142
Kepler-1702 b,1,Transit,2020,Published Confirmed,0,18.5012,,1.60190793,,,857.14
Kepler-1704 b,1,Transit,2021,Published Confirmed,0,988.88112,2.027,11.94877343,1322.16617312,4.16,835.455
Kepler-1705 b,1,Transit,2021,Published Confirmed,0,9.03502,,2.03,4.47,0.01406419,1633.49
Kepler-1705 c,1,Transit,2021,Published Confirmed,0,11.28,,2.05,5.42,0.01705323,1633.49
Kepler-1708 b,1,Transit,2021,Published Confirmed,0,737.1131,1.64,9.96,1462.0106722,4.6,1666.69
Kepler-1709 b,1,Transit,2021,Published Confirmed,0,65.70459747,,3.12424875,,,273.946
Kepler-171 b,1,Transit,2014,Published Confirmed,0,4.166972,0.05,2.34,,,863.855
Kepler-171 c,1,Transit,2014,Published Confirmed,0,11.463462,0.098,2.56,,,863.855
Kepler-171 d,1,Transit,2014,Published Confirmed,0,39.595519,0.223,1.89,,,863.855
Kepler-1710 b,1,Transit,2021,Published Confirmed,0,14.91110039,,3.19744103,,,305.193
Kepler-1711 b,1,Transit,2021,Published Confirmed,0,21.06080055,,1.923,,,590.268
Kepler-1712 b,1,Transit,2021,Published Confirmed,0,13.81499958,,2.28372556,,,156.264
Kepler-1713 b,1,Transit,2021,Published Confirmed,0,18.01160049,,1.71673535,,,295.293
Kepler-1714 b,1,Transit,2021,Published Confirmed,0,10.27530003,,3.26437302,,,409.46
Kepler-1715 b,1,Transit,2021,Published Confirmed,0,35.59730148,,4.14042267,,,522.605
Kepler-1716 b,1,Transit,2021,Published Confirmed,0,35.58100128,,2.4247685,,,195.439
Kepler-1717 b,1,Transit,2021,Published Confirmed,0,30.65279961,,2.98929758,,,1008.79
Kepler-1718 b,1,Transit,2021,Published Confirmed,0,135.1880035,,2.5685207,,,375.522
Kepler-1719 b,1,Transit,2021,Published Confirmed,0,6.149559975,,3.95000623,,,905.406
Kepler-172 b,1,Transit,2014,Published Confirmed,0,2.940309,0.04,2.35,,,828.592
Kepler-172 c,1,Transit,2014,Published Confirmed,0,6.388996,0.068,2.86,,,828.592
Kepler-172 d,1,Transit,2014,Published Confirmed,0,14.627119,0.118,2.25,,,828.592
Kepler-172 e,1,Transit,2014,Published Confirmed,0,35.118736,0.211,2.76,,,828.592
Kepler-1720 b,1,Transit,2021,Published Confirmed,0,12.70639992,,3.21585295,,,629.445
Kepler-1721 b,1,Transit,2021,Published Confirmed,0,4.592380047,,3.11856756,,,641.374
Kepler-1722 b,1,Transit,2021,Published Confirmed,0,9.178569794,,2.86719266,,,772.283
Kepler-1723 b,1,Transit,2021,Published Confirmed,0,39.75289917,,2.88046569,,,811.278
Kepler-1724 b,1,Transit,2021,Published Confirmed,0,6.45442009,,2.83677238,,,1060.77
Kepler-1725 b,1,Transit,2021,Published Confirmed,0,16.71990013,,2.8125177,,,558.652
Kepler-1726 b,1,Transit,2021,Published Confirmed,0,18.39629936,,2.50861954,,,390.552
Kepler-1727 b,1,Transit,2021,Published Confirmed,0,9.029299736,,3.17321625,,,894.187
Kepler-1728 b,1,Transit,2021,Published Confirmed,0,4.782999992,,2.95501875,,,651.783
Kepler-1729 b,1,Transit,2021,Published Confirmed,0,4.220970154,,3.89404186,,,576.181
Kepler-173 b,1,Transit,2014,Published Confirmed,0,4.263742,0.048,1.29,,,833.165
Kepler-173 c,1,Transit,2014,Published Confirmed,0,8.005777,0.074,2.43,,,833.165
Kepler-1730 b,1,Transit,2021,Published Confirmed,0,13.81019974,,4.48524519,,,1427.08
Kepler-1731 b,1,Transit,2021,Published Confirmed,0,21.76129913,,2.93295657,,,169.948
Kepler-1732 b,1,Transit,2021,Published Confirmed,0,32.31240082,,4.09903273,,,1289.41
Kepler-1733 b,1,Transit,2021,Published Confirmed,0,9.229579926,,3.63582354,,,2080.51
Kepler-1734 b,1,Transit,2021,Published Confirmed,0,6.796850204,,3.08851092,,,1482.83
Kepler-1735 b,1,Transit,2021,Published Confirmed,0,7.71792984,,1.19429134,,,245.303
Kepler-1736 b,1,Transit,2021,Published Confirmed,0,37.81029892,,3.8765856,,,1430.0
Kepler-1737 b,1,Transit,2021,Published Confirmed,0,64.61750031,,5.395,,,
Kepler-1738 b,1,Transit,2021,Published Confirmed,0,7.674630165,,2.82472883,,,1302.87
Kepler-1739 b,1,Transit,2021,Published Confirmed,0,7.343709946,,2.43056832,,,783.666
Kepler-174 b,1,Transit,2014,Published Confirmed,0,13.98179,0.1,1.96,,,384.757
Kepler-174 c,1,Transit,2014,Published Confirmed,0,44.000529,0.214,1.49,,,384.757
Kepler-174 d,1,Transit,2014,Published Confirmed,0,247.35373,0.677,2.19,,,384.757
Kepler-1740 b,1,Transit,2021,Published Confirmed,0,8.172400475,,3.32321414,,,1061.77
Kepler-1741 b,1,Transit,2021,Published Confirmed,0,2.757590055,,1.273,,,270.739
Kepler-1742 b,1,Transit,2021,Published Confirmed,0,49.47819901,,2.1782413,,,669.573
Kepler-1743 b,1,Transit,2021,Published Confirmed,0,7.649710178,,1.59887007,,,538.807
Kepler-1744 b,1,Transit,2021,Published Confirmed,0,37.10110092,,3.76754004,,,1091.63
Kepler-1745 b,1,Transit,2021,Published Confirmed,0,3.016190052,,1.92872921,,,996.105
Kepler-1746 b,1,Transit,2021,Published Confirmed,0,321.2120056,,8.93504475,,,979.541
Kepler-1747 b,1,Transit,2021,Published Confirmed,0,6.230319977,,4.26508,,,1321.38
Kepler-1748 b,1,Transit,2021,Published Confirmed,0,5.823520184,,2.71275017,,,1083.28
Kepler-1749 b,1,Transit,2021,Published Confirmed,0,14.53409958,,1.61301783,,,268.2
Kepler-175 b,1,Transit,2014,Published Confirmed,0,11.903515,0.105,2.56,,,1312.34
Kepler-175 c,1,Transit,2014,Published Confirmed,0,34.035257,0.213,3.1,,,1312.34
Kepler-1750 b,1,Transit,2021,Published Confirmed,0,205.9120026,,6.00434637,,,1497.33
Kepler-1751 b,1,Transit,2021,Published Confirmed,0,7.017310143,,1.82417378,,,1291.47
Kepler-1752 b,1,Transit,2021,Published Confirmed,0,56.35850143,,4.54060463,,,962.888
Kepler-1753 b,1,Transit,2021,Published Confirmed,0,16.00460052,,2.22678077,,,707.688
Kepler-1754 b,1,Transit,2021,Published Confirmed,0,8.195949554,,2.43996509,,,718.945
Kepler-1755 b,1,Transit,2021,Published Confirmed,0,24.81209946,,5.91688317,,,982.383
Kepler-1756 b,1,Transit,2021,Published Confirmed,0,2.355750084,,1.47199944,,,
Kepler-1757 b,1,Transit,2021,Published Confirmed,0,19.65640068,,2.94660251,,,807.308
Kepler-1758 b,1,Transit,2021,Published Confirmed,0,9.977210045,,2.57059831,,,1588.41
Kepler-1759 b,1,Transit,2021,Published Confirmed,0,3.720230103,,0.9037791,,,385.348
Kepler-176 b,1,Transit,2014,Published Confirmed,0,5.433074,0.058,1.43,,,527.321
Kepler-176 c,1,Transit,2014,Published Confirmed,0,12.759712,0.102,2.6,,,527.321
Kepler-176 d,1,Transit,2014,Published Confirmed,0,25.751974,0.163,2.51,,,527.321
Kepler-176 e,1,Transit,2016,Published Confirmed,0,51.16579,,1.45,,,527.321
Kepler-1760 b,1,Transit,2021,Published Confirmed,0,38.3260994,,2.28995546,,,
Kepler-1761 b,1,Transit,2021,Published Confirmed,0,4.043540001,,1.39109603,,,221.186
Kepler-1762 b,1,Transit,2021,Published Confirmed,0,29.53910065,,2.76022913,,,1663.74
Kepler-1763 b,1,Transit,2021,Published Confirmed,0,1.480280042,,1.14651332,,,756.486
Kepler-1764 b,1,Transit,2021,Published Confirmed,0,70.46829987,,4.55527871,,,1542.48
Kepler-1765 b,1,Transit,2021,Published Confirmed,0,10.41889954,,2.49508857,,,764.456
Kepler-1766 b,1,Transit,2021,Published Confirmed,0,105.0149994,,2.27904508,,,501.229
Kepler-1767 b,1,Transit,2021,Published Confirmed,0,59.65829849,,3.01299077,,,820.506
Kepler-1768 b,1,Transit,2021,Published Confirmed,0,15.13589954,,2.23346338,,,632.766
Kepler-1769 b,1,Transit,2021,Published Confirmed,0,89.1934967,,4.465,,,438.412
Kepler-177 b,1,Transit,2013,Published Confirmed,0,36.8601,,3.5,5.84,0.0183746,1435.44
Kepler-177 c,1,Transit,2013,Published Confirmed,0,49.40926,,8.73,14.7,0.04625114,1435.44
Kepler-1770 b,1,Transit,2021,Published Confirmed,0,16.84189987,,2.84141754,,,582.942
Kepler-1771 b,1,Transit,2021,Published Confirmed,0,88.64399719,,4.05537256,,,565.752
Kepler-1772 b,1,Transit,2021,Published Confirmed,0,3.215090036,,2.68609988,,,871.564
Kepler-1773 b,1,Transit,2021,Published Confirmed,0,40.80970001,,3.50469499,,,681.255
Kepler-1774 b,1,Transit,2021,Published Confirmed,0,59.77080154,,3.18179549,,,816.592
Kepler-1775 b,1,Transit,2021,Published Confirmed,0,85.65399933,,3.64762153,,,657.023
Kepler-1776 b,1,Transit,2021,Published Confirmed,0,35.01190186,,2.61157023,,,690.336
Kepler-1777 b,1,Transit,2021,Published Confirmed,0,12.18420029,,2.13189678,,,619.146
Kepler-1778 b,1,Transit,2021,Published Confirmed,0,10.08740044,,3.01665969,,,1276.29
Kepler-1779 b,1,Transit,2021,Published Confirmed,0,16.34359932,,3.03295685,,,908.501
Kepler-178 b,1,Transit,2014,Published Confirmed,0,9.576694,0.085,2.9,,,716.025
Kepler-178 c,1,Transit,2014,Published Confirmed,0,20.552802,0.142,2.88,,,716.025
Kepler-178 d,1,Transit,2014,Published Confirmed,0,96.678988,0.397,3.95,,,716.025
Kepler-1780 b,1,Transit,2021,Published Confirmed,0,109.4449997,,3.60600667,,,790.516
Kepler-1781 b,1,Transit,2021,Published Confirmed,0,4.88752985,,2.38091029,,,962.63
Kepler-1782 b,1,Transit,2021,Published Confirmed,0,5.756229877,,2.22927435,,,305.792
Kepler-1783 b,1,Transit,2021,Published Confirmed,0,8.277440071,,1.31946731,,,264.078
Kepler-1784 b,1,Transit,2021,Published Confirmed,0,13.59049988,,2.79936489,,,883.045
Kepler-1785 b,1,Transit,2021,Published Confirmed,0,19.58550072,,2.70422447,,,745.74
Kepler-1786 b,1,Transit,2021,Published Confirmed,0,78.5460968,,3.16305828,,,863.909
Kepler-1787 b,1,Transit,2021,Published Confirmed,0,39.31370163,,2.31898181,,,778.602
Kepler-1788 b,1,Transit,2021,Published Confirmed,0,2.800120115,,2.37850461,,,560.445
Kepler-1789 b,1,Transit,2021,Published Confirmed,0,80.23190308,,2.83137505,,,611.461
Kepler-179 b,1,Transit,2014,Published Confirmed,0,2.735926,0.036,1.64,,,605.68
Kepler-179 c,1,Transit,2014,Published Confirmed,0,6.40013,0.064,2.0,,,605.68
Kepler-1790 b,1,Transit,2021,Published Confirmed,0,31.58889961,,3.1446145,,,1070.17
Kepler-1791 b,1,Transit,2021,Published Confirmed,0,7.720860004,,3.12103321,,,602.218
Kepler-1792 b,1,Transit,2021,Published Confirmed,0,4.1957798,,2.51990972,,,601.029
Kepler-1793 b,1,Transit,2021,Published Confirmed,0,8.779999733,,3.79037518,,,1189.88
Kepler-1794 b,1,Transit,2021,Published Confirmed,0,9.762980461,,1.79426276,,,561.229
Kepler-1795 b,1,Transit,2021,Published Confirmed,0,13.36019993,,1.66301611,,,
Kepler-1796 b,1,Transit,2021,Published Confirmed,0,29.4557991,,2.75047868,,,825.883
Kepler-1797 b,1,Transit,2021,Published Confirmed,0,23.3593998,,3.05774442,,,1338.49
Kepler-1798 b,1,Transit,2021,Published Confirmed,0,16.85589981,,2.30911251,,,395.196
Kepler-1799 b,1,Transit,2021,Published Confirmed,0,11.9296999,,4.12801189,,,2254.69
Kepler-18 b,1,Transit,2011,Published Confirmed,0,3.504725,0.0447,2.0,6.9,0.022,433.047
Kepler-18 c,1,Transit,2011,Published Confirmed,0,7.64159,0.0752,5.49,17.3,0.054,433.047
Kepler-18 d,1,Transit,2011,Published Confirmed,0,14.85888,0.1172,6.98,16.4,0.052,433.047
Kepler-180 b,1,Transit,2014,Published Confirmed,0,13.817124,0.109,1.5,,,695.65
Kepler-180 c,1,Transit,2014,Published Confirmed,0,41.885775,0.229,3.01,,,695.65
Kepler-1800 b,1,Transit,2021,Published Confirmed,0,4.562029839,,0.99679734,,,350.455
Kepler-1801 b,1,Transit,2021,Published Confirmed,0,10.44089985,,2.70926154,,,839.332
Kepler-1801 c,1,Transit,2023,Kepler Project Candidate (q1_q17_dr25_koi),0,116.583183,0.4572,2.91,,,839.332
Kepler-1802 b,1,Transit,2021,Published Confirmed,0,15.45020008,,1.671,,,636.694
Kepler-1802 c,1,Transit,2021,Published Confirmed,0,33.13610077,,2.322,,,636.694
Kepler-1804 b,1,Transit,2021,Published Confirmed,0,12.28849983,,1.59615726,,,434.456
Kepler-1805 b,1,Transit,2021,Published Confirmed,0,8.847940445,,1.54502915,,,221.639
Kepler-1806 b,1,Transit,2021,Published Confirmed,0,9.033320427,,2.35560189,,,978.066
Kepler-1807 b,1,Transit,2021,Published Confirmed,0,10.86060047,,2.70393215,,,1299.32
Kepler-1808 b,1,Transit,2021,Published Confirmed,0,23.3404007,,3.02511302,,,1022.01
Kepler-1809 b,1,Transit,2021,Published Confirmed,0,3.7572999,,1.513,,,409.602
Kepler-181 b,1,Transit,2014,Published Confirmed,0,3.137873,0.04,1.27,,,609.283
Kepler-181 c,1,Transit,2014,Published Confirmed,0,4.302149,0.049,1.99,,,609.283
Kepler-1810 b,1,Transit,2021,Published Confirmed,0,101.1330032,,3.91815325,,,1009.87
Kepler-1811 b,1,Transit,2021,Published Confirmed,0,76.42230225,,3.84829873,,,1390.56
Kepler-1812 b,1,Transit,2021,Published Confirmed,0,7.165219784,,2.3249424,,,1409.19
Kepler-1813 b,1,Transit,2021,Published Confirmed,0,2.818160057,,1.413,,,
Kepler-1814 b,1,Transit,2021,Published Confirmed,0,2.935359955,,2.36961357,,,726.346
Kepler-1814 c,1,Transit,2023,Kepler Project Candidate (q1_q17_dr25_koi),0,0.626281766,0.0133,1.76,,,726.346
Kepler-1815 b,1,Transit,2021,Published Confirmed,0,12.19139957,,2.7489262,,,1006.63
Kepler-1816 b,1,Transit,2021,Published Confirmed,0,91.50099945,,1.9679397,,,437.823
Kepler-1817 b,1,Transit,2021,Published Confirmed,0,44.29919815,,2.27349126,,,748.569
Kepler-1818 b,1,Transit,2021,Published Confirmed,0,4.644909859,,1.71360684,,,1034.59
Kepler-1819 b,1,Transit,2021,Published Confirmed,0,16.48690033,,3.90351256,,,1363.19
Kepler-182 b,1,Transit,2014,Published Confirmed,0,9.825792,0.096,2.58,,,1549.09
Kepler-182 c,1,Transit,2014,Published Confirmed,0,20.684342,0.157,3.43,,,1549.09
Kepler-1820 b,1,Transit,2021,Published Confirmed,0,31.03249931,,3.11883067,,,1425.39
Kepler-1821 b,1,Transit,2021,Published Confirmed,0,16.45809937,,2.59248115,,,799.699
Kepler-1822 b,1,Transit,2021,Published Confirmed,0,22.13339996,,2.64755943,,,897.597
Kepler-1823 b,1,Transit,2021,Published Confirmed,0,21.10339928,,2.0861268,,,724.971
Kepler-1824 b,1,Transit,2021,Published Confirmed,0,95.61100006,,2.38127597,,,1040.1
Kepler-1825 b,1,Transit,2021,Published Confirmed,0,1.025869966,,1.42200732,,,430.254
Kepler-1826 b,1,Transit,2021,Published Confirmed,0,1.615360022,,1.47519116,,,336.952
Kepler-1827 b,1,Transit,2021,Published Confirmed,0,3.700619936,,1.85644292,,,686.461
Kepler-1828 b,1,Transit,2021,Published Confirmed,0,10.2737999,,2.11598626,,,871.81
Kepler-1829 b,1,Transit,2021,Published Confirmed,0,5.186719894,,2.47887001,,,679.921
Kepler-183 b,1,Transit,2014,Published Confirmed,0,5.687945,0.064,2.06,,,1050.64
Kepler-183 c,1,Transit,2014,Published Confirmed,0,11.637071,0.103,2.27,,,1050.64
Kepler-1830 b,1,Transit,2021,Published Confirmed,0,56.49330139,,3.32992941,,,1056.88
Kepler-1831 b,1,Transit,2021,Published Confirmed,0,5.78387022,,1.97019818,,,1053.49
Kepler-1832 b,1,Transit,2021,Published Confirmed,0,3.138789892,,1.22719556,,,486.174
Kepler-1833 b,1,Transit,2021,Published Confirmed,0,6.892129898,,1.30027362,,,591.602
Kepler-1834 b,1,Transit,2021,Published Confirmed,0,4.603010178,,1.4593834,,,500.395
Kepler-1834 c,1,Transit,2023,Kepler Project Candidate (q1_q17_dr25_koi),0,0.766691517,0.015,1.22,,,500.395
Kepler-1835 b,1,Transit,2021,Published Confirmed,0,11.96409988,,3.53387773,,,1404.38
Kepler-1836 b,1,Transit,2021,Published Confirmed,0,5.254169941,,2.55303229,,,1472.62
Kepler-1837 b,1,Transit,2021,Published Confirmed,0,5.906089783,,2.06673842,,,1229.18
Kepler-1838 b,1,Transit,2021,Published Confirmed,0,12.14680004,,1.66049425,,,451.242
Kepler-1839 b,1,Transit,2021,Published Confirmed,0,5.056759834,,1.9493759,,,1136.6
Kepler-184 b,1,Transit,2014,Published Confirmed,0,10.687576,0.092,2.36,,,610.326
Kepler-184 c,1,Transit,2014,Published Confirmed,0,20.303005,0.141,1.97,,,610.326
Kepler-184 d,1,Transit,2014,Published Confirmed,0,29.022358,0.179,2.49,,,610.326
Kepler-1840 b,1,Transit,2021,Published Confirmed,0,131.1900024,,2.77771129,,,513.107
Kepler-1841 b,1,Transit,2021,Published Confirmed,0,25.88599968,,1.48912557,,,631.7
Kepler-1842 b,1,Transit,2021,Published Confirmed,0,14.02639961,,2.35388681,,,923.551
Kepler-1843 b,1,Transit,2021,Published Confirmed,0,25.54339981,,2.70909809,,,784.625
Kepler-1844 b,1,Transit,2021,Published Confirmed,0,3.924510002,,3.03648191,,,1804.36
Kepler-1845 b,1,Transit,2021,Published Confirmed,0,11.60649967,,2.43836702,,,710.724
Kepler-1846 b,1,Transit,2021,Published Confirmed,0,14.82009983,,1.76378826,,,374.615
Kepler-1847 b,1,Transit,2021,Published Confirmed,0,11.12969971,,2.74516914,,,1693.86
Kepler-1848 b,1,Transit,2021,Published Confirmed,0,5.604020119,,1.4088539,,,309.696
Kepler-1849 b,1,Transit,2021,Published Confirmed,0,57.29290009,,2.38685349,,,631.884
Kepler-185 b,1,Transit,2014,Published Confirmed,0,1.6329,0.026,1.17,,,466.735
Kepler-185 c,1,Transit,2014,Published Confirmed,0,20.729042,0.139,2.02,,,466.735
Kepler-1850 b,1,Transit,2021,Published Confirmed,0,1.385800004,,0.72909663,,,250.199
Kepler-1851 b,1,Transit,2021,Published Confirmed,0,12.02289963,,3.90012032,,,1589.81
Kepler-1852 b,1,Transit,2021,Published Confirmed,0,7.970940113,,1.88610592,,,772.481
Kepler-1853 b,1,Transit,2021,Published Confirmed,0,48.88819885,,1.51862272,,,562.348
Kepler-1854 b,1,Transit,2021,Published Confirmed,0,39.83110046,,2.58746104,,,423.348
Kepler-1855 b,1,Transit,2021,Published Confirmed,0,0.727330983,,1.216205,,,
Kepler-1856 b,1,Transit,2021,Published Confirmed,0,1.302000046,,1.73447868,,,848.76
Kepler-1857 b,1,Transit,2021,Published Confirmed,0,8.94340992,,1.96065412,,,853.275
Kepler-1858 b,1,Transit,2021,Published Confirmed,0,88.07160187,,2.42168247,,,833.055
Kepler-1859 b,1,Transit,2021,Published Confirmed,0,2.729599953,,1.58313575,,,1331.25
Kepler-1859 c,1,Transit,2023,Kepler Project Candidate (q1_q17_dr25_koi),0,3.59645081,0.0473,1.66,,,1331.25
Kepler-186 b,1,Transit,2014,Published Confirmed,0,3.8867907,0.0343,1.07,,,177.594
Kepler-186 c,1,Transit,2014,Published Confirmed,0,7.267302,0.0451,1.25,,,177.594
Kepler-186 d,1,Transit,2014,Published Confirmed,0,13.342996,0.0781,1.4,,,177.594
Kepler-186 e,1,Transit,2014,Published Confirmed,0,22.407704,0.11,1.27,,,177.594
Kepler-186 f,1,Transit,2014,Published Confirmed,1,129.9441,0.432,1.17,,,177.594
Kepler-1860 b,1,Transit,2021,Published Confirmed,0,12.73719978,,1.13863767,,,438.703
Kepler-1861 b,1,Transit,2021,Published Confirmed,0,40.0306015,,2.20677414,,,829.985
Kepler-1862 b,1,Transit,2021,Published Confirmed,0,16.05730057,,2.203,,,1232.19
Kepler-1863 b,1,Transit,2021,Published Confirmed,0,44.99760056,,2.26309256,,,865.546
Kepler-1864 b,1,Transit,2021,Published Confirmed,0,3.881510019,,0.75408365,,,298.894
Kepler-1865 b,1,Transit,2021,Published Confirmed,0,2.524009943,,1.57686072,,,922.255
Kepler-1866 b,1,Transit,2021,Published Confirmed,0,11.66009998,,2.08215108,,,976.737
Kepler-1867 b,1,Transit,2021,Published Confirmed,0,9.887359619,,1.15985997,,,680.583
Kepler-1868 b,1,Transit,2021,Published Confirmed,0,211.0339966,,3.14950109,,,274.18
Kepler-1869 b,1,Transit,2021,Published Confirmed,0,8.167360306,,1.11955354,,,113.025
Kepler-1869 c,1,Transit,2023,Kepler Project Candidate (q1_q17_dr25_koi),0,1.716828304,0.028,0.74,,,113.025
Kepler-187 b,1,Transit,2014,Published Confirmed,0,4.938864,0.059,1.41,,,1143.0
Kepler-187 c,1,Transit,2014,Published Confirmed,0,10.640263,0.099,2.67,,,1143.0
Kepler-1870 b,1,Transit,2021,Published Confirmed,0,3.606940031,,2.10143764,,,407.216
Kepler-1871 b,1,Transit,2021,Published Confirmed,0,1.952700019,,2.42172881,,,854.623
Kepler-1872 b,1,Transit,2021,Published Confirmed,0,3.825910091,,2.38421141,,,840.182
Kepler-1873 b,1,Transit,2021,Published Confirmed,0,0.558842003,,1.62573811,,,820.957
Kepler-1874 b,1,Transit,2021,Published Confirmed,0,56.57320023,,2.21110724,,,408.007
Kepler-1875 b,1,Transit,2021,Published Confirmed,0,34.45859909,,3.22686692,,,1660.45
Kepler-1876 b,1,Transit,2021,Published Confirmed,0,6.99205,0.0758,0.853,2.4,0.00755124,259.935
Kepler-1877 b,1,Transit,2021,Published Confirmed,0,2.377569914,,0.624086,,,285.312
Kepler-1878 b,1,Transit,2021,Published Confirmed,0,4.445879936,,2.92019781,,,1494.3
Kepler-1879 b,1,Transit,2021,Published Confirmed,0,10.61340046,,2.06512018,,,627.171
Kepler-188 b,1,Transit,2014,Published Confirmed,0,2.061897,0.032,1.68,,,968.544
Kepler-188 c,1,Transit,2014,Published Confirmed,0,5.996553,0.066,3.19,,,968.544
Kepler-1880 b,1,Transit,2021,Published Confirmed,0,6.309219837,,2.11686218,,,611.041
Kepler-1881 b,1,Transit,2021,Published Confirmed,0,159.3939972,,2.98104391,,,1057.21
Kepler-1882 b,1,Transit,2021,Published Confirmed,0,13.78730011,,1.48674404,,,443.371
Kepler-1883 b,1,Transit,2021,Published Confirmed,0,103.427002,,3.25107395,,,1377.61
Kepler-1884 b,1,Transit,2021,Published Confirmed,0,8.988320351,,1.81406781,,,1443.09
Kepler-1885 b,1,Transit,2021,Published Confirmed,0,2.522559881,,1.51110555,,,818.482
Kepler-1886 b,1,Transit,2021,Published Confirmed,0,24.2758007,,2.58158428,,,1059.51
Kepler-1887 b,1,Transit,2021,Published Confirmed,0,19.94750023,,2.92454357,,,1366.18
Kepler-1888 b,1,Transit,2021,Published Confirmed,0,11.39169979,,1.32578716,,,402.947
Kepler-1889 b,1,Transit,2021,Published Confirmed,0,37.30369949,,2.94360686,,,1395.13
Kepler-189 b,1,Transit,2014,Published Confirmed,0,10.399931,0.088,1.21,,,591.534
Kepler-189 c,1,Transit,2014,Published Confirmed,0,20.134866,0.137,2.38,,,591.534
Kepler-1890 b,1,Transit,2021,Published Confirmed,0,4.820590019,,0.86867375,,,529.596
Kepler-1891 b,1,Transit,2021,Published Confirmed,0,4.02229023,,1.52139156,,,596.24
Kepler-1892 b,1,Transit,2021,Published Confirmed,0,6.331230164,,1.83707938,,,851.595
Kepler-1893 b,1,Transit,2021,Published Confirmed,0,4.179369926,,1.70557445,,,1050.72
Kepler-1894 b,1,Transit,2021,Published Confirmed,0,2.762660027,,1.20117759,,,935.191
Kepler-1894 c,1,Transit,2023,Kepler Project Candidate (q1_q17_dr25_koi),0,5.05368985,0.0576,1.21,,,935.191
Kepler-1895 b,1,Transit,2021,Published Confirmed,0,6.070290089,,2.11934728,,,984.187
Kepler-1896 b,1,Transit,2021,Published Confirmed,0,44.87020111,,3.09935997,,,1732.91
Kepler-1897 b,1,Transit,2021,Published Confirmed,0,24.22030067,,2.81407954,,,983.174
Kepler-1898 b,1,Transit,2021,Published Confirmed,0,4.765620232,,0.93353523,,,360.921
Kepler-1899 b,1,Transit,2021,Published Confirmed,0,4.095779896,,1.55098292,,,711.509
Kepler-19 b,1,Transit,2011,Published Confirmed,0,9.28699,0.0846,2.209,6.1,0.01919275,218.562
Kepler-19 c,1,Transit Timing Variations,2011,Published Confirmed,0,28.731,,,13.1,0.041217,218.562
Kepler-19 d,1,Radial Velocity,2017,Published Confirmed,0,62.95,,,22.5,0.07079256,218.562
Kepler-190 b,1,Transit,2014,Published Confirmed,0,2.019999,0.03,1.56,,,433.387
Kepler-190 c,1,Transit,2014,Published Confirmed,0,3.763024,0.045,1.46,,,433.387
Kepler-1900 b,1,Transit,2021,Published Confirmed,0,2.986229897,,1.62314676,,,1540.43
Kepler-1901 b,1,Transit,2021,Published Confirmed,0,3.484129906,,1.47418907,,,1028.37
Kepler-1902 b,1,Transit,2021,Published Confirmed,0,3.822220087,,1.17563613,,,344.337
Kepler-1903 b,1,Transit,2021,Published Confirmed,0,17.0678997,,2.28642395,,,1775.44
Kepler-1904 b,1,Transit,2021,Published Confirmed,0,4.577020168,,1.3904994,,,270.854
Kepler-1905 b,1,Transit,2021,Published Confirmed,0,3.42392993,,1.4460734,,,1051.53
Kepler-1906 b,1,Transit,2021,Published Confirmed,0,7.362689972,,2.77615754,,,1360.63
Kepler-1907 b,1,Transit,2021,Published Confirmed,0,5.652450085,,0.86973029,,,292.111
Kepler-1907 c,1,Transit,2021,Published Confirmed,0,14.86390018,,1.15547044,,,292.111
Kepler-1909 b,1,Transit,2021,Published Confirmed,0,2.391609907,,1.09217411,,,763.662
Kepler-191 b,1,Transit,2014,Published Confirmed,0,9.939632,0.087,1.34,,,594.464
Kepler-191 c,1,Transit,2014,Published Confirmed,0,17.738506,0.128,1.86,,,594.464
Kepler-191 d,1,Transit,2016,Published Confirmed,0,5.945041017,,2.28,,,594.464
Kepler-1910 b,1,Transit,2021,Published Confirmed,0,5.688769817,,1.184,,,
Kepler-1911 b,1,Transit,2021,Published Confirmed,0,5.990799904,,1.011,,,269.912
Kepler-1912 b,1,Transit,2021,Published Confirmed,0,6.059219837,,1.35670508,,,297.017
Kepler-1913 b,1,Transit,2021,Published Confirmed,0,14.1960001,,1.51852059,,,876.3
Kepler-1914 b,1,Transit,2021,Published Confirmed,0,30.82789993,,2.9429803,,,1621.56
Kepler-1915 b,1,Transit,2021,Published Confirmed,0,13.83539963,,3.21798413,,,1514.66
Kepler-1916 b,1,Transit,2021,Published Confirmed,0,31.25429916,,2.61757235,,,2055.82
Kepler-1917 b,1,Transit,2021,Published Confirmed,0,12.90240002,,1.88971288,,,909.037
Kepler-1918 b,1,Transit,2021,Published Confirmed,0,47.0564003,,2.29763023,,,1030.11
Kepler-1919 b,1,Transit,2021,Published Confirmed,0,37.88660049,,2.62390658,,,1177.53
Kepler-192 b,1,Transit,2014,Published Confirmed,0,9.926746,0.09,2.74,,,651.674
Kepler-192 c,1,Transit,2014,Published Confirmed,0,21.2234,0.15,2.79,,,651.674
Kepler-192 d,1,Transit,2016,Published Confirmed,0,6.47027579,,1.02,,,651.674
Kepler-1920 b,1,Transit,2021,Published Confirmed,0,30.2541008,,2.95415848,,,885.913
Kepler-1921 b,1,Transit,2021,Published Confirmed,0,20.03479958,,2.89459458,,,928.989
Kepler-1921 c,1,Transit,2023,Kepler Project Candidate (q1_q17_dr25_koi),0,3.15722086,0.0454,1.41,,,928.989
Kepler-1922 b,1,Transit,2021,Published Confirmed,0,13.22259998,,2.29064904,,,1344.29
Kepler-1923 b,1,Transit,2021,Published Confirmed,0,52.60969925,,1.95958179,,,990.838
Kepler-1924 b,1,Transit,2021,Published Confirmed,0,15.33170033,,2.65446572,,,1910.77
Kepler-1925 b,1,Transit,2021,Published Confirmed,0,46.71640015,,3.00177922,,,1771.31
Kepler-1926 b,1,Transit,2021,Published Confirmed,0,42.87770081,,2.31495961,,,667.405
Kepler-1927 b,1,Transit,2021,Published Confirmed,0,73.75039673,,3.40627075,,,1091.0
Kepler-1928 b,1,Transit,2021,Published Confirmed,0,19.57783,0.194,1.992,,,326.362
Kepler-1929 b,1,Transit,2021,Published Confirmed,0,59.36249924,,3.07250761,,,508.201
Kepler-193 b,1,Transit,2014,Published Confirmed,0,11.38848,0.106,2.39,,,1009.1
Kepler-193 c,1,Transit,2014,Published Confirmed,0,50.697494,0.286,2.75,,,1009.1
Kepler-1930 b,1,Transit,2021,Published Confirmed,0,13.02680016,,1.52955541,,,275.694
Kepler-1931 b,1,Transit,2021,Published Confirmed,0,38.5760994,,2.65323514,,,620.091
Kepler-1932 b,1,Transit,2021,Published Confirmed,0,0.524177015,,1.51482218,,,713.733
Kepler-1933 b,1,Transit,2021,Published Confirmed,0,4.943290234,,1.17984089,,,328.007
Kepler-1934 b,1,Transit,2021,Published Confirmed,0,1.419759989,,0.91307734,,,428.514
Kepler-1935 b,1,Transit,2021,Published Confirmed,0,3.951400042,,2.50271696,,,904.702
Kepler-1936 b,1,Transit,2021,Published Confirmed,0,126.5569992,,3.16615594,,,871.096
Kepler-1937 b,1,Transit,2021,Published Confirmed,0,9.688599586,,3.0229133,,,905.069
Kepler-1938 b,1,Transit,2021,Published Confirmed,0,13.06260014,,1.82828927,,,421.152
Kepler-1939 b,1,Transit,2021,Published Confirmed,0,2.790659904,,1.16480773,,,189.833
Kepler-194 b,1,Transit,2014,Published Confirmed,0,2.092281,0.032,1.51,,,1097.97
Kepler-194 c,1,Transit,2014,Published Confirmed,0,17.308032,0.131,2.59,,,1097.97
Kepler-194 d,1,Transit,2014,Published Confirmed,0,52.814973,0.275,2.4,,,1097.97
Kepler-1940 b,1,Transit,2021,Published Confirmed,0,4.950610161,,1.54732469,,,798.595
Kepler-1941 b,1,Transit,2021,Published Confirmed,0,31.33510017,,2.64976949,,,1494.39
Kepler-1942 b,1,Transit,2021,Published Confirmed,0,4.626049995,,2.1170287,,,842.492
Kepler-1943 b,1,Transit,2021,Published Confirmed,0,4.850180149,,1.54869189,,,1004.55
Kepler-1944 b,1,Transit,2021,Published Confirmed,0,9.842579842,,2.75971163,,,1076.48
Kepler-1945 b,1,Transit,2021,Published Confirmed,0,6.080039978,,1.289,,,
Kepler-1946 b,1,Transit,2021,Published Confirmed,0,3.035190105,,2.48812698,,,1002.12
Kepler-1947 b,1,Transit,2021,Published Confirmed,0,6.963630199,,1.0101666,,,468.771
Kepler-1948 b,1,Transit,2021,Published Confirmed,0,15.57129955,,1.03283226,,,193.903
Kepler-1949 b,1,Transit,2021,Published Confirmed,0,2.208280087,,2.21964541,,,2617.35
Kepler-195 b,1,Transit,2014,Published Confirmed,0,8.307872,0.077,2.03,,,652.051
Kepler-195 c,1,Transit,2014,Published Confirmed,0,34.096863,0.197,1.55,,,652.051
Kepler-1950 b,1,Transit,2021,Published Confirmed,0,10.77690029,,1.52696349,,,697.253
Kepler-1951 b,1,Transit,2021,Published Confirmed,0,20.65780067,,2.32107188,,,1277.32
Kepler-1952 b,1,Transit,2021,Published Confirmed,0,27.21080017,,1.23923346,,,852.062
Kepler-1953 b,1,Transit,2021,Published Confirmed,0,6.245659828,,1.28574667,,,605.631
Kepler-1954 b,1,Transit,2021,Published Confirmed,0,5.883430004,,1.80235934,,,1373.83
Kepler-1955 b,1,Transit,2021,Published Confirmed,0,14.26519966,,1.16654878,,,449.351
Kepler-1956 b,1,Transit,2021,Published Confirmed,0,5.943719864,,1.08940238,,,360.468
Kepler-1957 b,1,Transit,2021,Published Confirmed,0,2.186619997,,0.94374867,,,460.899
Kepler-1958 b,1,Transit,2021,Published Confirmed,0,9.328619957,,2.05124311,,,1320.38
Kepler-1959 b,1,Transit,2021,Published Confirmed,0,6.38669014,,1.14315727,,,479.263
Kepler-196 b,1,Transit,2014,Published Confirmed,0,20.739886,0.138,1.9,,,451.312
Kepler-196 c,1,Transit,2014,Published Confirmed,0,47.427737,0.24,2.24,,,451.312
Kepler-196 d,1,Transit,2021,Published Confirmed,0,122.0800018,,2.66065673,,,451.312
Kepler-1960 b,1,Transit,2021,Published Confirmed,0,2.297940016,,1.30749704,,,1527.56
Kepler-1961 b,1,Transit,2021,Published Confirmed,0,5.604710102,,1.6187808,,,1042.45
Kepler-1962 b,1,Transit,2021,Published Confirmed,0,7.991459846,,1.21463929,,,866.826
Kepler-1963 b,1,Transit,2021,Published Confirmed,0,1.962260008,,0.74437023,,,492.847
Kepler-1964 b,1,Transit,2021,Published Confirmed,0,2.440829992,,1.7810587,,,
Kepler-1965 b,1,Transit,2021,Published Confirmed,0,41.86869812,,1.35415138,,,521.791
Kepler-1966 b,1,Transit,2021,Published Confirmed,0,8.617429733,,1.10479327,,,484.601
Kepler-1967 b,1,Transit,2021,Published Confirmed,0,7.281690121,,0.73022577,,,249.102
Kepler-1968 b,1,Transit,2021,Published Confirmed,0,7.281099796,,1.50004034,,,750.93
Kepler-1969 b,1,Transit,2021,Published Confirmed,0,6.647520065,,1.68161001,,,1204.54
Kepler-197 b,1,Transit,2014,Published Confirmed,0,5.599308,0.06,1.02,,,330.575
Kepler-197 c,1,Transit,2014,Published Confirmed,0,10.349695,0.09,1.23,,,330.575
Kepler-197 d,1,Transit,2014,Published Confirmed,0,15.677563,0.119,1.22,,,330.575
Kepler-197 e,1,Transit,2014,Published Confirmed,0,25.209715,0.164,0.91,,,330.575
Kepler-1972 b,1,Transit,2022,Published Confirmed,0,7.54425,,0.802,2.02,0.00635563,287.339
Kepler-1972 c,1,Transit,2022,Published Confirmed,0,11.3295,,0.868,2.11,0.0066388,287.339
Kepler-1976 b,1,Transit Timing Variations,2023,Kepler Project Candidate (q1_q17_dr25_koi),0,4.959319244,0.0565,12.21,,,1314.51
Kepler-1977 b,1,Transit,2023,Kepler Project Candidate (q1_q17_dr25_koi),0,4.53702121,0.0486,1.66,,,592.711
Kepler-1978 b,1,Transit,2023,Kepler Project Candidate (q1_q17_dr25_koi),0,10.84969477,0.0914,2.67,,,865.512
Kepler-1979 b,1,Transit,2023,Kepler Project Candidate (q1_q17_dr25_koi),0,18.5084526,0.1383,29.33,,,1076.27
Kepler-198 b,1,Transit,2014,Published Confirmed,0,17.790037,0.131,2.82,,,495.358
Kepler-198 c,1,Transit,2014,Published Confirmed,0,49.567416,0.259,2.47,,,495.358
Kepler-198 d,1,Transit,2016,Published Confirmed,0,1.31184443,,1.53,,,495.358
Kepler-1980 b,1,Transit,2023,Kepler Project Candidate (q1_q17_dr25_koi),0,33.0257179,0.2049,2.21,,,1709.4
Kepler-1981 b,1,Transit,2023,Kepler Project Candidate (q1_q17_dr25_koi),0,453.54212,1.3292,9.23,,,659.395
Kepler-1982 b,1,Transit,2023,Kepler Project Candidate (q1_q17_dr25_koi),0,3.82315697,0.0511,0.77,,,558.855
Kepler-1983 b,1,Transit,2023,Kepler Project Candidate (q1_q17_dr25_koi),0,7.32851947,0.0689,2.33,,,424.428
Kepler-1984 b,1,Transit,2023,Kepler Project Candidate (q1_q17_dr25_koi),0,1.992812339,0.0238,6.81,,,
Kepler-1985 b,1,Transit,2023,Kepler Project Candidate (q1_q17_dr25_koi),0,3.42064689,0.0426,2.27,,,
Kepler-1986 b,1,Transit,2023,Kepler Project Candidate (q1_q17_dr25_koi),0,19.5489666,0.1307,1.89,,,912.085
Kepler-1987 b,1,Transit,2023,Kepler Project Candidate (q1_q17_dr25_koi),0,2.345863002,0.0318,1.23,,,595.683
Kepler-1987 c,1,Transit,2023,Kepler Project Candidate (q1_q17_dr25_koi),0,3.64830183,0.0427,1.33,,,595.683
Kepler-1987 d,1,Transit,2023,Kepler Project Candidate (q1_q17_dr25_koi),0,5.644914154,0.0571,2.66,,,595.683
Kepler-1987 e,1,Transit,2023,Kepler Project Candidate (q1_q17_dr25_koi),0,8.74292005,0.0765,1.92,,,595.683
Kepler-1988 b,1,Transit,2023,Kepler Project Candidate (q1_q17_dr25_koi),0,11.49500229,0.1038,1.53,,,513.426
Kepler-1989 b,1,Transit,2023,Kepler Project Candidate (q1_q17_dr25_koi),0,10.161023528,0.0918,4.62,,,1252.13
Kepler-199 b,1,Transit,2014,Published Confirmed,0,23.637604,0.158,3.11,,,521.054
Kepler-199 c,1,Transit,2014,Published Confirmed,0,67.093408,0.316,3.25,,,521.054
Kepler-1990 b,1,Transit,2023,Kepler Project Candidate (q1_q17_dr25_koi),0,1.73513619,0.0286,3.27,,,392.739
Kepler-1990 c,1,Transit,2023,Kepler Project Candidate (q1_q17_dr25_koi),0,4.06844957,0.0504,0.98,,,392.739
Kepler-1991 b,1,Transit,2023,Kepler Project Candidate (q1_q17_dr25_koi),0,13.26079792,0.1065,1.47,,,855.82
Kepler-1991 c,1,Transit,2023,Kepler Project Candidate (q1_q17_dr25_koi),0,22.79020351,0.1528,2.57,,,855.82
Kepler-1992 b,1,Transit,2023,Kepler Project Candidate (q1_q17_dr25_koi),0,15.6112238,0.1169,0.91,,,532.955
Kepler-1993 b,1,Transit,2023,Kepler Project Candidate (q1_q17_dr25_koi),0,26.6565737,0.1943,4.15,,,1031.91
Kepler-1994 b,1,Transit,2023,Kepler Project Candidate (q1_q17_dr25_koi),0,4.61225043,0.053,0.51,,,241.991
Kepler-1995 b,1,Transit,2023,Kepler Project Candidate (q1_q17_dr25_koi),0,73.7578875,0.3259,4.28,,,595.331
Kepler-1996 b,1,Transit,2023,Kepler Project Candidate (q1_q17_dr25_koi),0,32.376183,0.1789,2.26,,,440.561
Kepler-1996 c,1,Transit,2023,Kepler Project Candidate (q1_q17_dr25_koi),0,92.7297248,0.3608,2.81,,,440.561
Kepler-1997 b,1,Transit,2023,Kepler Project Candidate (q1_q17_dr25_koi),0,26.7575866,0.1815,2.28,,,1502.34
Kepler-1998 b,1,Transit,2023,Kepler Project Candidate (q1_q17_dr25_koi),0,3.03267135,0.0405,0.6,,,340.965
Kepler-1999 b,1,Transit,2023,Kepler Project Candidate (q1_q17_dr25_koi),0,8.7396758,0.0713,3.29,,,701.255
Kepler-20 b,1,Transit,2011,Published Confirmed,0,3.6961049,0.04565,1.773,9.7,0.03051961,282.563
Kepler-20 c,1,Transit,2011,Published Confirmed,0,10.8540774,0.0936,2.894,11.1,0.03492451,282.563
Kepler-20 d,1,Transit,2011,Published Confirmed,0,77.611455,0.3474,2.606,13.4,0.04216111,282.563
Kepler-20 e,1,Transit,2011,Published Confirmed,0,6.0984882,0.0637,0.821,0.76,0.00239123,282.563
Kepler-20 f,1,Transit,2011,Published Confirmed,0,19.578328,0.1387,0.952,1.4,0.00440489,282.563
Kepler-20 g,1,Radial Velocity,2016,Published Confirmed,0,34.94,0.2055,,19.96,0.06280087,282.563
Kepler-200 b,1,Transit,2014,Published Confirmed,0,8.594805,0.08,2.13,,,665.912
Kepler-200 c,1,Transit,2014,Published Confirmed,0,10.222157,0.09,1.59,,,665.912
Kepler-2000 b,1,Transit,2023,Kepler Project Candidate (q1_q17_dr25_koi),0,6.383159135,0.0562,2.73,,,320.588
Kepler-2000 c,1,Transit,2023,Kepler Project Candidate (q1_q17_dr25_koi),0,20.6180348,0.1228,1.57,,,320.588
Kepler-2001 b,1,Transit,2023,Kepler Project Candidate (q1_q17_dr25_koi),0,1.090011003,0.0197,1.04,,,776.55
Kepler-2001 c,1,Transit,2023,Kepler Project Candidate (q1_q17_dr25_koi),0,14.092583189,0.1084,1.82,,,776.55
Kepler-201 b,1,Transit,2014,Published Confirmed,0,25.672083,0.175,2.46,,,636.445
Kepler-201 c,1,Transit,2014,Published Confirmed,0,151.884058,0.573,2.85,,,636.445
Kepler-202 b,1,Transit,2014,Published Confirmed,0,4.069427,0.045,1.63,,,285.111
Kepler-202 c,1,Transit,2014,Published Confirmed,0,16.282493,0.113,1.85,,,285.111
Kepler-203 b,1,Transit,2014,Published Confirmed,0,3.162697,0.043,2.57,,,703.302
Kepler-203 c,1,Transit,2014,Published Confirmed,0,5.370647,0.061,2.47,,,703.302
Kepler-203 d,1,Transit,2014,Published Confirmed,0,11.32972,0.1,1.44,,,703.302
Kepler-204 b,1,Transit,2014,Published Confirmed,0,14.400974,0.117,2.53,,,686.723
Kepler-204 c,1,Transit,2014,Published Confirmed,0,25.660593,0.173,1.79,,,686.723
Kepler-205 b,1,Transit,2014,Published Confirmed,0,2.75564,0.032,1.51,,,159.72
Kepler-205 c,1,Transit,2014,Published Confirmed,0,20.306546,0.122,1.64,,,159.72
Kepler-206 b,1,Transit,2014,Published Confirmed,0,7.781987,0.078,1.2,,,594.447
Kepler-206 c,1,Transit,2014,Published Confirmed,0,13.137471,0.111,1.77,,,594.447
Kepler-206 d,1,Transit,2014,Published Confirmed,0,23.44281,0.163,1.19,,,594.447
Kepler-207 b,1,Transit,2014,Published Confirmed,0,1.611865,0.029,1.57,,,875.519
Kepler-207 c,1,Transit,2014,Published Confirmed,0,3.071571,0.044,1.5,,,875.519
Kepler-207 d,1,Transit,2014,Published Confirmed,0,5.868075,0.068,3.31,,,875.519
Kepler-208 b,1,Transit,2014,Published Confirmed,0,4.22864,0.054,1.63,,,775.328
Kepler-208 c,1,Transit,2014,Published Confirmed,0,7.466623,0.079,1.39,,,775.328
Kepler-208 d,1,Transit,2014,Published Confirmed,0,11.131786,0.103,1.2,,,775.328
Kepler-208 e,1,Transit,2014,Published Confirmed,0,16.259458,0.132,1.48,,,775.328
Kepler-209 b,1,Transit,2014,Published Confirmed,0,16.087845,0.122,2.26,,,576.946
Kepler-209 c,1,Transit,2014,Published Confirmed,0,41.749882,0.231,3.1,,,576.946
Kepler-21 b,1,Transit,2012,Published Confirmed,0,2.7858212,0.0434,1.639,7.5,0.02359764,108.522
Kepler-210 b,1,Transit,2014,Published Confirmed,0,2.453234,0.032,2.94,,,232.75
Kepler-210 c,1,Transit,2014,Published Confirmed,0,7.972513,0.07,3.62,,,232.75
Kepler-211 b,1,Transit,2014,Published Confirmed,0,4.138575,0.048,1.26,,,309.353
Kepler-211 c,1,Transit,2014,Published Confirmed,0,6.04045,0.062,1.29,,,309.353
Kepler-212 b,1,Transit,2014,Published Confirmed,0,16.257582,0.133,1.09,,,687.194
Kepler-212 c,1,Transit,2014,Published Confirmed,0,31.805174,0.207,2.74,,,687.194
Kepler-213 b,1,Transit,2014,Published Confirmed,0,2.46236,0.036,1.62,,,634.939
Kepler-213 c,1,Transit,2014,Published Confirmed,0,4.822962,0.057,2.34,,,634.939
Kepler-214 b,1,Transit,2014,Published Confirmed,0,15.660544,0.13,2.61,,,1208.44
Kepler-214 c,1,Transit,2014,Published Confirmed,0,28.7798,0.194,2.13,,,1208.44
Kepler-215 b,1,Transit,2014,Published Confirmed,0,9.360672,0.084,1.62,,,485.997
Kepler-215 c,1,Transit,2014,Published Confirmed,0,14.667108,0.113,1.77,,,485.997
Kepler-215 d,1,Transit,2014,Published Confirmed,0,30.864423,0.185,2.39,,,485.997
Kepler-215 e,1,Transit,2014,Published Confirmed,0,68.16101,0.314,1.75,,,485.997
Kepler-216 b,1,Transit,2014,Published Confirmed,0,7.693641,0.079,2.35,,,1187.47
Kepler-216 c,1,Transit,2014,Published Confirmed,0,17.406669,0.136,3.04,,,1187.47
Kepler-217 b,1,Transit,2014,Published Confirmed,0,5.374943,0.065,2.23,,,1104.64
Kepler-217 c,1,Transit,2014,Published Confirmed,0,8.586004,0.089,1.85,,,1104.64
Kepler-217 d,1,Transit,2016,Published Confirmed,0,3.88689525,,1.32,,,1104.64
Kepler-218 b,1,Transit,2014,Published Confirmed,0,3.619337,0.046,1.48,,,656.38
Kepler-218 c,1,Transit,2014,Published Confirmed,0,44.699576,0.248,3.14,,,656.38
Kepler-218 d,1,Transit,2016,Published Confirmed,0,124.5244647,,2.66,,,656.38
Kepler-219 b,1,Transit,2014,Published Confirmed,0,4.585512,0.057,2.95,,,787.07
Kepler-219 c,1,Transit,2014,Published Confirmed,0,22.714613,0.165,3.58,,,787.07
Kepler-219 d,1,Transit,2014,Published Confirmed,0,47.903645,0.272,2.81,,,787.07
Kepler-22 b,1,Transit,2011,Published Confirmed,0,289.863876,0.812,2.1,9.1,0.0286318,194.642
Kepler-220 b,1,Transit,2014,Published Confirmed,0,4.159807,0.046,0.81,,,171.109
Kepler-220 c,1,Transit,2014,Published Confirmed,0,9.034199,0.076,1.57,,,171.109
Kepler-220 d,1,Transit,2014,Published Confirmed,0,28.122397,0.163,0.98,,,171.109
Kepler-220 e,1,Transit,2014,Published Confirmed,0,45.902733,0.226,1.33,,,171.109
Kepler-221 b,1,Transit,2014,Published Confirmed,0,2.795906,0.037,1.71,,,385.231
Kepler-221 c,1,Transit,2014,Published Confirmed,0,5.690586,0.059,2.93,,,385.231
Kepler-221 d,1,Transit,2014,Published Confirmed,0,10.04156,0.087,2.73,,,385.231
Kepler-221 e,1,Transit,2014,Published Confirmed,0,18.369917,0.13,2.63,,,385.231
Kepler-222 b,1,Transit,2014,Published Confirmed,0,3.936981,0.048,3.16,,,758.854
Kepler-222 c,1,Transit,2014,Published Confirmed,0,10.08881,0.091,4.64,,,758.854
Kepler-222 d,1,Transit,2014,Published Confirmed,0,28.081912,0.18,3.69,,,758.854
Kepler-223 b,1,Transit,2014,Published Confirmed,0,7.38449,,2.99,7.4,0.02328289,1859.71
Kepler-223 c,1,Transit,2014,Published Confirmed,0,9.84564,,3.44,5.1,0.01604631,1859.71
Kepler-223 d,1,Transit,2014,Published Confirmed,0,14.78869,,5.24,8.0,0.02517069,1859.71
Kepler-223 e,1,Transit,2014,Published Confirmed,0,19.72567,,4.6,4.8,0.01510241,1859.71
Kepler-224 b,1,Transit,2014,Published Confirmed,0,3.132924,0.038,1.39,,,782.088
Kepler-224 c,1,Transit,2014,Published Confirmed,0,5.925003,0.058,3.12,,,782.088
Kepler-224 d,1,Transit,2014,Published Confirmed,0,11.349393,0.089,2.3,,,782.088
Kepler-224 e,1,Transit,2014,Published Confirmed,0,18.643577,0.124,1.97,,,782.088
Kepler-225 b,1,Transit,2014,Published Confirmed,0,6.738975,0.056,1.2,,,561.101
Kepler-225 c,1,Transit,2014,Published Confirmed,0,18.794234,0.111,1.84,,,561.101
Kepler-226 b,1,Transit,2014,Published Confirmed,0,3.940997,0.047,1.55,,,980.138
Kepler-226 c,1,Transit,2014,Published Confirmed,0,5.349555,0.058,2.27,,,980.138
Kepler-226 d,1,Transit,2014,Published Confirmed,0,8.109044,0.076,1.22,,,980.138
Kepler-227 b,1,Transit,2014,Published Confirmed,0,9.488015,0.09,3.11,,,1083.06
Kepler-227 c,1,Transit,2014,Published Confirmed,0,54.418694,0.29,3.04,,,1083.06
Kepler-228 b,1,Transit,2014,Published Confirmed,0,2.566546,0.038,1.53,,,1644.61
Kepler-228 c,1,Transit,2014,Published Confirmed,0,4.134444,0.052,2.7,,,1644.61
Kepler-228 d,1,Transit,2014,Published Confirmed,0,11.094286,0.101,4.04,,,1644.61
Kepler-229 b,1,Transit,2014,Published Confirmed,0,6.252972,0.062,2.2,,,826.265
Kepler-229 c,1,Transit,2014,Published Confirmed,0,16.068638,0.117,4.92,,,826.265
Kepler-229 d,1,Transit,2014,Published Confirmed,0,41.194912,0.22,3.85,,,826.265
Kepler-23 b,1,Transit,2011,Published Confirmed,0,7.1,,1.638,2.56,0.00805466,835.756
Kepler-23 c,1,Transit,2011,Published Confirmed,0,10.74,,3.005,7.81,0.02457301,835.756
Kepler-23 d,1,Transit,2014,Published Confirmed,0,15.27,,2.206,4.44,0.0139698,835.756
Kepler-230 b,1,Transit,2014,Published Confirmed,0,32.625555,0.191,4.26,,,740.754
Kepler-230 c,1,Transit,2014,Published Confirmed,0,91.773242,0.38,2.04,,,740.754
Kepler-231 b,1,Transit,2014,Published Confirmed,0,10.065275,0.074,1.73,,,316.618
Kepler-231 c,1,Transit,2014,Published Confirmed,0,19.271566,0.114,1.93,,,316.618
Kepler-232 b,1,Transit,2014,Published Confirmed,0,4.431222,0.054,3.08,,,1349.13
Kepler-232 c,1,Transit,2014,Published Confirmed,0,11.379349,0.101,3.83,,,1349.13
Kepler-233 b,1,Transit,2014,Published Confirmed,0,8.472382,0.077,2.43,,,856.417
Kepler-233 c,1,Transit,2014,Published Confirmed,0,60.418955,0.287,2.71,,,856.417
Kepler-234 b,1,Transit,2014,Published Confirmed,0,2.711506,0.04,3.7,,,1733.1
Kepler-234 c,1,Transit,2014,Published Confirmed,0,7.21205,0.077,3.51,,,1733.1
Kepler-235 b,1,Transit,2014,Published Confirmed,0,3.340222,0.037,2.23,,,428.018
Kepler-235 c,1,Transit,2014,Published Confirmed,0,7.824904,0.065,1.28,,,428.018
Kepler-235 d,1,Transit,2014,Published Confirmed,0,20.060548,0.122,2.05,,,428.018
Kepler-235 e,1,Transit,2014,Published Confirmed,0,46.183669,0.213,2.22,,,428.018
Kepler-236 b,1,Transit,2014,Published Confirmed,0,8.295611,0.065,1.57,,,288.763
Kepler-236 c,1,Transit,2014,Published Confirmed,0,23.968127,0.132,2.0,,,288.763
Kepler-237 b,1,Transit,2014,Published Confirmed,0,4.715106,0.05,1.41,,,657.822
Kepler-237 c,1,Transit,2014,Published Confirmed,0,8.103636,0.071,2.08,,,657.822
Kepler-238 b,1,Transit,2014,Published Confirmed,0,2.090876,0.034,1.73,,,1798.75
Kepler-238 c,1,Transit,2014,Published Confirmed,0,6.155557,0.069,2.39,,,1798.75
Kepler-238 d,1,Transit,2014,Published Confirmed,0,13.233549,0.115,3.07,,,1798.75
Kepler-238 e,1,Transit,2013,Published Confirmed,0,23.654,,5.6,169.7,0.534,1798.75
Kepler-238 f,1,Transit,2013,Published Confirmed,0,50.447,,2.0,13.5,0.042,1798.75
Kepler-239 b,1,Transit,2014,Published Confirmed,0,11.763051,0.095,2.33,,,648.109
Kepler-239 c,1,Transit,2014,Published Confirmed,0,56.228098,0.268,2.51,,,648.109
Kepler-24 b,1,Transit,2011,Published Confirmed,0,8.14,,2.348,11.14,0.03505036,1156.81
Kepler-24 c,1,Transit,2011,Published Confirmed,0,12.33,,2.514,9.99,0.03143206,1156.81
Kepler-24 d,1,Transit,2014,Published Confirmed,0,4.244384,0.051,1.67,,,1156.81
Kepler-24 e,1,Transit,2014,Published Confirmed,0,18.998355,0.138,2.78,,,1156.81
Kepler-240 b,1,Transit,2014,Published Confirmed,0,4.144495,0.048,1.37,,,746.927
Kepler-240 c,1,Transit,2014,Published Confirmed,0,7.953528,0.074,2.2,,,746.927
Kepler-241 b,1,Transit,2014,Published Confirmed,0,12.718092,0.094,2.33,,,
Kepler-241 c,1,Transit,2014,Published Confirmed,0,36.065978,0.189,2.57,,,
Kepler-242 b,1,Transit,2014,Published Confirmed,0,8.20395,0.075,2.61,,,600.241
Kepler-242 c,1,Transit,2014,Published Confirmed,0,14.496481,0.109,2.0,,,600.241
Kepler-243 b,1,Transit,2014,Published Confirmed,0,5.715442,0.062,2.45,,,693.86
Kepler-243 c,1,Transit,2014,Published Confirmed,0,20.026218,0.142,1.99,,,693.86
Kepler-244 b,1,Transit,2014,Published Confirmed,0,4.311792,0.05,2.76,,,1036.49
Kepler-244 c,1,Transit,2014,Published Confirmed,0,9.767292,0.087,2.05,,,1036.49
Kepler-244 d,1,Transit,2014,Published Confirmed,0,20.050401,0.14,2.31,,,1036.49
Kepler-245 b,1,Transit,2014,Published Confirmed,0,7.49019,0.071,2.57,,,861.527
Kepler-245 c,1,Transit,2014,Published Confirmed,0,17.460812,0.124,2.18,,,861.527
Kepler-245 d,1,Transit,2014,Published Confirmed,0,36.277108,0.202,3.03,,,861.527
Kepler-245 e,1,Transit,2016,Published Confirmed,0,3.219821056,,1.75,,,861.527
Kepler-246 b,1,Transit,2014,Published Confirmed,0,4.60182,0.052,2.34,,,626.078
Kepler-246 c,1,Transit,2014,Published Confirmed,0,11.187161,0.095,1.5,,,626.078
Kepler-247 b,1,Transit,2014,Published Confirmed,0,3.33616,0.042,1.64,,,663.711
Kepler-247 c,1,Transit,2014,Published Confirmed,0,9.439452,0.084,4.09,,,663.711
Kepler-247 d,1,Transit,2014,Published Confirmed,0,20.477912,0.14,3.94,,,663.711
Kepler-248 b,1,Transit,2014,Published Confirmed,0,6.308205,0.066,3.02,,,738.792
Kepler-248 c,1,Transit,2014,Published Confirmed,0,16.239494,0.123,4.07,,,738.792
Kepler-249 b,1,Transit,2014,Published Confirmed,0,3.306539,0.035,1.09,,,190.401
Kepler-249 c,1,Transit,2014,Published Confirmed,0,7.113702,0.058,1.51,,,190.401
Kepler-249 d,1,Transit,2014,Published Confirmed,0,15.368459,0.097,1.57,,,190.401
Kepler-25 b,1,Transit,2011,Published Confirmed,0,6.238297,,2.748,8.7,0.0275,243.249
Kepler-25 c,1,Transit,2011,Published Confirmed,0,12.7207,,5.217,15.2,0.0479,243.249
Kepler-25 d,1,Radial Velocity,2014,Published Confirmed,0,122.4,,,71.9,0.226,243.249
Kepler-250 b,1,Transit,2014,Published Confirmed,0,4.148141,0.048,1.13,,,760.585
Kepler-250 c,1,Transit,2014,Published Confirmed,0,7.156804,0.069,2.28,,,760.585
Kepler-250 d,1,Transit,2014,Published Confirmed,0,17.648312,0.127,2.18,,,760.585
Kepler-251 b,1,Transit,2014,Published Confirmed,0,4.790936,0.053,1.33,,,924.625
Kepler-251 c,1,Transit,2014,Published Confirmed,0,16.514043,0.122,2.77,,,924.625
Kepler-251 d,1,Transit,2014,Published Confirmed,0,30.133001,0.182,2.77,,,924.625
Kepler-251 e,1,Transit,2014,Published Confirmed,0,99.640161,0.404,2.77,,,924.625
Kepler-252 b,1,Transit,2014,Published Confirmed,0,6.668391,0.058,1.23,,,379.424
Kepler-252 c,1,Transit,2014,Published Confirmed,0,10.848463,0.08,2.15,,,379.424
Kepler-253 b,1,Transit,2014,Published Confirmed,0,3.783986,0.046,1.63,,,838.595
Kepler-253 c,1,Transit,2014,Published Confirmed,0,10.281951,0.089,2.65,,,838.595
Kepler-253 d,1,Transit,2014,Published Confirmed,0,18.119869,0.13,3.17,,,838.595
Kepler-254 b,1,Transit,2014,Published Confirmed,0,5.826662,0.064,3.87,,,1389.48
Kepler-254 c,1,Transit,2014,Published Confirmed,0,12.412183,0.105,2.15,,,1389.48
Kepler-254 d,1,Transit,2014,Published Confirmed,0,18.746477,0.139,2.5,,,1389.48
Kepler-255 b,1,Transit,2014,Published Confirmed,0,5.714606,0.063,1.55,,,1052.53
Kepler-255 c,1,Transit,2014,Published Confirmed,0,9.946047,0.092,2.99,,,1052.53
Kepler-255 d,1,Transit,2016,Published Confirmed,0,1.045622658,,1.32,,,1052.53
Kepler-256 b,1,Transit,2014,Published Confirmed,0,1.620493,0.027,1.59,,,1026.43
Kepler-256 c,1,Transit,2014,Published Confirmed,0,3.38802,0.045,2.15,,,1026.43
Kepler-256 d,1,Transit,2014,Published Confirmed,0,5.839172,0.064,2.48,,,1026.43
Kepler-256 e,1,Transit,2014,Published Confirmed,0,10.681572,0.096,2.35,,,1026.43
Kepler-257 b,1,Transit,2014,Published Confirmed,0,2.382667,0.034,2.61,,,780.256
Kepler-257 c,1,Transit,2014,Published Confirmed,0,6.581484,0.066,5.41,,,780.256
Kepler-257 d,1,Transit,2014,Published Confirmed,0,24.664551,0.16,4.95,,,780.256
Kepler-258 b,1,Transit,2014,Published Confirmed,0,13.19722,0.103,4.06,,,575.988
Kepler-258 c,1,Transit,2014,Published Confirmed,0,33.653079,0.193,3.61,,,575.988
Kepler-259 b,1,Transit,2014,Published Confirmed,0,8.115317,0.079,2.8,,,1002.14
Kepler-259 c,1,Transit,2014,Published Confirmed,0,36.924931,0.217,2.7,,,1002.14
Kepler-26 b,1,Transit,2011,Published Confirmed,0,12.28,,2.78,5.12,0.01610924,335.307
Kepler-26 c,1,Transit,2011,Published Confirmed,0,17.2559,,2.72,6.2,0.01950728,335.307
Kepler-26 d,1,Transit,2014,Published Confirmed,0,3.543919,0.039,1.07,,,335.307
Kepler-26 e,1,Transit,2014,Published Confirmed,0,46.827915,0.22,2.41,,,335.307
Kepler-260 b,1,Transit,2014,Published Confirmed,0,8.187399,0.075,2.01,,,627.365
Kepler-260 c,1,Transit,2014,Published Confirmed,0,76.050178,0.332,1.74,,,627.365
Kepler-261 b,1,Transit,2014,Published Confirmed,0,10.381227,0.088,2.18,,,317.499
Kepler-261 c,1,Transit,2014,Published Confirmed,0,24.570858,0.156,2.0,,,317.499
Kepler-262 b,1,Transit,2014,Published Confirmed,0,13.060855,0.108,1.36,,,613.129
Kepler-262 c,1,Transit,2014,Published Confirmed,0,21.853722,0.152,1.64,,,613.129
Kepler-263 b,1,Transit,2014,Published Confirmed,0,16.568087,0.12,2.67,,,754.747
Kepler-263 c,1,Transit,2014,Published Confirmed,0,47.332773,0.242,2.47,,,754.747
Kepler-264 b,1,Transit,2014,Published Confirmed,0,40.806231,0.249,3.33,,,942.173
Kepler-264 c,1,Transit,2014,Published Confirmed,0,140.101261,0.566,2.83,,,942.173
Kepler-265 b,1,Transit,2014,Published Confirmed,0,6.846262,0.069,1.86,,,1280.25
Kepler-265 c,1,Transit,2014,Published Confirmed,0,17.028937,0.127,2.63,,,1280.25
Kepler-265 d,1,Transit,2014,Published Confirmed,0,43.130617,0.236,2.49,,,1280.25
Kepler-265 e,1,Transit,2014,Published Confirmed,0,67.831024,0.319,2.59,,,1280.25
Kepler-266 b,1,Transit,2014,Published Confirmed,0,6.61833,0.071,2.48,,,1370.79
Kepler-266 c,1,Transit,2014,Published Confirmed,0,107.723601,0.457,3.89,,,1370.79
Kepler-267 b,1,Transit,2014,Published Confirmed,0,3.353728,0.037,1.98,,,264.993
Kepler-267 c,1,Transit,2014,Published Confirmed,0,6.87745,0.06,2.13,,,264.993
Kepler-267 d,1,Transit,2014,Published Confirmed,0,28.464515,0.154,2.27,,,264.993
Kepler-268 b,1,Transit,2014,Published Confirmed,0,25.934138,0.18,2.55,,,851.87
Kepler-268 c,1,Transit,2014,Published Confirmed,0,83.446393,0.391,3.38,,,851.87
Kepler-269 b,1,Transit,2014,Published Confirmed,0,5.326718,0.061,2.47,,,2257.32
Kepler-269 c,1,Transit,2014,Published Confirmed,0,8.127899,0.081,1.69,,,2257.32
Kepler-27 b,1,Transit,2011,Published Confirmed,0,15.3348,0.118,4.0,2895.31,9.11,1044.36
Kepler-27 c,1,Transit,2011,Published Confirmed,0,31.3309,0.191,4.9,4385.87,13.8,1044.36
Kepler-27 d,1,Transit,2021,Published Confirmed,0,6.546289921,,2.7061946,,,1044.36
Kepler-270 b,1,Transit,2014,Published Confirmed,0,11.476094,0.107,2.01,,,948.781
Kepler-270 c,1,Transit,2014,Published Confirmed,0,25.262887,0.18,1.77,,,948.781
Kepler-271 b,1,Transit,2014,Published Confirmed,0,10.43547805,,1.23,,,404.542
Kepler-271 c,1,Transit,2014,Published Confirmed,0,7.41086267,,0.95,,,404.542
Kepler-271 d,1,Transit,2016,Published Confirmed,0,5.24972541,,0.66,,,404.542
Kepler-272 b,1,Transit,2014,Published Confirmed,0,2.971353,0.038,1.43,,,889.608
Kepler-272 c,1,Transit,2014,Published Confirmed,0,6.057342,0.061,1.79,,,889.608
Kepler-272 d,1,Transit,2014,Published Confirmed,0,10.937304,0.091,2.25,,,889.608
Kepler-273 b,1,Transit,2014,Published Confirmed,0,2.936532,0.037,1.5,,,713.964
Kepler-273 c,1,Transit,2014,Published Confirmed,0,8.014927,0.073,1.98,,,713.964
Kepler-274 b,1,Transit,2014,Published Confirmed,0,11.634788,0.101,1.54,,,1333.62
Kepler-274 c,1,Transit,2014,Published Confirmed,0,33.197861,0.204,1.84,,,1333.62
Kepler-275 b,1,Transit,2014,Published Confirmed,0,10.300682,0.098,2.34,,,2034.25
Kepler-275 c,1,Transit,2014,Published Confirmed,0,16.088134,0.132,3.38,,,2034.25
Kepler-275 d,1,Transit,2014,Published Confirmed,0,35.676062,0.224,3.33,,,2034.25
Kepler-276 b,1,Transit,2014,Published Confirmed,0,14.12841,0.119,2.87,,,1144.86
Kepler-276 c,1,Transit,2013,Published Confirmed,0,31.884,,2.9,16.6,0.052,1144.86
Kepler-276 d,1,Transit,2013,Published Confirmed,0,48.648,,2.8,16.3,0.051,1144.86
Kepler-277 b,1,Transit,2013,Published Confirmed,0,17.324,,2.92,87.3,0.275,976.643
Kepler-277 c,1,Transit,2013,Published Confirmed,0,33.006,,3.36,64.2,0.202,976.643
Kepler-278 b,1,Transit,2014,Published Confirmed,0,30.1556,0.202,3.955,56.0,0.1761957,443.03
Kepler-278 c,1,Transit,2014,Published Confirmed,0,51.111,0.287,3.268,34.9,0.10980768,443.03
Kepler-279 b,1,Transit,2014,Published Confirmed,0,12.309681,0.112,3.62,,,1037.4
Kepler-279 c,1,Transit,2013,Published Confirmed,0,35.736,,4.3,49.4,0.155,1037.4
Kepler-279 d,1,Transit,2013,Published Confirmed,0,54.414,,3.1,37.5,0.118,1037.4
Kepler-279 e,1,Transit,2025,Published Confirmed,0,98.3531,,,56.0,0.1761957,1037.4
Kepler-28 b,1,Transit,2011,Published Confirmed,0,5.91,,1.959,1.63,0.00512855,438.359
Kepler-28 c,1,Transit,2011,Published Confirmed,0,8.99,,1.857,2.06,0.00648148,438.359
Kepler-280 b,1,Transit,2014,Published Confirmed,0,2.139542,0.032,1.45,,,780.361
Kepler-280 c,1,Transit,2014,Published Confirmed,0,4.807091,0.056,2.01,,,780.361
Kepler-281 b,1,Transit,2014,Published Confirmed,0,14.646008,0.117,2.82,,,1745.45
Kepler-281 c,1,Transit,2014,Published Confirmed,0,36.337373,0.215,5.31,,,1745.45
Kepler-281 d,1,Transit,2021,Published Confirmed,0,148.2720032,,5.93747806,,,1745.45
Kepler-282 b,1,Transit,2014,Published Confirmed,0,9.220524,0.082,1.01,,,1337.61
Kepler-282 c,1,Transit,2014,Published Confirmed,0,13.638723,0.106,1.2,,,1337.61
Kepler-282 d,1,Transit,2013,Published Confirmed,0,24.806,,2.46,61.0,0.192,1337.61
Kepler-282 e,1,Transit,2013,Published Confirmed,0,44.347,,3.1,56.2,0.177,1337.61
Kepler-283 b,1,Transit,2014,Published Confirmed,0,11.008151,0.082,2.13,,,468.094
Kepler-283 c,1,Transit,2014,Published Confirmed,0,92.743711,0.341,1.82,,,468.094
Kepler-284 b,1,Transit,2014,Published Confirmed,0,12.699149,0.104,2.24,,,1031.95
Kepler-284 c,1,Transit,2014,Published Confirmed,0,37.514456,0.213,2.61,,,1031.95
Kepler-285 b,1,Transit,2014,Published Confirmed,0,2.633867,0.036,1.34,,,824.31
Kepler-285 c,1,Transit,2014,Published Confirmed,0,6.186676,0.064,1.12,,,824.31
Kepler-286 b,1,Transit,2014,Published Confirmed,0,1.796302,0.027,1.24,,,1226.85
Kepler-286 c,1,Transit,2014,Published Confirmed,0,3.468095,0.042,1.37,,,1226.85
Kepler-286 d,1,Transit,2014,Published Confirmed,0,5.914323,0.061,1.33,,,1226.85
Kepler-286 e,1,Transit,2014,Published Confirmed,0,29.221289,0.176,1.77,,,1226.85
Kepler-287 b,1,Transit,2014,Published Confirmed,0,20.342199,0.145,2.33,,,835.86
Kepler-287 c,1,Transit,2014,Published Confirmed,0,44.851896,0.246,3.26,,,835.86
Kepler-288 b,1,Transit,2014,Published Confirmed,0,6.097326,0.065,1.67,,,1194.15
Kepler-288 c,1,Transit,2014,Published Confirmed,0,19.305772,0.14,2.85,,,1194.15
Kepler-288 d,1,Transit,2014,Published Confirmed,0,56.633742,0.287,2.67,,,1194.15
Kepler-289 b,1,Transit,2014,Published Confirmed,0,34.5383,,2.49,3.7,0.0116415,704.438
Kepler-289 c,1,Transit,2014,Published Confirmed,0,125.8723,,11.23,157.18,0.49,704.438
Kepler-289 d,1,Transit,2014,Published Confirmed,0,66.0282,,3.03,5.33,0.01677006,704.438
Kepler-289 e,1,Transit,2025,Published Confirmed,0,330.0716,,,17.4,0.05474652,704.438
Kepler-29 b,1,Transit,2011,Published Confirmed,0,10.33974,,2.55,5.0,0.01573168,832.532
Kepler-29 c,1,Transit,2011,Published Confirmed,0,13.28613,,2.34,4.5,0.01415851,832.532
Kepler-290 b,1,Transit,2014,Published Confirmed,0,14.589347,0.11,2.25,,,694.627
Kepler-290 c,1,Transit,2014,Published Confirmed,0,36.77031,0.205,2.7,,,694.627
Kepler-290 d,1,Transit,2023,Kepler Project Candidate (q1_q17_dr25_koi),0,0.764017553,0.0154,0.86,,,694.627
Kepler-291 b,1,Transit,2014,Published Confirmed,0,3.546511,0.047,2.16,,,1786.48
Kepler-291 c,1,Transit,2014,Published Confirmed,0,5.700786,0.065,1.88,,,1786.48
Kepler-292 b,1,Transit,2014,Published Confirmed,0,2.580827,0.035,1.32,,,1056.48
Kepler-292 c,1,Transit,2014,Published Confirmed,0,3.715335,0.045,1.47,,,1056.48
Kepler-292 d,1,Transit,2014,Published Confirmed,0,7.055679,0.068,2.23,,,1056.48
Kepler-292 e,1,Transit,2014,Published Confirmed,0,11.97901,0.097,2.67,,,1056.48
Kepler-292 f,1,Transit,2014,Published Confirmed,0,20.834237,0.141,2.35,,,1056.48
Kepler-293 b,1,Transit,2014,Published Confirmed,0,19.254196,0.144,3.07,,,974.633
Kepler-293 c,1,Transit,2014,Published Confirmed,0,54.155743,0.286,3.83,,,974.633
Kepler-294 b,1,Transit,2014,Published Confirmed,0,3.701212,0.048,1.77,,,1357.01
Kepler-294 c,1,Transit,2014,Published Confirmed,0,6.6264,0.071,2.71,,,1357.01
Kepler-295 b,1,Transit,2014,Published Confirmed,0,12.645164,0.099,1.22,,,1699.19
Kepler-295 c,1,Transit,2014,Published Confirmed,0,21.526258,0.142,1.17,,,1699.19
Kepler-295 d,1,Transit,2014,Published Confirmed,0,33.884054,0.192,1.36,,,1699.19
Kepler-296 b,1,Transit,2014,Published Confirmed,0,10.864384,0.079,1.61,,,
Kepler-296 c,1,Transit,2014,Published Confirmed,0,5.8416366,0.0521,2.0,,,
Kepler-296 d,1,Transit,2014,Published Confirmed,0,19.850291,0.118,2.09,,,
Kepler-296 e,1,Transit,2014,Published Confirmed,0,34.14211,0.169,1.53,,,
Kepler-296 f,1,Transit,2014,Published Confirmed,0,63.33627,0.255,1.8,,,
Kepler-297 b,1,Transit,2014,Published Confirmed,0,38.871826,0.217,2.87,,,692.14
Kepler-297 c,1,Transit,2014,Published Confirmed,0,74.920137,0.336,6.54,,,692.14
Kepler-297 d,1,Transit,2023,Kepler Project Candidate (q1_q17_dr25_koi),0,150.0189511,0.523,32.6,,,692.14
Kepler-298 b,1,Transit,2014,Published Confirmed,0,10.475464,0.08,1.96,,,518.204
Kepler-298 c,1,Transit,2014,Published Confirmed,0,22.92881,0.136,1.93,,,518.204
Kepler-298 d,1,Transit,2014,Published Confirmed,0,77.473633,0.305,2.5,,,518.204
Kepler-299 b,1,Transit,2014,Published Confirmed,0,2.927128,0.04,1.32,,,1052.24
Kepler-299 c,1,Transit,2014,Published Confirmed,0,6.885875,0.07,2.65,,,1052.24
Kepler-299 d,1,Transit,2014,Published Confirmed,0,15.054786,0.118,1.86,,,1052.24
Kepler-299 e,1,Transit,2014,Published Confirmed,0,38.285489,0.22,1.87,,,1052.24
Kepler-30 b,1,Transit,2012,Published Confirmed,0,29.33434,0.18,3.9,11.3,0.036,914.221
Kepler-30 c,1,Transit,2012,Published Confirmed,0,60.323105,0.3,12.3,640.0,2.01,914.221
Kepler-30 d,1,Transit,2012,Published Confirmed,0,143.34394,0.5,8.8,23.1,0.073,914.221
Kepler-300 b,1,Transit,2014,Published Confirmed,0,10.446347,0.094,1.67,,,1098.45
Kepler-300 c,1,Transit,2014,Published Confirmed,0,40.714955,0.232,2.25,,,1098.45
Kepler-301 b,1,Transit,2014,Published Confirmed,0,2.508553,0.036,1.35,,,719.166
Kepler-301 c,1,Transit,2014,Published Confirmed,0,5.419026,0.06,1.35,,,719.166
Kepler-301 d,1,Transit,2014,Published Confirmed,0,13.751243,0.112,1.75,,,719.166
Kepler-302 b,1,Transit,2014,Published Confirmed,0,30.184104,0.193,4.06,,,1402.58
Kepler-302 c,1,Transit,2014,Published Confirmed,0,127.282184,0.503,12.45,,,1402.58
Kepler-303 b,1,Transit,2014,Published Confirmed,0,1.937055,0.024,0.89,,,209.738
Kepler-303 c,1,Transit,2014,Published Confirmed,0,7.061149,0.057,1.14,,,209.738
Kepler-304 b,1,Transit,2014,Published Confirmed,0,3.295709,0.039,2.86,,,434.684
Kepler-304 c,1,Transit,2014,Published Confirmed,0,5.315946,0.054,2.17,,,434.684
Kepler-304 d,1,Transit,2014,Published Confirmed,0,9.653471,0.08,2.75,,,434.684
Kepler-304 e,1,Transit,2016,Published Confirmed,0,1.499146953,,1.2,,,434.684
Kepler-305 b,1,Transit,2013,Published Confirmed,0,5.487,,3.6,10.5,0.033,868.477
Kepler-305 c,1,Transit,2013,Published Confirmed,0,8.291,,3.3,6.0,0.019,868.477
Kepler-305 d,1,Transit,2014,Published Confirmed,0,16.74,,2.76,6.2,0.01950738,868.477
Kepler-305 e,1,Transit,2020,Published Confirmed,0,3.20538,,1.7938153,,,868.477
Kepler-306 b,1,Transit,2014,Published Confirmed,0,4.646186,0.05,1.52,,,775.679
Kepler-306 c,1,Transit,2014,Published Confirmed,0,7.240193,0.067,2.35,,,775.679
Kepler-306 d,1,Transit,2014,Published Confirmed,0,17.326644,0.12,2.47,,,775.679
Kepler-306 e,1,Transit,2014,Published Confirmed,0,44.840975,0.227,2.27,,,775.679
Kepler-307 b,1,Transit,2013,Published Confirmed,0,10.4208,,2.43,7.44,0.02340874,575.581
Kepler-307 c,1,Transit,2013,Published Confirmed,0,13.0729,,2.2,3.64,0.01145266,575.581
Kepler-308 b,1,Transit,2014,Published Confirmed,0,9.694928,0.09,2.12,,,1335.92
Kepler-308 c,1,Transit,2014,Published Confirmed,0,15.38231,0.123,2.16,,,1335.92
Kepler-309 b,1,Transit,2014,Published Confirmed,0,5.923653,0.059,1.56,,,544.568
Kepler-309 c,1,Transit,2014,Published Confirmed,0,105.356383,0.401,2.51,,,544.568
Kepler-31 b,1,Transit,2011,Published Confirmed,0,20.8613,0.16,5.5,,,1664.64
Kepler-31 c,1,Transit,2011,Published Confirmed,0,42.6318,0.26,5.3,1493.7,4.7,1664.64
Kepler-31 d,1,Transit,2014,Published Confirmed,0,87.6451,0.4,3.9,2161.244,6.8,1664.64
Kepler-310 b,1,Transit,2014,Published Confirmed,0,13.930698,0.111,1.19,,,602.268
Kepler-310 c,1,Transit,2014,Published Confirmed,0,56.47542,0.281,3.38,,,602.268
Kepler-310 d,1,Transit,2014,Published Confirmed,0,92.876125,0.392,2.47,,,602.268
Kepler-311 b,1,Transit,2014,Published Confirmed,0,9.176092,0.087,1.7,,,778.654
Kepler-311 c,1,Transit,2014,Published Confirmed,0,19.738286,0.145,1.43,,,778.654
Kepler-311 d,1,Transit,2023,Kepler Project Candidate (q1_q17_dr25_koi),0,232.040326,0.7326,2.05,,,778.654
Kepler-312 b,1,Transit,2014,Published Confirmed,0,1.772419,0.031,1.29,,,797.72
Kepler-312 c,1,Transit,2014,Published Confirmed,0,19.747412,0.153,3.15,,,797.72
Kepler-313 b,1,Transit,2014,Published Confirmed,0,14.970418,0.125,2.53,,,
Kepler-313 c,1,Transit,2014,Published Confirmed,0,32.273273,0.208,2.57,,,
Kepler-314 b,1,Transit,2014,Published Confirmed,0,2.461069,0.035,0.83,,,268.881
Kepler-314 c,1,Transit,2014,Published Confirmed,0,5.960392,0.064,2.9,,,268.881
Kepler-315 b,1,Transit,2014,Published Confirmed,0,96.101141,0.402,3.77,,,1160.63
Kepler-315 c,1,Transit,2014,Published Confirmed,0,265.469335,0.791,4.15,,,1160.63
Kepler-316 b,1,Transit,2014,Published Confirmed,0,2.240508,0.027,1.06,,,384.938
Kepler-316 c,1,Transit,2014,Published Confirmed,0,6.827766,0.058,1.16,,,384.938
Kepler-317 b,1,Transit,2014,Published Confirmed,0,5.524242,0.061,2.09,,,940.584
Kepler-317 c,1,Transit,2014,Published Confirmed,0,8.77501,0.083,1.72,,,940.584
Kepler-318 b,1,Transit,2014,Published Confirmed,0,4.662715,0.056,4.71,,,489.141
Kepler-318 c,1,Transit,2014,Published Confirmed,0,11.815007,0.105,3.68,,,489.141
Kepler-319 b,1,Transit,2014,Published Confirmed,0,4.362705,0.051,1.63,,,503.436
Kepler-319 c,1,Transit,2014,Published Confirmed,0,6.941357,0.069,2.63,,,503.436
Kepler-319 d,1,Transit,2014,Published Confirmed,0,31.781925,0.191,2.29,,,503.436
Kepler-32 b,1,Transit,2011,Published Confirmed,0,5.90124,0.05,2.2,1303.0,4.1,323.847
Kepler-32 c,1,Transit,2011,Published Confirmed,0,8.7522,0.09,2.0,158.9,0.5,323.847
Kepler-32 d,1,Transit,2012,Published Confirmed,0,22.7802,0.13,2.7,,,323.847
Kepler-32 e,1,Transit,2012,Published Confirmed,0,2.896,0.033,1.5,,,323.847
Kepler-32 f,1,Transit,2012,Published Confirmed,0,0.74296,0.013,0.82,,,323.847
Kepler-320 b,1,Transit,2014,Published Confirmed,0,8.371554,0.085,1.14,,,826.613
Kepler-320 c,1,Transit,2014,Published Confirmed,0,17.934937,0.142,1.37,,,826.613
Kepler-321 b,1,Transit,2014,Published Confirmed,0,4.915379,0.057,1.77,,,384.542
Kepler-321 c,1,Transit,2014,Published Confirmed,0,13.093921,0.11,2.32,,,384.542
Kepler-322 b,1,Transit,2014,Published Confirmed,0,1.653888,0.027,1.01,,,400.48
Kepler-322 c,1,Transit,2014,Published Confirmed,0,4.337234,0.051,1.67,,,400.48
Kepler-323 b,1,Transit,2014,Published Confirmed,0,1.678328,0.02778,1.381,3.9,0.01227077,454.883
Kepler-323 c,1,Transit,2014,Published Confirmed,0,3.5538229,0.0458,1.57,6.8,0.02139519,454.883
Kepler-324 b,1,Transit,2014,Published Confirmed,0,4.385315,0.05,1.14,,,501.574
Kepler-324 c,1,Transit,2014,Published Confirmed,0,51.805612,0.26,3.15,,,501.574
Kepler-324 e,1,Transit,2021,Published Confirmed,0,13.97939968,,2.03862444,,,501.574
Kepler-325 b,1,Transit,2014,Published Confirmed,0,4.544439,0.053,2.91,,,823.242
Kepler-325 c,1,Transit,2014,Published Confirmed,0,12.762172,0.105,2.54,,,823.242
Kepler-325 d,1,Transit,2014,Published Confirmed,0,38.715185,0.22,2.79,,,823.242
Kepler-326 b,1,Transit,2014,Published Confirmed,0,2.248329,0.032,1.52,,,487.675
Kepler-326 c,1,Transit,2014,Published Confirmed,0,4.580358,0.051,1.4,,,487.675
Kepler-326 d,1,Transit,2014,Published Confirmed,0,6.766888,0.066,1.21,,,487.675
Kepler-327 b,1,Transit,2014,Published Confirmed,0,2.549575,0.029,1.11,,,241.987
Kepler-327 c,1,Transit,2014,Published Confirmed,0,5.212333,0.047,1.03,,,241.987
Kepler-327 d,1,Transit,2014,Published Confirmed,0,13.969457,0.09,1.73,,,241.987
Kepler-328 b,1,Transit,2013,Published Confirmed,0,34.921,,2.3,28.5,0.09,2213.19
Kepler-328 c,1,Transit,2013,Published Confirmed,0,71.312,,5.4,39.4,0.124,2213.19
Kepler-329 b,1,Transit,2014,Published Confirmed,0,7.416397,0.061,1.4,,,439.719
Kepler-329 c,1,Transit,2014,Published Confirmed,0,18.684737,0.113,1.93,,,439.719
Kepler-33 b,1,Transit,2011,Published Confirmed,0,5.66793,0.0677,1.74,,,1209.16
Kepler-33 c,1,Transit,2011,Published Confirmed,0,13.17562,0.1189,3.2,,,1209.16
Kepler-33 d,1,Transit,2011,Published Confirmed,0,21.77596,0.1662,5.35,,,1209.16
Kepler-33 e,1,Transit,2011,Published Confirmed,0,31.7844,0.2138,4.02,,,1209.16
Kepler-33 f,1,Transit,2011,Published Confirmed,0,41.02902,0.2535,4.46,,,1209.16
Kepler-330 b,1,Transit,2014,Published Confirmed,0,8.25978,0.075,1.35,,,717.527
Kepler-330 c,1,Transit,2014,Published Confirmed,0,15.955387,0.116,1.95,,,717.527
Kepler-331 b,1,Transit,2014,Published Confirmed,0,8.457496,0.065,1.82,,,580.119
Kepler-331 c,1,Transit,2014,Published Confirmed,0,17.28111,0.105,1.84,,,580.119
Kepler-331 d,1,Transit,2014,Published Confirmed,0,32.134328,0.159,1.64,,,580.119
Kepler-332 b,1,Transit,2014,Published Confirmed,0,7.626324,0.07,1.17,,,344.19
Kepler-332 c,1,Transit,2014,Published Confirmed,0,15.995622,0.114,1.09,,,344.19
Kepler-332 d,1,Transit,2014,Published Confirmed,0,34.21154,0.189,1.18,,,344.19
Kepler-333 b,1,Transit,2014,Published Confirmed,0,12.551158,0.087,1.32,,,324.413
Kepler-333 c,1,Transit,2014,Published Confirmed,0,24.08821,0.135,1.11,,,324.413
Kepler-334 b,1,Transit,2014,Published Confirmed,0,5.470319,0.061,1.12,,,426.59
Kepler-334 c,1,Transit,2014,Published Confirmed,0,12.758005,0.107,1.43,,,426.59
Kepler-334 d,1,Transit,2014,Published Confirmed,0,25.09849,0.168,1.41,,,426.59
Kepler-335 b,1,Transit,2014,Published Confirmed,0,6.562331,0.075,3.39,,,1278.97
Kepler-335 c,1,Transit,2014,Published Confirmed,0,67.844469,0.356,3.07,,,1278.97
Kepler-336 b,1,Transit,2014,Published Confirmed,0,2.024823,0.033,1.02,,,768.86
Kepler-336 c,1,Transit,2014,Published Confirmed,0,9.600001,0.092,2.1,,,768.86
Kepler-336 d,1,Transit,2014,Published Confirmed,0,20.678772,0.154,2.37,,,768.86
Kepler-337 b,1,Transit,2014,Published Confirmed,0,3.292781,0.045,1.54,,,677.975
Kepler-337 c,1,Transit,2014,Published Confirmed,0,9.693201,0.093,2.05,,,677.975
Kepler-338 b,1,Transit,2014,Published Confirmed,0,13.726976,0.117,2.44,,,552.798
Kepler-338 c,1,Transit,2014,Published Confirmed,0,24.310856,0.172,2.34,,,552.798
Kepler-338 d,1,Transit,2014,Published Confirmed,0,44.431014,0.257,3.0,,,552.798
Kepler-338 e,1,Transit Timing Variations,2014,Published Confirmed,0,9.341,,1.56,8.5,0.027,552.798
Kepler-339 b,1,Transit,2014,Published Confirmed,0,4.977656,0.055,1.42,,,616.637
Kepler-339 c,1,Transit,2014,Published Confirmed,0,6.988055,0.069,1.15,,,616.637
Kepler-339 d,1,Transit,2014,Published Confirmed,0,10.558345,0.091,1.17,,,616.637
Kepler-34 b,1,Transit,2011,Published Confirmed,0,288.822,1.0896,8.564,69.92,0.22,1800.82
Kepler-340 b,1,Transit,2014,Published Confirmed,0,14.844387,0.134,2.53,,,808.762
Kepler-340 c,1,Transit,2014,Published Confirmed,0,22.824669,0.178,3.37,,,808.762
Kepler-341 b,1,Transit,2014,Published Confirmed,0,5.195528,0.06,1.18,,,1047.03
Kepler-341 c,1,Transit,2014,Published Confirmed,0,8.01041,0.08,1.7,,,1047.03
Kepler-341 d,1,Transit,2014,Published Confirmed,0,27.666313,0.182,1.85,,,1047.03
Kepler-341 e,1,Transit,2014,Published Confirmed,0,42.473269,0.242,1.99,,,1047.03
Kepler-342 b,1,Transit,2014,Published Confirmed,0,15.170318,0.128,2.25,,,781.611
Kepler-342 c,1,Transit,2014,Published Confirmed,0,26.234138,0.185,1.96,,,781.611
Kepler-342 d,1,Transit,2014,Published Confirmed,0,39.459357,0.242,2.49,,,781.611
Kepler-342 e,1,Transit,2016,Published Confirmed,0,1.644224613,,0.88,,,781.611
Kepler-343 b,1,Transit,2014,Published Confirmed,0,8.96855,0.088,2.41,,,927.193
Kepler-343 c,1,Transit,2014,Published Confirmed,0,23.22182,0.167,2.02,,,927.193
Kepler-344 b,1,Transit,2014,Published Confirmed,0,21.963945,0.153,2.61,,,1002.94
Kepler-344 c,1,Transit,2014,Published Confirmed,0,125.596809,0.488,2.95,,,1002.94
Kepler-345 b,1,Transit,2014,Published Confirmed,0,7.415563,0.066,0.74,,,
Kepler-345 c,1,Transit,2014,Published Confirmed,0,9.387427,0.077,1.2,,,
Kepler-346 b,1,Transit,2014,Published Confirmed,0,6.511127,0.071,2.66,,,984.105
Kepler-346 c,1,Transit,2014,Published Confirmed,0,23.851549,0.168,3.07,,,984.105
Kepler-347 b,1,Transit,2014,Published Confirmed,0,12.79836,0.11,1.97,,,1298.88
Kepler-347 c,1,Transit,2014,Published Confirmed,0,27.320871,0.183,1.75,,,1298.88
Kepler-347 d,1,Transit,2023,Kepler Project Candidate (q1_q17_dr25_koi),0,85.517344,0.3802,3.04,,,1298.88
Kepler-348 b,1,Transit,2014,Published Confirmed,0,7.05677,0.076,1.52,,,570.783
Kepler-348 c,1,Transit,2014,Published Confirmed,0,17.265427,0.138,1.33,,,570.783
Kepler-349 b,1,Transit,2014,Published Confirmed,0,5.929778,0.065,1.9,,,940.724
Kepler-349 c,1,Transit,2014,Published Confirmed,0,12.247629,0.105,1.96,,,940.724
Kepler-35 b,1,Transit,2011,Published Confirmed,0,131.458,0.60347,8.16,40.363,0.127,1819.17
Kepler-350 b,1,Transit,2014,Published Confirmed,0,11.189562,0.104,1.85,,,956.859
Kepler-350 c,1,Transit,2013,Published Confirmed,0,17.849,,3.1,6.1,0.019,956.859
Kepler-350 d,1,Transit,2013,Published Confirmed,0,26.136,,2.8,14.9,0.047,956.859
Kepler-351 b,1,Transit,2014,Published Confirmed,0,37.054919,0.214,3.06,,,1083.91
Kepler-351 c,1,Transit,2014,Published Confirmed,0,57.24809,0.287,3.19,,,1083.91
Kepler-351 d,1,Transit,2016,Published Confirmed,0,142.544247,,2.72,,,1083.91
Kepler-352 b,1,Transit,2014,Published Confirmed,0,10.05537,0.085,0.86,,,252.733
Kepler-352 c,1,Transit,2014,Published Confirmed,0,16.332995,0.118,1.24,,,252.733
Kepler-352 d,1,Transit,2021,Published Confirmed,0,6.887279987,,0.80628032,,,252.733
Kepler-353 b,1,Transit,2014,Published Confirmed,0,5.795278,0.051,0.89,,,384.694
Kepler-353 c,1,Transit,2014,Published Confirmed,0,8.410894,0.065,1.38,,,384.694
Kepler-354 b,1,Transit,2014,Published Confirmed,0,5.47666,0.054,1.84,,,554.064
Kepler-354 c,1,Transit,2014,Published Confirmed,0,16.934402,0.115,1.31,,,554.064
Kepler-354 d,1,Transit,2014,Published Confirmed,0,24.209842,0.146,1.24,,,554.064
Kepler-355 b,1,Transit,2014,Published Confirmed,0,11.03189,0.102,1.46,,,1432.17
Kepler-355 c,1,Transit,2014,Published Confirmed,0,25.762294,0.179,2.71,,,1432.17
Kepler-356 b,1,Transit,2014,Published Confirmed,0,4.612696,0.057,1.57,,,707.559
Kepler-356 c,1,Transit,2014,Published Confirmed,0,13.121632,0.115,1.81,,,707.559
Kepler-357 b,1,Transit,2014,Published Confirmed,0,6.475434,0.063,1.84,,,688.573
Kepler-357 c,1,Transit,2014,Published Confirmed,0,16.85837,0.12,2.67,,,688.573
Kepler-357 d,1,Transit,2014,Published Confirmed,0,49.499875,0.246,3.43,,,688.573
Kepler-358 b,1,Transit,2014,Published Confirmed,0,34.060467,0.21,2.72,,,1101.1
Kepler-358 c,1,Transit,2014,Published Confirmed,0,83.488369,0.381,2.85,,,1101.1
Kepler-359 b,1,Transit,2014,Published Confirmed,0,25.563222,0.178,3.53,,,1443.21
Kepler-359 c,1,Transit,2014,Published Confirmed,0,57.68802,0.307,4.3,,,1443.21
Kepler-359 d,1,Transit,2014,Published Confirmed,0,77.095691,0.372,4.01,,,1443.21
Kepler-36 b,1,Transit,2012,Published Confirmed,0,13.86825,,1.498,3.83,0.01205047,527.956
Kepler-36 c,1,Transit,2012,Published Confirmed,0,16.21865,,3.679,7.13,0.02243338,527.956
Kepler-360 b,1,Transit,2014,Published Confirmed,0,3.289672,0.044,1.65,,,876.044
Kepler-360 c,1,Transit,2014,Published Confirmed,0,7.186434,0.075,2.1,,,876.044
Kepler-361 b,1,Transit,2014,Published Confirmed,0,8.486616,0.086,1.45,,,930.32
Kepler-361 c,1,Transit,2014,Published Confirmed,0,55.188023,0.3,2.52,,,930.32
Kepler-362 b,1,Transit,2014,Published Confirmed,0,10.327186,0.087,0.88,,,1090.51
Kepler-362 c,1,Transit,2014,Published Confirmed,0,37.866281,0.207,1.45,,,1090.51
Kepler-363 b,1,Transit,2014,Published Confirmed,0,3.614568,0.048,1.16,,,762.596
Kepler-363 c,1,Transit,2014,Published Confirmed,0,7.542427,0.079,1.69,,,762.596
Kepler-363 d,1,Transit,2014,Published Confirmed,0,11.932125,0.107,2.05,,,762.596
Kepler-364 b,1,Transit,2014,Published Confirmed,0,25.745718,0.178,1.55,,,891.462
Kepler-364 c,1,Transit,2014,Published Confirmed,0,59.980627,0.312,2.15,,,891.462
Kepler-365 b,1,Transit,2014,Published Confirmed,0,10.664903,0.098,2.04,,,1038.99
Kepler-365 c,1,Transit,2014,Published Confirmed,0,17.784129,0.137,1.64,,,1038.99
Kepler-366 b,1,Transit,2014,Published Confirmed,0,3.281959,0.045,1.46,,,1856.28
Kepler-366 c,1,Transit,2014,Published Confirmed,0,12.51616,0.11,1.79,,,1856.28
Kepler-367 b,1,Transit,2014,Published Confirmed,0,37.815724,0.201,1.3,,,188.027
Kepler-367 c,1,Transit,2014,Published Confirmed,0,53.578637,0.253,1.2,,,188.027
Kepler-368 b,1,Transit,2014,Published Confirmed,0,26.84768,0.186,3.26,,,770.978
Kepler-368 c,1,Transit,2014,Published Confirmed,0,72.379334,0.36,3.88,,,770.978
Kepler-369 b,1,Transit,2014,Published Confirmed,0,2.732756,0.03,1.13,,,
Kepler-369 c,1,Transit,2014,Published Confirmed,0,14.871572,0.094,1.41,,,
Kepler-37 b,1,Transit,2013,Published Confirmed,0,13.36702,0.1019,0.3098,0.79,0.00248562,63.9207
Kepler-37 c,1,Transit,2013,Published Confirmed,0,21.301848,0.139,0.755,1.3,0.00409026,63.9207
Kepler-37 d,1,Transit,2013,Published Confirmed,0,39.7922622,0.2109,2.03,2.0,0.0062927,63.9207
Kepler-37 e,1,Transit Timing Variations,2014,Published Confirmed,0,51.196,,,,,63.9207
Kepler-370 b,1,Transit,2014,Published Confirmed,0,4.57953,0.054,1.59,,,1167.94
Kepler-370 c,1,Transit,2014,Published Confirmed,0,19.02293,0.14,1.91,,,1167.94
Kepler-371 b,1,Transit,2014,Published Confirmed,0,34.763278,0.2,1.89,,,813.192
Kepler-371 c,1,Transit,2014,Published Confirmed,0,67.968015,0.313,1.78,,,813.192
Kepler-372 b,1,Transit,2014,Published Confirmed,0,6.849692,0.075,1.36,,,1493.95
Kepler-372 c,1,Transit,2014,Published Confirmed,0,20.053763,0.154,2.09,,,1493.95
Kepler-372 d,1,Transit,2014,Published Confirmed,0,30.092568,0.201,1.69,,,1493.95
Kepler-373 b,1,Transit,2014,Published Confirmed,0,5.535309,0.06,1.36,,,1090.45
Kepler-373 c,1,Transit,2014,Published Confirmed,0,16.725948,0.126,1.24,,,1090.45
Kepler-374 b,1,Transit,2014,Published Confirmed,0,1.897806,0.029,1.03,,,1265.61
Kepler-374 c,1,Transit,2014,Published Confirmed,0,3.282807,0.042,1.1,,,1265.61
Kepler-374 d,1,Transit,2014,Published Confirmed,0,5.028219,0.056,1.31,,,1265.61
Kepler-375 b,1,Transit,2014,Published Confirmed,0,12.125934,0.101,1.45,,,1238.81
Kepler-375 c,1,Transit,2014,Published Confirmed,0,19.986326,0.141,2.65,,,1238.81
Kepler-376 b,1,Transit,2014,Published Confirmed,0,4.920199,0.057,1.07,,,923.067
Kepler-376 c,1,Transit,2014,Published Confirmed,0,14.172327,0.115,1.79,,,923.067
Kepler-377 b,1,Transit,2014,Published Confirmed,0,12.509529,0.109,1.39,,,823.804
Kepler-377 c,1,Transit,2014,Published Confirmed,0,27.014976,0.182,2.06,,,823.804
Kepler-378 b,1,Transit,2014,Published Confirmed,0,16.092361,0.112,0.75,,,152.094
Kepler-378 c,1,Transit,2014,Published Confirmed,0,28.906009,0.166,0.7,,,152.094
Kepler-379 b,1,Transit,2014,Published Confirmed,0,20.09838,0.152,1.66,,,731.274
Kepler-379 c,1,Transit,2014,Published Confirmed,0,62.784697,0.326,2.29,,,731.274
Kepler-38 b,1,Transit,2012,Published Confirmed,0,105.599,0.4632,4.3,122.0,0.384,1174.59
Kepler-380 b,1,Transit,2014,Published Confirmed,0,3.930821,0.05,1.19,,,813.713
Kepler-380 c,1,Transit,2014,Published Confirmed,0,7.630004,0.078,1.27,,,813.713
Kepler-381 b,1,Transit,2014,Published Confirmed,0,5.629021,0.066,0.99,,,267.323
Kepler-381 c,1,Transit,2014,Published Confirmed,0,13.391635,0.117,1.12,,,267.323
Kepler-381 d,1,Transit,2021,Published Confirmed,0,8.256299973,,1.0667865,,,267.323
Kepler-382 b,1,Transit,2014,Published Confirmed,0,5.262155,0.055,1.32,,,935.446
Kepler-382 c,1,Transit,2014,Published Confirmed,0,12.162701,0.097,1.59,,,935.446
Kepler-383 b,1,Transit,2014,Published Confirmed,0,12.904532,0.095,1.32,,,
Kepler-383 c,1,Transit,2014,Published Confirmed,0,31.200751,0.172,1.24,,,
Kepler-384 b,1,Transit,2014,Published Confirmed,0,22.597053,0.148,1.12,,,895.678
Kepler-384 c,1,Transit,2014,Published Confirmed,0,45.348269,0.236,1.13,,,895.678
Kepler-385 b,1,Transit,2014,Published Confirmed,0,10.043686,0.097,2.73,,,1432.61
Kepler-385 c,1,Transit,2014,Published Confirmed,0,15.163161,0.127,3.04,,,1432.61
Kepler-385 d,1,Transit,2020,Published Confirmed,0,56.4159,,2.6186448,,,1432.61
Kepler-386 b,1,Transit,2014,Published Confirmed,0,12.31043,0.096,1.39,,,882.462
Kepler-386 c,1,Transit,2014,Published Confirmed,0,25.193458,0.155,1.58,,,882.462
Kepler-387 b,1,Transit,2014,Published Confirmed,0,6.791636,0.068,1.03,,,801.052
Kepler-387 c,1,Transit,2014,Published Confirmed,0,11.837549,0.098,0.89,,,801.052
Kepler-388 b,1,Transit,2014,Published Confirmed,0,3.173315,0.036,0.81,,,
Kepler-388 c,1,Transit,2014,Published Confirmed,0,13.297004,0.093,0.86,,,
Kepler-389 b,1,Transit,2014,Published Confirmed,0,3.244107,0.041,1.51,,,816.559
Kepler-389 c,1,Transit,2014,Published Confirmed,0,14.51143,0.11,1.46,,,816.559
Kepler-39 b,1,Transit,2011,Published Confirmed,0,21.08721,0.164,13.9,6388.1,20.1,1057.41
Kepler-390 b,1,Transit,2014,Published Confirmed,0,6.738088,0.065,0.82,,,435.277
Kepler-390 c,1,Transit,2014,Published Confirmed,0,13.060022,0.101,0.79,,,435.277
Kepler-391 b,1,Transit,2014,Published Confirmed,0,7.4175,0.083,2.5,1100.0,3.46098705,869.236
Kepler-391 c,1,Transit,2014,Published Confirmed,0,20.501,0.164,2.88,450.0,1.41585834,869.236
Kepler-392 b,1,Transit,2014,Published Confirmed,0,5.341853,0.059,1.0,,,681.428
Kepler-392 c,1,Transit,2014,Published Confirmed,0,10.423118,0.093,1.1,,,681.428
Kepler-393 b,1,Transit,2014,Published Confirmed,0,9.182417,0.091,1.29,,,881.404
Kepler-393 c,1,Transit,2014,Published Confirmed,0,14.613612,0.124,1.33,,,881.404
Kepler-394 b,1,Transit,2014,Published Confirmed,0,8.005013,0.083,1.6,,,1058.72
Kepler-394 c,1,Transit,2014,Published Confirmed,0,12.130686,0.11,1.66,,,1058.72
Kepler-394 d,1,Transit,2021,Published Confirmed,0,5.613580227,,1.50066814,,,1058.72
Kepler-395 b,1,Transit,2014,Published Confirmed,0,7.054346,0.061,1.03,,,421.382
Kepler-395 c,1,Transit,2014,Published Confirmed,0,34.989262,0.177,1.32,,,421.382
Kepler-396 b,1,Transit,2013,Published Confirmed,0,42.994,,3.5,75.5,0.238,223.757
Kepler-396 c,1,Transit,2013,Published Confirmed,0,88.505,,5.3,17.9,0.056,223.757
Kepler-397 b,1,Transit,2014,Published Confirmed,0,22.250949,0.144,2.46,,,
Kepler-397 c,1,Transit,2014,Published Confirmed,0,135.498527,0.48,6.18,,,
Kepler-398 b,1,Transit,2014,Published Confirmed,0,4.081423,0.044,0.93,,,177.355
Kepler-398 c,1,Transit,2014,Published Confirmed,0,11.419412,0.087,1.01,,,177.355
Kepler-398 d,1,Transit,2016,Published Confirmed,0,6.83437001,,0.88,,,177.355
Kepler-399 b,1,Transit,2014,Published Confirmed,0,14.425281,0.103,0.96,,,740.537
Kepler-399 c,1,Transit,2014,Published Confirmed,0,26.67569,0.155,1.43,,,740.537
Kepler-399 d,1,Transit,2014,Published Confirmed,0,58.034616,0.261,1.89,,,740.537
Kepler-4 b,1,Transit,2009,Published Confirmed,0,3.21346,0.0456,4.002,24.472,0.077,487.916
Kepler-40 b,1,Transit,2010,Published Confirmed,0,6.87349,0.08,13.11,699.2,2.2,2305.01
Kepler-400 b,1,Transit,2014,Published Confirmed,0,9.024389,0.087,1.65,,,845.97
Kepler-400 c,1,Transit,2014,Published Confirmed,0,17.340824,0.134,1.49,,,845.97
Kepler-401 b,1,Transit,2014,Published Confirmed,0,14.383035,0.122,1.71,,,965.56
Kepler-401 c,1,Transit,2014,Published Confirmed,0,47.318218,0.269,2.15,,,965.56
Kepler-401 d,1,Transit,2016,Published Confirmed,0,184.256405,,2.27,,,965.56
Kepler-402 b,1,Transit,2014,Published Confirmed,0,4.028751,0.051,1.22,,,625.339
Kepler-402 c,1,Transit,2014,Published Confirmed,0,6.124821,0.068,1.56,,,625.339
Kepler-402 d,1,Transit,2014,Published Confirmed,0,8.921099,0.087,1.38,,,625.339
Kepler-402 e,1,Transit,2014,Published Confirmed,0,11.242861,0.102,1.46,,,625.339
Kepler-403 b,1,Transit,2014,Published Confirmed,0,7.031462,0.076,1.25,,,840.269
Kepler-403 c,1,Transit,2014,Published Confirmed,0,54.280749,0.297,1.75,,,840.269
Kepler-403 d,1,Transit,2016,Published Confirmed,0,13.61159129,,1.42,,,840.269
Kepler-404 b,1,Transit,2014,Published Confirmed,0,11.829851,0.102,1.27,,,812.524
Kepler-404 c,1,Transit,2014,Published Confirmed,0,14.751166,0.118,1.72,,,812.524
Kepler-405 b,1,Transit,2014,Published Confirmed,0,10.613839,0.095,2.08,,,1065.08
Kepler-405 c,1,Transit,2014,Published Confirmed,0,29.726682,0.188,4.66,,,1065.08
Kepler-406 b,1,Transit,2014,Published Confirmed,0,2.42629,,1.43,6.35,0.02,364.03
Kepler-406 c,1,Transit,2014,Published Confirmed,0,4.62332,,0.85,2.71,0.009,364.03
Kepler-407 b,1,Transit,2014,Published Confirmed,0,0.6693124,,1.19,1.93,0.00607246,338.368
Kepler-407 c,1,Radial Velocity,2014,Published Confirmed,0,3000.0,,,4000.0,12.6,338.368
Kepler-408 b,1,Transit,2014,Published Confirmed,0,2.46502,,0.82,5.0,0.01573168,88.7832
Kepler-409 b,1,Transit,2014,Published Confirmed,0,68.9583216,0.3192,1.199,6.0,0.01887811,68.173
Kepler-41 b,1,Transit,2011,Published Confirmed,0,1.8555582,0.03101,14.46,177.98,0.56,1093.08
Kepler-410 A b,1,Transit,2013,Published Confirmed,0,17.833648,0.1226,2.838,,,147.527
Kepler-411 b,1,Transit,2013,Published Confirmed,0,3.005156,0.0375,2.401,25.6,0.0805462,153.676
Kepler-411 c,1,Transit,2016,Published Confirmed,0,7.834435,0.0739,4.421,26.4,0.08306327,153.676
Kepler-411 d,1,Transit,2018,Published Confirmed,0,58.02035,0.279,3.319,15.2,0.04782431,153.676
Kepler-411 e,1,Transit Timing Variations,2018,Published Confirmed,0,31.509728,0.186,,10.8,0.03398043,153.676
Kepler-412 b,1,Transit,2014,Published Confirmed,0,1.7208604,0.02897,15.031269,299.07803,0.941,1086.24
Kepler-413 b,1,Transit,2014,Published Confirmed,0,66.262,0.3553,4.347,67.0,0.211,847.536
Kepler-414 b,1,Transit Timing Variations,2014,Published Confirmed,0,4.7,,1.71,3.5,0.011,413.46
Kepler-414 c,1,Transit Timing Variations,2014,Published Confirmed,0,7.171,,3.01,29.9,0.094,413.46
Kepler-415 b,1,Transit Timing Variations,2014,Published Confirmed,0,4.176,,1.21,119.9,0.377,530.487
Kepler-415 c,1,Transit Timing Variations,2014,Published Confirmed,0,8.708,,,,,530.487
Kepler-416 b,1,Transit Timing Variations,2014,Published Confirmed,0,6.319,,2.48,58.2,0.183,690.819
Kepler-416 c,1,Transit Timing Variations,2014,Published Confirmed,0,12.209,,,,,690.819
Kepler-416 d,1,Transit,2023,Kepler Project Candidate (q1_q17_dr25_koi),0,3.07644709,0.0407,1.61,,,690.819
Kepler-417 b,1,Transit Timing Variations,2014,Published Confirmed,0,12.331,,2.31,11.0,0.035,973.989
Kepler-417 c,1,Transit Timing Variations,2014,Published Confirmed,0,15.943,,,,,973.989
Kepler-418 b,1,Transit,2014,Published Confirmed,0,86.67856,,13.45,349.6112477,1.1,1002.53
Kepler-418 c,1,Transit,2021,Published Confirmed,0,12.21829987,,5.22108654,,,1002.53
Kepler-419 b,1,Transit,2014,Published Confirmed,0,69.7546,0.37,10.8,794.5,2.5,1011.36
Kepler-419 c,1,Transit Timing Variations,2014,Published Confirmed,0,675.47,1.68,,2320.1,7.3,1011.36
Kepler-42 b,1,Transit,2011,Published Confirmed,0,1.2137672,0.0116,0.78,,,40.0595
Kepler-42 c,1,Transit,2011,Published Confirmed,0,0.45328509,0.006,0.73,,,40.0595
Kepler-42 d,1,Transit,2011,Published Confirmed,0,1.865169,0.0154,0.57,,,40.0595
Kepler-421 b,1,Transit,2014,Published Confirmed,0,704.1984,1.219,4.16,,,348.558
Kepler-422 b,1,Transit,2014,Published Confirmed,0,7.8914483,0.082,12.89,136.66,0.43,722.795
Kepler-423 b,1,Transit,2014,Published Confirmed,0,2.6843285,0.03585,13.361,189.101,0.595,758.753
Kepler-424 b,1,Transit,2014,Published Confirmed,0,3.3118644,0.044,9.98,327.35,1.03,698.646
Kepler-424 c,1,Radial Velocity,2014,Published Confirmed,0,223.3,0.73,,2215.18,6.97,698.646
Kepler-425 b,1,Transit,2014,Published Confirmed,0,3.79701816,0.0464,10.962,79.45,0.25,646.647
Kepler-426 b,1,Transit,2014,Published Confirmed,0,3.21751883,0.0414,12.22,108.06,0.34,843.695
Kepler-427 b,1,Transit,2014,Published Confirmed,0,10.290994,0.091,13.79,92.17,0.29,1017.8
Kepler-428 b,1,Transit,2014,Published Confirmed,0,3.52563254,0.0433,12.11,403.63,1.27,686.284
Kepler-43 b,1,Transit,2011,Published Confirmed,0,3.0240949,0.046,13.663771,1026.5909,3.23,1005.84
Kepler-430 b,1,Transit,2015,Published Confirmed,0,35.968,0.2244,3.25,,,917.477
Kepler-430 c,1,Transit,2015,Published Confirmed,0,110.979,0.4757,1.75,,,917.477
Kepler-431 b,1,Transit,2015,Published Confirmed,0,6.803,0.0719,0.764,,,486.546
Kepler-431 c,1,Transit,2015,Published Confirmed,0,8.703,0.0847,0.668,,,486.546
Kepler-431 d,1,Transit,2015,Published Confirmed,0,11.922,0.1045,1.11,,,486.546
Kepler-432 b,1,Transit,2015,Published Confirmed,0,52.501129,0.301,12.834305,1719.4603,5.41,848.023
Kepler-432 c,1,Radial Velocity,2015,Published Confirmed,0,406.2,,,772.3269,2.43,848.023
Kepler-433 b,1,Transit,2015,Published Confirmed,0,5.33408384,0.0679,16.25,896.24,2.82,1878.31
Kepler-434 b,1,Transit,2015,Published Confirmed,0,12.8747099,0.1143,12.67,908.96,2.86,1222.54
Kepler-435 b,1,Transit,2015,Published Confirmed,0,8.6001536,0.0948,22.31,266.97,0.84,1418.77
Kepler-436 b,1,Transit,2015,Published Confirmed,0,64.00205,0.339,2.73,,,588.867
Kepler-436 c,1,Transit,2016,Published Confirmed,0,16.79713874,,2.33,,,588.867
Kepler-437 b,1,Transit,2015,Published Confirmed,0,66.65062,0.288,2.14,,,
Kepler-438 b,1,Transit,2015,Published Confirmed,0,35.23319,0.166,1.12,,,
Kepler-439 b,1,Transit,2015,Published Confirmed,0,178.1396,0.563,2.24,,,757.048
Kepler-44 b,1,Transit,2011,Published Confirmed,0,3.2467293,0.0446,12.22,317.82,1.0,1188.0
Kepler-440 b,1,Transit,2015,Published Confirmed,0,101.11141,0.242,1.86,,,301.03
Kepler-441 b,1,Transit,2015,Published Confirmed,0,207.2482,0.64,1.64,,,268.003
Kepler-442 b,1,Transit,2015,Published Confirmed,0,112.3053,0.409,1.34,,,365.965
Kepler-443 b,1,Transit,2015,Published Confirmed,0,177.6693,0.495,2.33,,,802.271
Kepler-444 b,1,Transit,2015,Published Confirmed,0,3.6001053,0.04178,0.403,,,36.4396
Kepler-444 c,1,Transit,2015,Published Confirmed,0,4.5458841,0.04881,0.497,,,36.4396
Kepler-444 d,1,Transit,2015,Published Confirmed,0,6.189392,0.06,0.53,,,36.4396
Kepler-444 e,1,Transit,2015,Published Confirmed,0,7.743493,0.0696,0.546,,,36.4396
Kepler-444 f,1,Transit,2015,Published Confirmed,0,9.740486,0.0811,0.741,,,36.4396
Kepler-445 b,1,Transit,2015,Published Confirmed,0,2.984151,,1.58,,,127.201
Kepler-445 c,1,Transit,2015,Published Confirmed,0,4.871229,,2.51,,,127.201
Kepler-445 d,1,Transit,2015,Published Confirmed,0,8.15275,,1.25,,,127.201
Kepler-446 b,1,Transit,2015,Published Confirmed,0,1.565409,,1.5,,,96.339
Kepler-446 c,1,Transit,2015,Published Confirmed,0,3.036179,,1.11,,,96.339
Kepler-446 d,1,Transit,2015,Published Confirmed,0,5.148921,,1.35,,,96.339
Kepler-447 b,1,Transit,2015,Published Confirmed,0,7.79430132,0.0769,18.49,435.41,1.37,268.041
Kepler-448 c,1,Transit Timing Variations,2017,Published Confirmed,0,2500.0,4.2,,6992.26,22.0,399.398
Kepler-449 b,1,Transit,2015,Published Confirmed,0,12.58242,,2.056,,,241.949
Kepler-449 c,1,Transit,2015,Published Confirmed,0,33.6727,,2.764,,,241.949
Kepler-45 b,1,Transit,2011,Published Confirmed,0,2.455239,0.03,10.76,160.497,0.505,381.949
Kepler-450 b,1,Transit,2015,Published Confirmed,0,28.454851,,6.14,,,455.982
Kepler-450 c,1,Transit,2015,Published Confirmed,0,15.413135,,2.62,,,455.982
Kepler-450 d,1,Transit,2015,Published Confirmed,0,7.51464,,0.837,,,455.982
Kepler-451 c,1,Eclipse Timing Variations,2022,Published Confirmed,0,1460.0,,,511.70373527,1.61,396.332
Kepler-451 d,1,Eclipse Timing Variations,2022,Published Confirmed,0,43.0,,,559.37799632,1.76,396.332
Kepler-452 b,1,Transit,2015,Published Confirmed,1,384.843,1.046,1.63,,,551.727
Kepler-453 b,1,Transit,2015,Published Confirmed,0,240.503,0.7903,6.204,16.0,0.05034138,442.846
Kepler-454 b,1,Transit,2015,Published Confirmed,0,10.5737534,0.09528,2.37,5.4,0.0169903,230.869
Kepler-454 c,1,Radial Velocity,2015,Published Confirmed,0,524.19,1.287,,1433.40611557,4.51,230.869
Kepler-454 d,1,Radial Velocity,2023,Published Confirmed,0,4073.0,5.1,,734.18362017,2.31,230.869
Kepler-457 d,1,Transit,2021,Published Confirmed,0,10.6906004,,2.98467257,,,1072.3
Kepler-458 c,1,Transit,2016,Published Confirmed,0,20.74028413,,4.2,,,1594.74
Kepler-46 b,1,Transit,2012,Published Confirmed,0,33.60134,0.1968,9.057,1907.0,6.0,777.06
Kepler-46 c,1,Transit Timing Variations,2012,Published Confirmed,0,57.011,0.2799,,119.499,0.376,777.06
Kepler-46 d,1,Transit,2014,Published Confirmed,0,6.766589,0.067,1.64,,,777.06
Kepler-460 c,1,Transit,2016,Published Confirmed,0,220.1303357,,5.52,,,1274.01
Kepler-461 b,1,Transit,2016,Published Confirmed,0,8.313783059,,2.58,,,692.158
Kepler-462 b,1,Transit,2016,Published Confirmed,0,84.6866,,3.0,53.9,0.16958752,596.625
Kepler-462 c,1,Transit,2018,Published Confirmed,0,207.62,,4.0,6.0,0.01887802,596.625
Kepler-463 b,1,Transit,2016,Published Confirmed,0,8.981016833,,3.05,,,394.804
Kepler-464 b,1,Transit,2016,Published Confirmed,0,7.256965224,,3.3,,,667.604
Kepler-465 b,1,Transit,2016,Published Confirmed,0,9.940672466,,2.95,,,553.077
Kepler-466 b,1,Transit,2016,Published Confirmed,0,51.07926307,,2.85,,,530.122
Kepler-466 c,1,Transit,2016,Published Confirmed,0,3.709213846,,1.25,,,530.122
Kepler-467 b,1,Transit,2016,Published Confirmed,0,24.99324193,,2.25,,,466.265
Kepler-468 b,1,Transit,2016,Published Confirmed,0,38.478757067,,13.34,,,442.871
Kepler-47 b,1,Transit,2012,Published Confirmed,0,49.4643,0.2877,3.05,2.07,0.00651292,1025.02
Kepler-47 c,1,Transit,2012,Published Confirmed,0,303.227,0.9638,4.65,3.17,0.00997389,1025.02
Kepler-47 d,1,Transit,2019,Published Confirmed,0,187.366,0.6992,7.04,19.02,0.05984331,1025.02
Kepler-471 b,1,Transit,2016,Published Confirmed,0,5.014234575,,14.96,,,1249.41
Kepler-472 b,1,Transit,2016,Published Confirmed,0,4.176255514,,3.22,,,306.602
Kepler-473 b,1,Transit,2016,Published Confirmed,0,14.55731705,,4.08,,,905.937
Kepler-474 b,1,Transit,2016,Published Confirmed,0,5.660672935,,3.06,,,841.496
Kepler-475 b,1,Transit,2016,Published Confirmed,0,3.105508189,,2.49,,,280.069
Kepler-476 b,1,Transit,2016,Published Confirmed,0,14.00640607,,3.08,,,813.535
Kepler-477 b,1,Transit,2016,Published Confirmed,0,11.11990653,,2.07,,,
Kepler-478 b,1,Transit,2016,Published Confirmed,0,13.2217576,,2.71,,,
Kepler-479 b,1,Transit,2016,Published Confirmed,0,12.49341307,,2.12,,,344.901
Kepler-48 b,1,Transit,2012,Published Confirmed,0,4.778,,1.88,3.94,0.01239656,306.738
Kepler-48 c,1,Transit,2012,Published Confirmed,0,9.67395,,2.71,14.61,0.04596797,306.738
Kepler-48 d,1,Transit,2014,Published Confirmed,0,42.8961,,2.04,7.93,0.025,306.738
Kepler-48 e,1,Radial Velocity,2014,Published Confirmed,0,982.0,,,657.0,2.067,306.738
Kepler-48 f,1,Radial Velocity,2023,Published Confirmed,0,5219.681854,5.719187877,,298.5809968,0.93944088,306.738
Kepler-480 b,1,Transit,2016,Published Confirmed,0,4.919583795,,2.78,,,847.508
Kepler-481 b,1,Transit,2016,Published Confirmed,0,10.06082567,,2.5,,,813.724
Kepler-482 b,1,Transit,2016,Published Confirmed,0,56.35418576,,2.36,,,313.068
Kepler-483 b,1,Transit,2016,Published Confirmed,0,30.229104,,3.21,,,860.355
Kepler-484 b,1,Transit,2016,Published Confirmed,0,10.045569313,,2.28,,,382.136
Kepler-485 b,1,Transit,2016,Published Confirmed,0,3.243259796,,14.41,,,1140.95
Kepler-487 b,1,Transit,2016,Published Confirmed,0,15.358768403,,11.42,,,872.343
Kepler-487 c,1,Transit,2016,Published Confirmed,0,38.6519976,,2.68,,,872.343
Kepler-487 d,1,Transit,2021,Published Confirmed,0,2.418390036,,2.77513568,,,872.343
Kepler-489 b,1,Transit,2016,Published Confirmed,0,17.276296119,,7.72,,,369.645
Kepler-49 b,1,Transit,2012,Published Confirmed,0,7.2,,2.579,9.77,0.03073986,311.222
Kepler-49 c,1,Transit,2012,Published Confirmed,0,10.91,,2.444,8.38,0.02636643,311.222
Kepler-49 d,1,Transit,2014,Published Confirmed,0,2.576549,0.031,1.6,,,311.222
Kepler-49 e,1,Transit,2014,Published Confirmed,0,18.596108,0.116,1.56,,,311.222
Kepler-490 b,1,Transit,2016,Published Confirmed,0,3.268695154,,11.65,,,1523.0
Kepler-491 b,1,Transit,2016,Published Confirmed,0,4.225384512,,8.92,,,630.785
Kepler-493 b,1,Transit,2016,Published Confirmed,0,3.003876581,,15.13,,,1745.77
Kepler-495 b,1,Transit,2016,Published Confirmed,0,3.413036221,,5.23,,,658.924
Kepler-495 c,1,Transit,2021,Published Confirmed,0,5.896609783,,1.21936414,,,658.924
Kepler-496 b,1,Transit,2016,Published Confirmed,0,8.30864937,,2.32,,,605.274
Kepler-497 b,1,Transit,2016,Published Confirmed,0,3.573203671,,6.04,,,1291.98
Kepler-498 b,1,Transit,2016,Published Confirmed,0,9.61375356,,3.03,,,938.844
Kepler-499 b,1,Transit,2016,Published Confirmed,0,5.632528453,,2.17,,,556.726
Kepler-5 b,1,Transit,2009,Published Confirmed,0,3.5484657,0.0538,15.984034,670.93913,2.111,899.777
Kepler-50 b,1,Transit,2012,Published Confirmed,1,7.81254,0.077,1.71,,,250.11
Kepler-50 c,1,Transit,2012,Published Confirmed,1,9.37647,0.087,2.17,,,250.11
Kepler-500 b,1,Transit,2016,Published Confirmed,0,8.508324398,,2.58,,,807.48
Kepler-501 b,1,Transit,2016,Published Confirmed,0,5.640677572,,4.3,,,1125.24
Kepler-501 c,1,Transit,2021,Published Confirmed,0,3.622760057,,1.68119739,,,1125.24
Kepler-502 b,1,Transit,2016,Published Confirmed,0,4.28686431,,4.77,,,1591.04
Kepler-504 b,1,Transit,2016,Published Confirmed,0,9.549275422,,1.59,,,99.0688
Kepler-505 b,1,Transit,2016,Published Confirmed,0,27.52197994,,2.6,,,283.41
Kepler-506 b,1,Transit,2016,Published Confirmed,0,6.8834055,,2.73,,,228.439
Kepler-507 b,1,Transit,2016,Published Confirmed,0,3.568096926,,1.3,,,391.644
Kepler-508 b,1,Transit,2016,Published Confirmed,0,25.30889748,,1.64,,,324.618
Kepler-509 b,1,Transit,2016,Published Confirmed,0,41.74600392,,2.49,,,332.443
Kepler-51 b,1,Transit,2012,Published Confirmed,0,45.154,0.2514,7.1,2.1,0.007,783.831
Kepler-51 c,1,Transit,2012,Published Confirmed,0,85.312,0.384,9.0,4.0,0.013,783.831
Kepler-51 d,1,Transit,2014,Published Confirmed,0,130.194,0.509,9.7,7.6,0.024,783.831
Kepler-51 e,1,Transit Timing Variations,2024,Published Confirmed,0,264.284,,,5.4,0.0169903,783.831
Kepler-510 b,1,Transit,2016,Published Confirmed,0,19.55659418,,2.47,,,386.177
Kepler-511 b,1,Transit,2016,Published Confirmed,0,296.637865,,6.35,,,651.999
Kepler-511 c,1,Transit,2021,Published Confirmed,0,26.62949944,,4.20964327,,,651.999
Kepler-512 b,1,Transit,2016,Published Confirmed,0,34.43587975,,2.69,,,467.375
Kepler-513 b,1,Transit,2016,Published Confirmed,0,28.86235584,,2.2,,,468.258
Kepler-514 b,1,Transit,2016,Published Confirmed,0,5.65179605,,1.72,,,455.336
Kepler-515 b,1,Transit,2016,Published Confirmed,0,19.96371318,,1.46,,,
Kepler-516 b,1,Transit,2016,Published Confirmed,0,24.85462415,,5.74,,,687.094
Kepler-517 b,1,Transit,2016,Published Confirmed,0,60.92832271,,2.67,,,289.907
Kepler-518 b,1,Transit,2016,Published Confirmed,0,8.512035877,,2.11,,,337.901
Kepler-519 b,1,Transit,2016,Published Confirmed,0,24.3078946,,2.1,,,246.61
Kepler-52 b,1,Transit,2012,Published Confirmed,0,7.8773565,,2.1,135.0,0.4247575,321.542
Kepler-52 c,1,Transit,2012,Published Confirmed,0,16.3850021,,1.84,45.4,0.14284437,321.542
Kepler-52 d,1,Transit,2014,Published Confirmed,0,36.445171,0.182,1.95,,,321.542
Kepler-520 b,1,Transit,2016,Published Confirmed,0,19.67416124,,1.66,,,623.901
Kepler-520 c,1,Transit,2016,Published Confirmed,0,5.21104261,,1.07,,,623.901
Kepler-521 b,1,Transit,2016,Published Confirmed,0,22.20813214,,3.18,,,830.638
Kepler-522 b,1,Transit,2016,Published Confirmed,0,38.58422849,,6.91,,,639.239
Kepler-523 b,1,Transit,2016,Published Confirmed,0,5.835983111,,1.96,,,253.295
Kepler-524 b,1,Transit,2016,Published Confirmed,0,7.97419807,,1.91,,,1058.24
Kepler-524 c,1,Transit,2016,Published Confirmed,0,1.88897906,,0.96,,,1058.24
Kepler-525 b,1,Transit,2016,Published Confirmed,0,18.68404933,,2.63,,,992.852
Kepler-526 b,1,Transit,2016,Published Confirmed,0,5.458498316,,1.99,,,666.146
Kepler-527 b,1,Transit,2016,Published Confirmed,0,13.28535633,,2.84,,,750.04
Kepler-528 b,1,Transit,2016,Published Confirmed,0,19.78297415,,2.08,,,784.23
Kepler-529 b,1,Transit,2016,Published Confirmed,0,1.980357663,,1.86,,,799.008
Kepler-529 c,1,Transit,2016,Published Confirmed,0,12.8345022,,2.0,,,799.008
Kepler-529 d,1,Transit,2021,Published Confirmed,0,35.86619949,,2.79502603,,,799.008
Kepler-53 b,1,Transit,2012,Published Confirmed,0,18.6489525,,2.89,111.0,0.34924506,1366.07
Kepler-53 c,1,Transit,2012,Published Confirmed,0,38.5583038,,3.17,36.0,0.11326867,1366.07
Kepler-53 d,1,Transit,2014,Published Confirmed,0,9.751962,0.091,2.12,,,1366.07
Kepler-530 b,1,Transit,2016,Published Confirmed,0,39.30941904,,3.01,,,457.709
Kepler-531 b,1,Transit,2016,Published Confirmed,0,29.88485741,,2.78,,,252.762
Kepler-532 b,1,Transit,2016,Published Confirmed,0,12.92491623,,2.57,,,312.798
Kepler-533 b,1,Transit,2016,Published Confirmed,0,28.51120525,,3.38,,,302.955
Kepler-534 b,1,Transit,2016,Published Confirmed,0,15.95994513,,2.24,,,570.659
Kepler-534 c,1,Transit,2021,Published Confirmed,0,7.378689766,,1.227,,,570.659
Kepler-535 b,1,Transit,2016,Published Confirmed,0,4.903321551,,2.36,,,685.599
Kepler-536 b,1,Transit,2016,Published Confirmed,0,1.827082299,,3.1,,,462.322
Kepler-537 b,1,Transit,2016,Published Confirmed,0,3.247555219,,1.41,,,439.4
Kepler-538 b,1,Transit,2016,Published Confirmed,0,81.73778,0.3554,2.215,12.9,0.04058794,155.956
Kepler-539 b,1,Transit,2016,Published Confirmed,0,125.63243,0.4988,8.373123,308.2951,0.97,307.318
Kepler-539 c,1,Transit Timing Variations,2016,Published Confirmed,0,1000.0,2.42,,762.792,2.4,307.318
Kepler-54 b,1,Transit,2012,Published Confirmed,0,8.0109434,,2.1,,,271.701
Kepler-54 c,1,Transit,2012,Published Confirmed,0,12.0717249,,1.23,,,271.701
Kepler-54 d,1,Transit,2014,Published Confirmed,0,20.995694,0.126,1.53,,,271.701
Kepler-540 b,1,Transit,2016,Published Confirmed,0,172.7049784,,2.71,,,390.374
Kepler-541 b,1,Transit,2016,Published Confirmed,0,5.08005848,,3.36,,,1060.68
Kepler-542 b,1,Transit,2016,Published Confirmed,0,13.14497566,,1.57,,,436.016
Kepler-543 b,1,Transit,2016,Published Confirmed,0,13.89961966,,2.5,,,221.802
Kepler-544 b,1,Transit,2016,Published Confirmed,0,21.41616926,,2.12,,,963.18
Kepler-545 b,1,Transit,2016,Published Confirmed,0,13.24934059,,2.69,,,818.001
Kepler-546 b,1,Transit,2016,Published Confirmed,0,4.147020258,,7.0,,,1019.65
Kepler-547 b,1,Transit,2016,Published Confirmed,0,6.010384289,,4.0,,,378.972
Kepler-548 b,1,Transit,2016,Published Confirmed,0,4.454194338,,11.99,,,751.776
Kepler-549 b,1,Transit,2016,Published Confirmed,0,42.9495649,,2.57,,,635.145
Kepler-549 c,1,Transit,2016,Published Confirmed,0,117.040498,,2.93,,,635.145
Kepler-549 d,1,Transit,2023,Kepler Project Candidate (q1_q17_dr25_koi),0,24.61480613,0.1575,4.2,,,635.145
Kepler-55 b,1,Transit,2012,Published Confirmed,0,27.9481449,,2.43,,,578.796
Kepler-55 c,1,Transit,2012,Published Confirmed,0,42.1516418,,2.21,,,578.796
Kepler-55 d,1,Transit,2014,Published Confirmed,0,2.211099,0.029,1.59,,,578.796
Kepler-55 e,1,Transit,2014,Published Confirmed,0,4.617534,0.048,1.55,,,578.796
Kepler-55 f,1,Transit,2014,Published Confirmed,0,10.198545,0.081,1.59,,,578.796
Kepler-550 b,1,Transit,2016,Published Confirmed,0,8.600104109,,4.42,,,531.944
Kepler-551 b,1,Transit,2016,Published Confirmed,0,12.3764661,,2.73,,,311.175
Kepler-552 b,1,Transit,2016,Published Confirmed,0,5.263415765,,3.95,,,843.689
Kepler-553 b,1,Transit,2016,Published Confirmed,0,4.030467,0.04766,4.74139884,116.00736855,0.365,728.525
Kepler-553 c,1,Transit,2016,Published Confirmed,0,328.24017,0.898,11.57887706,2129.4503269,6.7,728.525
Kepler-554 b,1,Transit,2016,Published Confirmed,0,1.902208556,,4.29,,,690.525
Kepler-555 b,1,Transit,2016,Published Confirmed,0,16.21775407,,2.83,,,973.121
Kepler-556 b,1,Transit,2016,Published Confirmed,0,11.72292176,,2.24,,,674.598
Kepler-557 b,1,Transit,2016,Published Confirmed,0,3.705989551,,2.67,,,2097.12
Kepler-558 b,1,Transit,2016,Published Confirmed,0,29.00790538,,2.37,,,661.876
Kepler-559 b,1,Transit,2016,Published Confirmed,0,17.58752333,,3.61,,,776.708
Kepler-56 b,1,Transit,2012,Published Confirmed,0,10.5016,0.1028,6.51,22.1,0.07,912.994
Kepler-56 c,1,Transit,2012,Published Confirmed,0,21.40239,0.1652,9.8,181.0,0.57,912.994
Kepler-56 d,1,Radial Velocity,2016,Published Confirmed,0,1002.0,2.16,,1784.0,5.61,912.994
Kepler-560 b,1,Transit,2016,Published Confirmed,0,18.47764449,,1.72,,,109.308
Kepler-561 b,1,Transit,2016,Published Confirmed,0,58.3620495,,6.96,,,621.378
Kepler-561 c,1,Transit,2016,Published Confirmed,0,5.350161983,,2.68,,,621.378
Kepler-562 b,1,Transit,2016,Published Confirmed,0,18.009314436,,5.21,,,992.769
Kepler-563 b,1,Transit,2016,Published Confirmed,0,22.18432708,,3.09,,,565.207
Kepler-564 b,1,Transit,2016,Published Confirmed,0,3.750832285,,4.63,,,863.037
Kepler-565 b,1,Transit,2016,Published Confirmed,0,4.243747226,,3.64,,,
Kepler-566 b,1,Transit,2016,Published Confirmed,0,18.42794624,,2.15,,,564.277
Kepler-567 b,1,Transit,2016,Published Confirmed,0,16.54297375,,2.25,,,558.81
Kepler-568 b,1,Transit,2016,Published Confirmed,0,11.02347475,,2.26,,,130.645
Kepler-569 b,1,Transit,2016,Published Confirmed,0,34.18890521,,3.16,,,638.301
Kepler-57 b,1,Transit,2012,Published Confirmed,0,5.72,,3.135,25.06,0.07884758,644.14
Kepler-57 c,1,Transit,2012,Published Confirmed,0,11.6,,2.196,6.86,0.02158397,644.14
Kepler-570 b,1,Transit,2016,Published Confirmed,0,4.301662003,,2.45,,,568.148
Kepler-571 b,1,Transit,2016,Published Confirmed,0,4.798599388,,2.64,,,723.875
Kepler-572 b,1,Transit,2016,Published Confirmed,0,17.20523483,,2.58,,,504.667
Kepler-573 b,1,Transit,2016,Published Confirmed,0,22.18329658,,2.79,,,771.471
Kepler-574 b,1,Transit,2016,Published Confirmed,0,7.65880414,,2.39,,,682.896
Kepler-575 b,1,Transit,2016,Published Confirmed,0,9.37891944,,2.39,,,853.977
Kepler-576 b,1,Transit,2016,Published Confirmed,0,29.91136794,,3.27,,,617.55
Kepler-577 b,1,Transit,2016,Published Confirmed,0,25.69578251,,2.55,,,524.247
Kepler-578 b,1,Transit,2016,Published Confirmed,0,1.616883696,,2.0,,,541.432
Kepler-579 b,1,Transit,2016,Published Confirmed,0,9.66857723,,2.0,,,530.765
Kepler-58 b,1,Transit,2012,Published Confirmed,0,10.2184954,,2.78,35.5,0.11169549,969.252
Kepler-58 c,1,Transit,2012,Published Confirmed,0,15.5741568,,2.86,53.0,0.16675665,969.252
Kepler-58 d,1,Transit,2014,Published Confirmed,0,40.101371,0.236,2.94,,,969.252
Kepler-58 e,1,Transit,2023,Kepler Project Candidate (q1_q17_dr25_koi),0,4.45814897,0.0533,1.61,,,969.252
Kepler-580 b,1,Transit,2016,Published Confirmed,0,8.222419656,,2.57,,,323.899
Kepler-581 b,1,Transit,2016,Published Confirmed,0,40.6069821,,2.63,,,703.758
Kepler-582 b,1,Transit,2016,Published Confirmed,0,18.49235668,,3.68,,,613.179
Kepler-583 b,1,Transit,2016,Published Confirmed,0,6.5100253,,2.28,,,867.271
Kepler-584 b,1,Transit,2016,Published Confirmed,0,35.1810304,,4.21,,,1848.84
Kepler-585 b,1,Transit,2016,Published Confirmed,0,2.752359753,,2.83,,,585.187
Kepler-586 b,1,Transit,2016,Published Confirmed,0,2.104722184,,2.79,,,693.766
Kepler-587 b,1,Transit,2016,Published Confirmed,0,10.94027841,,2.23,,,787.894
Kepler-588 b,1,Transit,2016,Published Confirmed,0,4.221625357,,2.63,,,1209.4
Kepler-589 b,1,Transit,2016,Published Confirmed,0,16.54964934,,2.27,,,612.803
Kepler-589 c,1,Transit,2021,Published Confirmed,0,3.52466011,,1.11727238,,,612.803
Kepler-59 b,1,Transit,2012,Published Confirmed,0,11.8681707,,1.1,,,1163.22
Kepler-59 c,1,Transit,2012,Published Confirmed,0,17.9801235,,1.98,,,1163.22
Kepler-590 b,1,Transit,2016,Published Confirmed,0,5.85296257,,4.02,,,1421.81
Kepler-591 b,1,Transit,2016,Published Confirmed,0,81.1694299,,3.39,,,785.137
Kepler-592 b,1,Transit,2016,Published Confirmed,0,2.820192408,,2.39,,,1153.13
Kepler-593 b,1,Transit,2016,Published Confirmed,0,21.21708973,,2.87,,,973.76
Kepler-594 b,1,Transit,2016,Published Confirmed,0,13.64618192,,2.18,,,769.2
Kepler-595 b,1,Transit,2016,Published Confirmed,0,25.3029092,,3.708,17.4,0.05474625,643.009
Kepler-595 c,1,Transit,2020,Published Confirmed,0,12.38602,,1.009,3.3,0.01038291,643.009
Kepler-596 b,1,Transit,2016,Published Confirmed,0,21.30022655,,3.46,,,1023.85
Kepler-597 b,1,Transit,2016,Published Confirmed,0,13.02365861,,2.37,,,663.418
Kepler-598 b,1,Transit,2016,Published Confirmed,0,3.70175428,,1.5,,,681.086
Kepler-598 c,1,Transit,2020,Published Confirmed,0,86.4945,,3.02420941,,,681.086
Kepler-599 b,1,Transit,2016,Published Confirmed,0,15.65562652,,2.84,,,558.517
Kepler-6 b,1,Transit,2009,Published Confirmed,0,3.2346996,0.04852,14.616536,212.31044,0.668,587.039
Kepler-60 b,1,Transit,2012,Published Confirmed,0,7.1334,,1.71,4.19,0.01318315,1025.1
Kepler-60 c,1,Transit,2012,Published Confirmed,0,8.9187,,1.9,3.85,0.01211339,1025.1
Kepler-60 d,1,Transit,2012,Published Confirmed,0,11.8981,,1.99,4.16,0.01308876,1025.1
Kepler-600 b,1,Transit,2016,Published Confirmed,0,23.67517607,,2.9,,,619.723
Kepler-601 b,1,Transit,2016,Published Confirmed,0,5.378868441,,1.9,,,414.825
Kepler-602 b,1,Transit,2016,Published Confirmed,0,15.28469497,,2.09,,,1159.31
Kepler-603 b,1,Transit,2016,Published Confirmed,0,21.05358596,,2.65,,,1539.63
Kepler-603 c,1,Transit,2016,Published Confirmed,0,127.9075774,,6.5,,,1539.63
Kepler-603 d,1,Transit,2016,Published Confirmed,0,6.2171292,,1.32,,,1539.63
Kepler-604 b,1,Transit,2016,Published Confirmed,0,25.85501786,,2.59,,,1026.49
Kepler-605 b,1,Transit,2016,Published Confirmed,0,3.383538066,,1.44,,,556.58
Kepler-605 c,1,Transit,2016,Published Confirmed,0,2.358951515,,0.86,,,556.58
Kepler-606 b,1,Transit,2016,Published Confirmed,0,24.31575992,,3.31,,,1215.11
Kepler-607 b,1,Transit,2016,Published Confirmed,0,0.638163204,,0.87,,,519.122
Kepler-607 c,1,Transit,2021,Published Confirmed,0,39.67679977,,2.76001201,,,519.122
Kepler-608 b,1,Transit,2016,Published Confirmed,0,6.412515037,,3.64,,,946.683
Kepler-609 b,1,Transit,2016,Published Confirmed,0,6.521210666,,3.35,,,1065.82
Kepler-61 b,1,Transit,2013,Published Confirmed,0,59.87756,,2.15,,,335.079
Kepler-610 b,1,Transit,2016,Published Confirmed,0,6.996926554,,4.19,,,845.824
Kepler-610 c,1,Transit,2016,Published Confirmed,0,151.86392,,3.3,,,845.824
Kepler-611 b,1,Transit,2016,Published Confirmed,0,2.437033302,,1.65,,,1395.56
Kepler-612 b,1,Transit,2016,Published Confirmed,0,3.722156413,,2.84,,,1445.53
Kepler-613 b,1,Transit,2016,Published Confirmed,0,15.77979614,,2.29,,,861.494
Kepler-614 b,1,Transit,2016,Published Confirmed,0,14.03491514,,2.39,,,527.995
Kepler-615 b,1,Transit,2016,Published Confirmed,0,10.35584657,,1.74,,,
Kepler-616 b,1,Transit,2016,Published Confirmed,0,9.99761851,,2.43,,,945.775
Kepler-616 c,1,Transit,2016,Published Confirmed,0,90.4113556,,3.41,,,945.775
Kepler-616 d,1,Transit,2021,Published Confirmed,0,51.06740189,,2.653,,,945.775
Kepler-617 b,1,Transit,2016,Published Confirmed,0,1.682696148,,1.32,,,173.354
Kepler-618 b,1,Transit,2016,Published Confirmed,0,3.595769645,,2.6,,,1221.96
Kepler-619 b,1,Transit,2016,Published Confirmed,0,5.404272197,,3.16,,,900.678
Kepler-619 c,1,Transit,2016,Published Confirmed,0,1.208465026,,1.69,,,900.678
Kepler-619 d,1,Transit,2023,Kepler Project Candidate (q1_q17_dr25_koi),0,11.67894236,0.1021,4.17,,,900.678
Kepler-62 b,1,Transit,2013,Published Confirmed,0,5.714932,0.0553,1.31,9.0,0.03,300.874
Kepler-62 c,1,Transit,2013,Published Confirmed,0,12.4417,0.0929,0.54,4.0,0.013,300.874
Kepler-62 d,1,Transit,2013,Published Confirmed,0,18.16406,0.12,1.95,14.0,0.044,300.874
Kepler-62 e,1,Transit,2013,Published Confirmed,0,122.3874,0.427,1.61,36.0,0.113,300.874
Kepler-62 f,1,Transit,2013,Published Confirmed,0,267.291,0.718,1.41,35.0,0.11,300.874
Kepler-620 b,1,Transit,2016,Published Confirmed,0,12.91375431,,3.32,,,1355.28
Kepler-621 b,1,Transit,2016,Published Confirmed,0,2.628113746,,2.3,,,
Kepler-622 b,1,Transit,2016,Published Confirmed,0,14.28226676,,2.13,,,284.761
Kepler-623 b,1,Transit,2016,Published Confirmed,0,9.07097734,,3.01,,,737.702
Kepler-624 b,1,Transit,2016,Published Confirmed,0,14.58649607,,2.31,,,748.188
Kepler-625 b,1,Transit,2016,Published Confirmed,0,7.75192492,,1.99,,,760.708
Kepler-625 c,1,Transit,2016,Published Confirmed,0,4.1653651,,1.05,,,760.708
Kepler-626 b,1,Transit,2016,Published Confirmed,0,14.48585199,,2.29,,,635.643
Kepler-627 b,1,Transit,2016,Published Confirmed,0,40.6994443,,3.73,,,984.307
Kepler-629 b,1,Transit,2016,Published Confirmed,0,7.2385854,,1.38,,,372.05
Kepler-63 b,1,Transit,2013,Published Confirmed,0,9.4341505,0.08,6.11,120.0,0.378,194.033
Kepler-630 b,1,Transit,2016,Published Confirmed,0,161.4743937,,3.18,,,839.784
Kepler-631 b,1,Transit,2016,Published Confirmed,0,17.97979059,,2.9,,,761.966
Kepler-632 b,1,Transit,2016,Published Confirmed,0,30.99660733,,2.21,,,
Kepler-633 b,1,Transit,2016,Published Confirmed,0,8.50340718,,1.63,,,680.54
Kepler-633 c,1,Transit,2021,Published Confirmed,0,23.78319931,,2.296,,,680.54
Kepler-634 b,1,Transit,2016,Published Confirmed,0,5.16950177,,1.89,,,888.027
Kepler-635 b,1,Transit,2016,Published Confirmed,0,23.44971004,,2.64,,,1141.08
Kepler-636 b,1,Transit,2016,Published Confirmed,0,16.080661147,,4.45,,,310.301
Kepler-637 b,1,Transit,2016,Published Confirmed,0,23.20584623,,4.75,,,786.091
Kepler-638 b,1,Transit,2016,Published Confirmed,0,6.07972888,,1.83,,,991.214
Kepler-639 b,1,Transit,2016,Published Confirmed,0,10.21420496,,2.38,,,850.242
Kepler-640 b,1,Transit,2016,Published Confirmed,0,22.24813967,,2.56,,,557.787
Kepler-641 b,1,Transit,2016,Published Confirmed,0,9.48961571,,1.85,,,969.918
Kepler-642 b,1,Transit,2016,Published Confirmed,0,4.41745855,,2.9,,,781.582
Kepler-643 b,1,Transit,2016,Published Confirmed,0,16.33889626,,10.16,,,1063.58
Kepler-644 b,1,Transit,2016,Published Confirmed,0,3.173917103,,3.15,,,1318.05
Kepler-645 b,1,Transit,2016,Published Confirmed,0,3.275822621,,2.1,,,1173.57
Kepler-646 b,1,Transit,2016,Published Confirmed,0,15.87364565,,1.99,,,451.794
Kepler-647 b,1,Transit,2016,Published Confirmed,0,16.2254649,,1.17,,,1087.87
Kepler-647 c,1,Transit,2020,Published Confirmed,0,29.6663,,4.00135002,,,1087.87
Kepler-648 b,1,Transit,2016,Published Confirmed,0,17.4211749,,3.22,,,636.03
Kepler-649 b,1,Transit,2016,Published Confirmed,0,29.90722674,,2.26,,,513.748
Kepler-65 b,1,Transit,2012,Published Confirmed,0,2.15491,0.035,1.42,,,303.728
Kepler-65 c,1,Transit,2012,Published Confirmed,0,5.859944,0.068,2.58,,,303.728
Kepler-65 d,1,Transit,2012,Published Confirmed,0,8.13123,0.084,1.52,,,303.728
Kepler-65 e,1,Radial Velocity,2019,Published Confirmed,0,258.8,,,260.0,0.82,303.728
Kepler-650 b,1,Transit,2016,Published Confirmed,0,3.032145588,,2.96,,,884.378
Kepler-651 b,1,Transit,2016,Published Confirmed,0,21.38521506,,2.37,,,509.408
Kepler-652 b,1,Transit,2016,Published Confirmed,0,4.182002531,,2.49,,,394.55
Kepler-653 b,1,Transit,2016,Published Confirmed,0,14.70748976,,1.95,,,595.634
Kepler-653 c,1,Transit,2016,Published Confirmed,0,0.900376476,,0.78,,,595.634
Kepler-654 b,1,Transit,2016,Published Confirmed,0,13.72465129,,2.07,,,974.124
Kepler-655 b,1,Transit,2016,Published Confirmed,0,46.4063358,,2.71,,,752.562
Kepler-656 b,1,Transit,2016,Published Confirmed,0,1.260259094,,3.12,,,890.352
Kepler-656 c,1,Transit,2023,Kepler Project Candidate (q1_q17_dr25_koi),0,5.25449393,0.0602,1.41,,,890.352
Kepler-657 b,1,Transit,2016,Published Confirmed,0,24.54350418,,3.52,,,1691.88
Kepler-658 b,1,Transit,2016,Published Confirmed,0,1.287076762,,1.63,,,388.384
Kepler-659 b,1,Transit,2016,Published Confirmed,0,17.671796,,2.5,,,722.64
Kepler-66 b,1,Transit,2013,Published Confirmed,0,17.815815,0.1352,2.8,,,1202.96
Kepler-660 b,1,Transit,2016,Published Confirmed,0,9.27358194,,2.57,,,568.431
Kepler-661 b,1,Transit,2016,Published Confirmed,0,6.029301321,,3.07,,,534.788
Kepler-662 b,1,Transit,2016,Published Confirmed,0,21.67697486,,2.18,,,815.637
Kepler-663 b,1,Transit,2016,Published Confirmed,0,4.99678284,,2.6,,,1063.09
Kepler-664 b,1,Transit,2016,Published Confirmed,0,2.525593315,,2.66,,,1210.12
Kepler-665 b,1,Transit,2016,Published Confirmed,0,16.01310205,,2.6,,,612.838
Kepler-666 b,1,Transit,2016,Published Confirmed,0,4.49876092,,2.4,,,1508.71
Kepler-667 b,1,Transit,2016,Published Confirmed,0,41.43962808,,4.73,,,2302.45
Kepler-668 b,1,Transit,2016,Published Confirmed,0,8.35390639,,2.7,,,784.618
Kepler-669 b,1,Transit,2016,Published Confirmed,0,4.125546869,,4.83,,,2063.41
Kepler-67 b,1,Transit,2013,Published Confirmed,0,15.7259,0.1171,2.94,,,1131.19
Kepler-670 b,1,Transit,2016,Published Confirmed,0,2.816504852,,13.18,,,939.744
Kepler-671 b,1,Transit,2016,Published Confirmed,0,4.280958588,,2.69,,,1168.26
Kepler-672 b,1,Transit,2016,Published Confirmed,0,38.3774623,,2.5,,,1033.93
Kepler-673 b,1,Transit,2016,Published Confirmed,0,3.728731093,,6.54,,,918.21
Kepler-674 b,1,Transit,2016,Published Confirmed,0,2.243381847,,1.69,,,342.254
Kepler-675 b,1,Transit,2016,Published Confirmed,0,2.33743801,,2.44,,,665.68
Kepler-676 b,1,Transit,2016,Published Confirmed,0,11.59822172,,3.04,,,295.196
Kepler-677 b,1,Transit,2016,Published Confirmed,0,6.57531678,,5.38,,,1954.08
Kepler-678 b,1,Transit,2016,Published Confirmed,0,7.27503724,,5.14,,,1826.15
Kepler-679 b,1,Transit,2016,Published Confirmed,0,12.39358604,,3.01,,,922.244
Kepler-68 b,1,Transit,2013,Published Confirmed,0,5.39875259,0.06135,2.357,8.03,0.02526521,144.166
Kepler-68 c,1,Transit,2013,Published Confirmed,0,9.605027,0.09008,0.979,1.3,0.00409026,144.166
Kepler-68 d,1,Radial Velocity,2013,Published Confirmed,0,632.62,1.469,,238.05347684,0.749,144.166
Kepler-68 e,1,Radial Velocity,2023,Published Confirmed,0,3455.0,4.6,,86.4493267,0.272,144.166
Kepler-680 b,1,Transit,2016,Published Confirmed,0,3.689926291,,2.42,,,1492.48
Kepler-681 b,1,Transit,2016,Published Confirmed,0,26.39435646,,3.08,,,686.923
Kepler-682 b,1,Transit,2016,Published Confirmed,0,12.611906672,,7.37,,,1979.25
Kepler-683 b,1,Transit,2016,Published Confirmed,0,2.539183179,,1.97,,,1023.07
Kepler-684 b,1,Transit,2016,Published Confirmed,0,6.770302008,,3.36,,,1731.27
Kepler-685 b,1,Transit,2016,Published Confirmed,0,1.6255222,,10.58,,,938.715
Kepler-686 b,1,Transit,2016,Published Confirmed,0,1.594745463,,12.15,,,1490.94
Kepler-687 b,1,Transit,2016,Published Confirmed,0,20.50586978,,3.52,,,633.66
Kepler-688 b,1,Transit,2016,Published Confirmed,0,3.895936844,,9.76,,,1357.75
Kepler-689 b,1,Transit,2016,Published Confirmed,0,22.36656079,,2.89,,,1131.73
Kepler-69 b,1,Transit,2013,Published Confirmed,0,13.722341,0.094,2.24,,,730.625
Kepler-69 c,1,Transit,2013,Published Confirmed,0,242.4613,0.64,1.71,,,730.625
Kepler-690 b,1,Transit,2016,Published Confirmed,0,7.748094374,,5.95,,,1665.31
Kepler-691 b,1,Transit,2016,Published Confirmed,0,8.114379,,2.09,,,279.115
Kepler-692 b,1,Transit,2016,Published Confirmed,0,21.81293494,,3.11,,,991.336
Kepler-693 b,1,Transit,2016,Published Confirmed,0,15.37563332,,10.18,,,1151.51
Kepler-694 b,1,Transit,2016,Published Confirmed,0,6.365841612,,2.8,,,1023.06
Kepler-695 b,1,Transit,2016,Published Confirmed,0,3.040330424,,9.21,,,842.947
Kepler-696 b,1,Transit,2016,Published Confirmed,0,4.190425575,,6.14,,,1416.44
Kepler-697 b,1,Transit,2016,Published Confirmed,0,3.709870645,,4.13,,,1277.33
Kepler-698 b,1,Transit,2016,Published Confirmed,0,16.32976218,,3.68,,,1995.57
Kepler-7 b,1,Transit,2009,Published Confirmed,0,4.8854892,0.06067,18.180998,140.16303,0.441,922.562
Kepler-700 b,1,Transit,2016,Published Confirmed,0,80.8720639,,5.99,,,1491.76
Kepler-701 b,1,Transit,2016,Published Confirmed,0,10.35533177,,2.84,,,774.152
Kepler-702 b,1,Transit,2016,Published Confirmed,0,10.526294063,,9.17,,,992.071
Kepler-703 b,1,Transit,2016,Published Confirmed,0,4.583521756,,8.2,,,1156.83
Kepler-704 b,1,Transit,2016,Published Confirmed,0,3.76182115,,2.61,,,1228.83
Kepler-705 b,1,Transit,2016,Published Confirmed,0,56.0560538,,2.11,,,276.881
Kepler-707 b,1,Transit,2016,Published Confirmed,0,2.237492751,,1.33,,,591.776
Kepler-708 b,1,Transit,2016,Published Confirmed,0,3.167891938,,2.93,,,1394.22
Kepler-709 b,1,Transit,2016,Published Confirmed,0,16.08524954,,2.92,,,664.843
Kepler-710 b,1,Transit,2016,Published Confirmed,0,4.347285527,,1.88,,,1448.34
Kepler-711 b,1,Transit,2016,Published Confirmed,0,23.58914398,,3.41,,,624.575
Kepler-712 b,1,Transit,2016,Published Confirmed,0,21.02247699,,3.41,,,872.493
Kepler-712 c,1,Transit,2016,Published Confirmed,0,226.89047,,4.85,,,872.493
Kepler-713 b,1,Transit,2016,Published Confirmed,0,7.411141,,2.48,,,1089.87
Kepler-714 b,1,Transit,2016,Published Confirmed,0,8.098887986,,9.67,,,2083.37
Kepler-715 b,1,Transit,2016,Published Confirmed,0,10.00652995,,3.75,,,1327.44
Kepler-716 b,1,Transit,2016,Published Confirmed,0,10.37168453,,2.9,,,635.009
Kepler-716 c,1,Transit,2020,Published Confirmed,0,3.96999,,1.39281536,,,635.009
Kepler-717 b,1,Transit,2016,Published Confirmed,0,4.40840023,,2.42,,,2805.48
Kepler-718 b,1,Transit,2016,Published Confirmed,0,2.052349905,,16.56,,,1302.33
Kepler-719 b,1,Transit,2016,Published Confirmed,0,5.007317779,,8.52,,,2497.51
Kepler-720 b,1,Transit,2016,Published Confirmed,0,4.708326542,,8.41,,,1065.37
Kepler-721 b,1,Transit,2016,Published Confirmed,0,5.392025388,,2.64,,,926.598
Kepler-722 b,1,Transit,2016,Published Confirmed,0,4.093573252,,2.63,,,1239.5
Kepler-722 c,1,Transit,2016,Published Confirmed,0,105.144749,,2.82,,,1239.5
Kepler-723 b,1,Transit,2016,Published Confirmed,0,4.082275068,,12.19,,,1071.8
Kepler-724 b,1,Transit,2016,Published Confirmed,0,3.314946338,,3.29,,,853.119
Kepler-725 b,1,Transit,2016,Published Confirmed,0,39.64372,0.2238,10.8,,,758.469
Kepler-725 c,1,Transit Timing Variations,2025,Published Confirmed,0,207.541,0.6744,,9.7,0.03051961,758.469
Kepler-726 b,1,Transit,2016,Published Confirmed,0,21.80451088,,3.26,,,762.081
Kepler-727 b,1,Transit,2016,Published Confirmed,0,5.154484417,,2.53,,,831.842
Kepler-728 b,1,Transit,2016,Published Confirmed,0,5.743477265,,3.34,,,1765.23
Kepler-729 b,1,Transit,2016,Published Confirmed,0,3.166353714,,3.58,,,1921.15
Kepler-730 b,1,Transit,2016,Published Confirmed,0,6.491682808,0.0694,12.3299,,,1935.04
Kepler-730 c,1,Transit,2018,Published Confirmed,0,2.85188338,0.03997,1.56926,,,1935.04
Kepler-731 b,1,Transit,2016,Published Confirmed,0,3.855603551,,13.88,,,1257.16
Kepler-732 b,1,Transit,2016,Published Confirmed,0,9.467814048,,2.18,,,174.826
Kepler-732 c,1,Transit,2016,Published Confirmed,0,0.893041236,,1.27,,,174.826
Kepler-733 b,1,Transit,2016,Published Confirmed,0,20.83424726,,2.82,,,916.706
Kepler-734 b,1,Transit,2016,Published Confirmed,0,6.104852856,,3.56,,,1157.21
Kepler-735 b,1,Transit,2016,Published Confirmed,0,11.51516988,,2.95,,,695.059
Kepler-736 b,1,Transit,2016,Published Confirmed,0,3.60147201,,2.93,,,1005.43
Kepler-737 b,1,Transit,2016,Published Confirmed,0,28.59915399,,1.96,,,205.118
Kepler-738 b,1,Transit,2016,Published Confirmed,0,24.58721573,,2.5,,,1113.65
Kepler-739 b,1,Transit,2016,Published Confirmed,0,12.53248465,,3.32,,,1370.65
Kepler-74 b,1,Transit,2013,Published Confirmed,0,7.340711,0.0781,10.76,200.22,0.63,1177.55
Kepler-740 b,1,Transit,2016,Published Confirmed,0,3.584101216,,4.57,,,1442.02
Kepler-741 b,1,Transit,2016,Published Confirmed,0,7.03902374,,2.97,,,1661.87
Kepler-742 b,1,Transit,2016,Published Confirmed,0,8.360868238,,3.24,,,489.253
Kepler-743 b,1,Transit,2016,Published Confirmed,0,3.179262921,,1.21,,,278.987
Kepler-744 b,1,Transit,2016,Published Confirmed,0,12.06222443,,1.62,,,449.964
Kepler-745 b,1,Transit,2016,Published Confirmed,0,9.93143556,,2.16,,,1780.38
Kepler-746 b,1,Transit,2016,Published Confirmed,0,3.48159251,,1.11,,,
Kepler-747 b,1,Transit,2016,Published Confirmed,1,35.61760587,,5.27,,,3347.16
Kepler-748 b,1,Transit,2016,Published Confirmed,0,7.40742793,,2.52,,,1705.99
Kepler-749 b,1,Transit,2016,Published Confirmed,0,17.31716585,,3.1,,,721.027
Kepler-75 b,1,Transit,2013,Published Confirmed,0,8.8849116,0.0818,11.77,3209.9,10.1,835.356
Kepler-750 b,1,Transit,2016,Published Confirmed,0,9.42887179,,3.07,,,1296.02
Kepler-750 c,1,Transit,2016,Published Confirmed,0,4.08899022,,1.62,,,1296.02
Kepler-751 b,1,Transit,2016,Published Confirmed,0,17.44490636,,2.46,,,760.43
Kepler-752 b,1,Transit,2016,Published Confirmed,0,18.82747265,,2.81,,,1232.29
Kepler-753 b,1,Transit,2016,Published Confirmed,0,5.747725012,,1.91,,,274.767
Kepler-754 b,1,Transit,2016,Published Confirmed,0,14.5596237,,2.01,,,1770.27
Kepler-755 b,1,Transit,2016,Published Confirmed,0,1.269090374,,1.76,,,399.034
Kepler-755 c,1,Transit,2016,Published Confirmed,0,2.853133644,,1.26,,,399.034
Kepler-756 b,1,Transit,2016,Published Confirmed,0,1.224866322,,1.12,,,
Kepler-757 b,1,Transit,2016,Published Confirmed,0,1.022678821,,1.36,,,1068.68
Kepler-758 b,1,Transit,2016,Published Confirmed,0,12.1097104,,2.48,,,1502.32
Kepler-758 c,1,Transit,2016,Published Confirmed,0,4.75793986,,1.69,,,1502.32
Kepler-758 d,1,Transit,2016,Published Confirmed,0,20.4966197,,2.12,,,1502.32
Kepler-758 e,1,Transit,2016,Published Confirmed,0,8.1934719,,1.53,,,1502.32
Kepler-759 b,1,Transit,2016,Published Confirmed,0,41.805985,,2.27,,,1073.48
Kepler-76 b,1,Orbital Brightness Modulation,2013,Published Confirmed,0,1.5449298,0.0274,15.24424,638.8383,2.01,822.96
Kepler-760 b,1,Transit,2016,Published Confirmed,0,8.70419416,,3.06,,,792.336
Kepler-760 c,1,Transit,2016,Published Confirmed,0,2.46697439,,1.48,,,792.336
Kepler-761 b,1,Transit,2016,Published Confirmed,0,10.12804789,,2.03,,,830.707
Kepler-762 b,1,Transit,2016,Published Confirmed,0,3.770552098,,12.68,,,1898.26
Kepler-763 b,1,Transit,2016,Published Confirmed,0,1.19655156,,1.22,,,962.459
Kepler-763 c,1,Transit,2023,Kepler Project Candidate (q1_q17_dr25_koi),0,4.09667624,0.0466,1.42,,,962.459
Kepler-763 d,1,Transit,2023,Kepler Project Candidate (q1_q17_dr25_koi),0,6.50327035,0.0634,1.67,,,962.459
Kepler-764 b,1,Transit,2016,Published Confirmed,0,7.33683936,,1.64,,,1047.84
Kepler-765 b,1,Transit,2016,Published Confirmed,0,27.6655226,,2.43,,,1076.28
Kepler-766 b,1,Transit,2016,Published Confirmed,0,6.10027804,,3.39,,,2297.62
Kepler-767 b,1,Transit,2016,Published Confirmed,0,161.5280101,,6.64,,,2251.03
Kepler-768 b,1,Transit,2016,Published Confirmed,0,11.3910025,,1.79,,,784.56
Kepler-769 b,1,Transit,2016,Published Confirmed,0,7.42608998,,2.92,,,1169.57
Kepler-769 c,1,Transit,2016,Published Confirmed,0,15.9870174,,1.79,,,1169.57
Kepler-77 b,1,Transit,2013,Published Confirmed,0,3.57878087,0.04501,10.761,136.661,0.43,639.411
Kepler-770 b,1,Transit,2016,Published Confirmed,0,18.92540274,,2.3,,,930.457
Kepler-770 c,1,Transit,2016,Published Confirmed,0,1.475322314,,1.2,,,930.457
Kepler-770 d,1,Transit,2016,Published Confirmed,0,4.15244722,,1.4,,,930.457
Kepler-771 b,1,Transit,2016,Published Confirmed,0,8.73485836,,1.82,,,1393.85
Kepler-772 b,1,Transit,2016,Published Confirmed,0,12.99207337,,1.82,,,1130.21
Kepler-773 b,1,Transit,2016,Published Confirmed,0,3.749100061,,1.43,,,547.026
Kepler-774 b,1,Transit,2016,Published Confirmed,0,11.0895723,,3.17,,,917.804
Kepler-775 b,1,Transit,2016,Published Confirmed,0,0.974868926,,1.19,,,398.676
Kepler-776 b,1,Transit,2016,Published Confirmed,0,4.89718784,,1.28,,,727.904
Kepler-777 b,1,Transit,2016,Published Confirmed,0,5.72812599,,1.47,,,443.106
Kepler-778 b,1,Transit,2016,Published Confirmed,0,3.75574426,,1.68,,,938.168
Kepler-779 b,1,Transit,2016,Published Confirmed,0,7.09714223,,0.92,,,283.155
Kepler-78 b,1,Transit,2013,Published Confirmed,0,0.35500745,0.00901,1.201,1.68,0.00528587,124.376
Kepler-780 b,1,Transit,2016,Published Confirmed,0,0.677375164,,0.89,,,557.652
Kepler-781 b,1,Transit,2016,Published Confirmed,0,13.2140732,,2.89,,,1064.47
Kepler-782 b,1,Transit,2016,Published Confirmed,0,158.6853308,,3.21,,,446.844
Kepler-783 b,1,Transit,2016,Published Confirmed,0,4.29264638,,0.78,,,516.09
Kepler-783 c,1,Transit,2020,Published Confirmed,0,7.05395,,2.33153725,,,516.09
Kepler-784 b,1,Transit,2016,Published Confirmed,0,31.5922646,,1.58,,,1303.72
Kepler-784 c,1,Transit,2023,Kepler Project Candidate (q1_q17_dr25_koi),0,17.157236,0.1309,1.55,,,1303.72
Kepler-785 b,1,Transit,2016,Published Confirmed,0,1.973760926,,13.02,,,642.051
Kepler-786 b,1,Transit,2016,Published Confirmed,0,53.5293487,,2.43,,,485.318
Kepler-787 b,1,Transit,2016,Published Confirmed,0,0.928310498,,1.28,,,503.568
Kepler-788 b,1,Transit,2016,Published Confirmed,0,8.39846269,,2.55,,,1775.8
Kepler-789 b,1,Transit,2016,Published Confirmed,0,8.63847725,,2.12,,,1480.16
Kepler-79 b,1,Transit,2012,Published Confirmed,0,13.48451,,3.51,7.6,0.02391227,1020.72
Kepler-79 c,1,Transit,2012,Published Confirmed,0,27.4026,,3.76,4.6,0.01447322,1020.72
Kepler-79 d,1,Transit,2014,Published Confirmed,0,52.0897,,7.15,5.3,0.01667566,1020.72
Kepler-79 e,1,Transit,2014,Published Confirmed,0,81.0665,,3.53,3.8,0.01195614,1020.72
Kepler-790 b,1,Transit,2016,Published Confirmed,0,13.73469807,,2.18,,,703.168
Kepler-791 b,1,Transit,2016,Published Confirmed,0,14.5539759,,3.05,,,1266.34
Kepler-792 b,1,Transit,2016,Published Confirmed,0,11.30119217,,1.96,,,1425.47
Kepler-793 b,1,Transit,2016,Published Confirmed,0,4.24153639,,1.37,,,985.699
Kepler-794 b,1,Transit,2016,Published Confirmed,0,11.13125132,,2.11,,,931.192
Kepler-795 b,1,Transit,2016,Published Confirmed,0,29.6193421,,1.68,,,492.122
Kepler-796 b,1,Transit,2016,Published Confirmed,0,6.40087618,,1.3,,,817.584
Kepler-797 b,1,Transit,2016,Published Confirmed,0,27.07237711,,2.17,,,1315.26
Kepler-798 b,1,Transit,2016,Published Confirmed,0,13.71933369,,2.39,,,972.274
Kepler-799 b,1,Transit,2016,Published Confirmed,0,133.4605235,,6.88,,,
Kepler-799 c,1,Transit,2021,Published Confirmed,0,15.19419956,,2.78068551,,,
Kepler-8 b,1,Transit,2010,Published Confirmed,0,3.5224991,0.0474,15.871944,187.5197,0.59,1021.87
Kepler-80 b,1,Transit,2012,Published Confirmed,0,7.05246,0.0648,2.67,6.93,0.02180411,369.451
Kepler-80 c,1,Transit,2012,Published Confirmed,0,9.52355,0.0792,2.74,6.74,0.02120631,369.451
Kepler-80 d,1,Transit,2014,Published Confirmed,0,3.07222,0.0372,1.53,6.75,0.02123777,369.451
Kepler-80 e,1,Transit,2014,Published Confirmed,0,4.64489,0.0491,1.6,4.13,0.01299437,369.451
Kepler-80 f,1,Transit,2016,Published Confirmed,0,0.9867873,0.0175,1.21,,,369.451
Kepler-80 g,1,Transit,2017,Published Confirmed,0,14.64558,,1.13,,,369.451
Kepler-800 b,1,Transit,2016,Published Confirmed,0,14.13176026,,2.85,,,1019.26
Kepler-801 b,1,Transit,2016,Published Confirmed,0,11.41928253,,2.0,,,440.426
Kepler-802 b,1,Transit,2016,Published Confirmed,0,40.0587473,,3.54,,,780.585
Kepler-803 b,1,Transit,2016,Published Confirmed,0,50.28638192,,3.79,,,639.771
Kepler-804 b,1,Transit,2016,Published Confirmed,0,14.37457351,,1.94,,,649.65
Kepler-804 c,1,Transit,2016,Published Confirmed,0,9.65185017,,1.14,,,649.65
Kepler-805 b,1,Transit,2016,Published Confirmed,0,30.8638931,,2.89,,,638.49
Kepler-806 b,1,Transit,2016,Published Confirmed,0,8.09219642,,1.14,,,361.896
Kepler-808 b,1,Transit,2016,Published Confirmed,0,0.631332353,,1.46,,,
Kepler-809 b,1,Transit,2016,Published Confirmed,0,55.63934,,3.01,,,961.405
Kepler-81 b,1,Transit,2012,Published Confirmed,0,5.955,,2.42,,,348.291
Kepler-81 c,1,Transit,2012,Published Confirmed,0,12.04,,2.37,,,348.291
Kepler-81 d,1,Transit,2014,Published Confirmed,0,20.837846,0.128,1.21,,,348.291
Kepler-810 b,1,Transit,2016,Published Confirmed,0,4.59725385,,1.93,,,1458.59
Kepler-811 b,1,Transit,2016,Published Confirmed,0,23.58447697,,2.7,,,985.041
Kepler-812 b,1,Transit,2016,Published Confirmed,0,10.11716531,,3.55,,,1482.74
Kepler-813 b,1,Transit,2016,Published Confirmed,0,19.12947337,,2.14,,,
Kepler-814 b,1,Transit,2016,Published Confirmed,0,6.1469851,,2.12,,,2055.77
Kepler-815 b,1,Transit,2016,Published Confirmed,0,8.57503552,,4.11,,,1259.28
Kepler-816 b,1,Transit,2016,Published Confirmed,0,10.506825646,,10.24,,,983.697
Kepler-817 b,1,Transit,2016,Published Confirmed,0,3.990106229,,9.03,,,1484.46
Kepler-818 b,1,Transit,2016,Published Confirmed,0,10.035385814,,5.11,,,925.037
Kepler-819 b,1,Transit,2016,Published Confirmed,0,33.1995648,,2.76,,,664.306
Kepler-82 b,1,Transit,2012,Published Confirmed,0,26.44,0.1683,4.07,12.15,0.03822798,904.326
Kepler-82 c,1,Transit,2012,Published Confirmed,0,51.54,0.2626,5.34,13.9,0.04373407,904.326
Kepler-82 d,1,Transit,2014,Published Confirmed,0,2.382961,0.034,1.77,,,904.326
Kepler-82 e,1,Transit,2014,Published Confirmed,0,5.902206,0.063,2.47,,,904.326
Kepler-82 f,1,Transit Timing Variations,2019,Published Confirmed,0,75.732,0.3395,,20.9,0.06575842,904.326
Kepler-820 b,1,Transit,2016,Published Confirmed,0,127.8338098,,6.09,,,1387.2
Kepler-821 b,1,Transit,2016,Published Confirmed,0,1.92279873,,1.31,,,614.571
Kepler-822 b,1,Transit,2016,Published Confirmed,0,3.222969273,,1.77,,,860.391
Kepler-823 b,1,Transit,2016,Published Confirmed,0,4.16809082,,1.57,,,1389.27
Kepler-824 b,1,Transit,2016,Published Confirmed,0,4.51436633,,1.87,,,1201.4
Kepler-825 b,1,Transit,2016,Published Confirmed,0,3.77360059,,1.53,,,807.85
Kepler-825 c,1,Transit,2016,Published Confirmed,0,8.1818246,,1.84,,,807.85
Kepler-826 b,1,Transit,2016,Published Confirmed,0,4.48758907,,1.25,,,779.596
Kepler-827 b,1,Transit,2016,Published Confirmed,0,51.92927591,,5.63,,,2046.68
Kepler-828 b,1,Transit,2016,Published Confirmed,0,0.567857136,,1.51,,,575.322
Kepler-829 b,1,Transit,2016,Published Confirmed,0,6.88337562,,2.11,,,1073.76
Kepler-83 b,1,Transit,2012,Published Confirmed,0,9.77,,2.83,,,400.409
Kepler-83 c,1,Transit,2012,Published Confirmed,0,20.09,,2.36,,,400.409
Kepler-83 d,1,Transit,2014,Published Confirmed,0,5.169796,0.051,1.94,,,400.409
Kepler-830 b,1,Transit,2016,Published Confirmed,0,11.29695137,,1.7,,,
Kepler-831 b,1,Transit,2016,Published Confirmed,0,5.62153941,,1.27,,,593.54
Kepler-832 b,1,Transit,2016,Published Confirmed,0,7.1396941,,2.06,,,1688.12
Kepler-833 b,1,Transit,2016,Published Confirmed,0,18.7546998,,2.02,,,467.37
Kepler-834 b,1,Transit,2016,Published Confirmed,0,13.32388301,,2.02,,,633.937
Kepler-835 b,1,Transit,2016,Published Confirmed,0,11.41909375,,2.79,,,2406.33
Kepler-836 b,1,Transit,2016,Published Confirmed,0,11.36112327,,2.73,,,980.035
Kepler-837 b,1,Transit,2016,Published Confirmed,0,16.56059504,,2.56,,,901.907
Kepler-838 b,1,Transit,2016,Published Confirmed,0,15.74957994,,2.73,,,1104.04
Kepler-839 b,1,Transit,2016,Published Confirmed,0,37.8144514,,2.57,,,944.561
Kepler-84 b,1,Transit,2012,Published Confirmed,0,8.726,,2.23,,,1023.9
Kepler-84 c,1,Transit,2012,Published Confirmed,0,12.883,,2.36,,,1023.9
Kepler-84 d,1,Transit,2014,Published Confirmed,0,4.224537,0.052,1.38,,,1023.9
Kepler-84 e,1,Transit,2014,Published Confirmed,0,27.434389,0.181,2.6,,,1023.9
Kepler-84 f,1,Transit,2014,Published Confirmed,0,44.552169,0.25,2.2,,,1023.9
Kepler-841 b,1,Transit,2016,Published Confirmed,0,124.4198398,,5.23,,,998.961
Kepler-842 b,1,Transit,2016,Published Confirmed,0,1.21956827,,1.6,,,532.726
Kepler-843 b,1,Transit,2016,Published Confirmed,0,2.053879821,,2.59,,,1165.66
Kepler-844 b,1,Transit,2016,Published Confirmed,0,2.613020856,,1.68,,,431.776
Kepler-845 b,1,Transit,2016,Published Confirmed,0,0.927859821,,2.04,,,431.051
Kepler-846 b,1,Transit,2016,Published Confirmed,0,19.80792185,,2.48,,,1127.12
Kepler-847 b,1,Transit,2016,Published Confirmed,0,2.343231895,,1.18,,,513.103
Kepler-848 b,1,Transit,2016,Published Confirmed,0,6.91134416,,1.7,,,1378.47
Kepler-849 b,1,Transit,2016,Published Confirmed,0,394.62508,1.137,8.08167508,298.75870258,0.94,822.134
Kepler-85 b,1,Transit,2012,Published Confirmed,0,8.3,,1.778,1.84,0.00578929,765.025
Kepler-85 c,1,Transit,2012,Published Confirmed,0,12.51,,1.978,2.15,0.00676466,765.025
Kepler-85 d,1,Transit,2014,Published Confirmed,0,17.91323,0.13,1.2,,,765.025
Kepler-85 e,1,Transit,2014,Published Confirmed,0,25.216751,0.163,1.27,,,765.025
Kepler-850 b,1,Transit,2016,Published Confirmed,0,7.19303878,,1.78,,,1661.28
Kepler-851 b,1,Transit,2016,Published Confirmed,0,8.50699658,,1.68,,,839.255
Kepler-852 b,1,Transit,2016,Published Confirmed,0,44.9309804,,2.54,,,1619.03
Kepler-853 b,1,Transit,2016,Published Confirmed,0,7.16892463,,1.69,,,568.676
Kepler-855 b,1,Transit,2016,Published Confirmed,0,7.886631104,,8.35,,,1506.58
Kepler-856 b,1,Transit,2016,Published Confirmed,0,8.027680595,,9.3,,,1351.17
Kepler-857 b,1,Transit,2016,Published Confirmed,0,85.35129427,,6.8,,,983.502
Kepler-858 b,1,Transit,2016,Published Confirmed,0,76.13602028,,4.87,,,298.532
Kepler-859 b,1,Transit,2016,Published Confirmed,0,20.38177573,,3.09,,,839.903
Kepler-860 b,1,Transit,2016,Published Confirmed,0,5.101379454,,3.24,,,1056.36
Kepler-861 b,1,Transit,2016,Published Confirmed,0,3.949631375,,2.28,,,850.327
Kepler-862 b,1,Transit,2016,Published Confirmed,0,3.148664534,,2.21,,,1039.03
Kepler-863 b,1,Transit,2016,Published Confirmed,0,15.59461874,,2.9,,,1499.66
Kepler-864 b,1,Transit,2016,Published Confirmed,0,5.83376092,,2.4,,,2022.9
Kepler-864 c,1,Transit,2023,Kepler Project Candidate (q1_q17_dr25_koi),0,2.42150341,0.0382,1.62,,,2022.9
Kepler-865 b,1,Transit,2016,Published Confirmed,0,14.16399294,,2.49,,,586.137
Kepler-865 c,1,Transit,2023,Kepler Project Candidate (q1_q17_dr25_koi),0,6.20920207,0.061,0.89,,,586.137
Kepler-866 b,1,Transit,2016,Published Confirmed,0,2.617032536,,1.63,,,646.667
Kepler-867 b,1,Transit,2016,Published Confirmed,0,150.242127,,4.64,,,1195.54
Kepler-868 b,1,Transit,2016,Published Confirmed,0,5.03251791,,2.05,,,1593.13
Kepler-869 b,1,Transit,2016,Published Confirmed,0,40.4287755,,3.61,,,939.455
Kepler-87 b,1,Transit,2013,Published Confirmed,0,114.73635,0.481,13.49,324.2,1.02,1232.9
Kepler-87 c,1,Transit,2013,Published Confirmed,0,191.2318,0.676,6.14,6.4,0.02,1232.9
Kepler-870 b,1,Transit,2016,Published Confirmed,0,21.3587621,,2.78,,,1259.46
Kepler-871 b,1,Transit,2016,Published Confirmed,0,22.0459018,,3.74,,,1976.05
Kepler-872 b,1,Transit,2016,Published Confirmed,0,2.578855068,,1.99,,,879.683
Kepler-873 b,1,Transit,2016,Published Confirmed,0,20.5533844,,3.75,,,1182.22
Kepler-874 b,1,Transit,2016,Published Confirmed,0,40.0686727,,3.94,,,1082.16
Kepler-875 b,1,Transit,2016,Published Confirmed,0,27.5073799,,2.9,,,1242.62
Kepler-876 b,1,Transit,2016,Published Confirmed,0,5.14438011,,1.43,,,820.913
Kepler-877 b,1,Transit,2016,Published Confirmed,0,18.45847097,,2.12,,,602.176
Kepler-878 b,1,Transit,2016,Published Confirmed,0,25.9422033,,1.93,,,791.625
Kepler-879 b,1,Transit,2016,Published Confirmed,0,33.3855938,,2.57,,,802.672
Kepler-879 c,1,Transit,2024,Published Confirmed,0,0.646716,,0.4,,,802.672
Kepler-88 d,1,Radial Velocity,2020,Published Confirmed,0,1403.0,,,965.14699656,3.0504646,376.863
Kepler-880 b,1,Transit,2016,Published Confirmed,0,7.71468975,,2.66,,,601.324
Kepler-880 c,1,Transit,2023,Kepler Project Candidate (q1_q17_dr25_koi),0,11.8061737,0.1216,2.87,,,601.324
Kepler-881 b,1,Transit,2016,Published Confirmed,0,4.44448017,,1.78,,,1375.18
Kepler-882 b,1,Transit,2016,Published Confirmed,0,3.989539666,,1.23,,,504.605
Kepler-883 b,1,Transit,2016,Published Confirmed,0,12.98495573,,1.78,,,627.455
Kepler-884 b,1,Transit,2016,Published Confirmed,0,5.69919514,,1.23,,,476.733
Kepler-885 b,1,Transit,2016,Published Confirmed,0,18.11472949,,2.5,,,651.318
Kepler-886 b,1,Transit,2016,Published Confirmed,0,6.24146367,,1.52,,,711.297
Kepler-887 b,1,Transit,2016,Published Confirmed,0,20.42228798,,1.84,,,886.588
Kepler-887 c,1,Transit,2016,Published Confirmed,0,7.63846023,,1.13,,,886.588
Kepler-888 b,1,Transit,2016,Published Confirmed,0,70.6979061,,1.76,,,420.817
Kepler-889 b,1,Transit,2016,Published Confirmed,0,3.744439,,1.09,,,598.313
Kepler-890 b,1,Transit,2016,Published Confirmed,0,52.75875577,,8.89,,,1712.12
Kepler-891 b,1,Transit,2016,Published Confirmed,0,53.44945593,,6.41,,,2340.58
Kepler-892 b,1,Transit,2016,Published Confirmed,0,13.7521072,,2.81,,,570.727
Kepler-893 b,1,Transit,2016,Published Confirmed,0,6.33855761,,3.03,,,1285.59
Kepler-894 b,1,Transit,2016,Published Confirmed,0,9.803224,,2.78,,,1162.91
Kepler-895 b,1,Transit,2016,Published Confirmed,0,2.806242328,,1.54,,,540.134
Kepler-896 b,1,Transit,2016,Published Confirmed,0,144.547396,,2.53,,,2334.93
Kepler-896 c,1,Transit,2023,Kepler Project Candidate (q1_q17_dr25_koi),0,29.5422566,0.1792,3.15,,,2334.93
Kepler-897 b,1,Transit,2016,Published Confirmed,0,8.0472642,,2.39,,,1519.25
Kepler-898 b,1,Transit,2016,Published Confirmed,0,5.8706191,,1.49,,,484.891
Kepler-899 b,1,Transit,2016,Published Confirmed,0,19.17891293,,2.68,,,1246.43
Kepler-9 b,1,Transit,2010,Published Confirmed,0,19.23891,0.143,8.29,43.4,0.13655099,628.257
Kepler-9 c,1,Transit,2010,Published Confirmed,0,38.9853,0.227,8.08,29.9,0.09407545,628.257
Kepler-9 d,1,Transit,2010,Published Confirmed,0,1.592851,0.0273,1.64,,,628.257
Kepler-90 i,1,Transit,2017,Published Confirmed,0,14.44912,,1.32,,,848.254
Kepler-900 b,1,Transit,2016,Published Confirmed,0,6.9913086,,2.08,,,487.525
Kepler-901 b,1,Transit,2016,Published Confirmed,0,3.517494394,,1.37,,,253.867
Kepler-902 b,1,Transit,2016,Published Confirmed,0,40.1099547,,2.54,,,1165.34
Kepler-903 b,1,Transit,2016,Published Confirmed,0,10.3507721,,2.01,,,1369.24
Kepler-903 c,1,Transit,2016,Published Confirmed,0,62.9228557,,2.53,,,1369.24
Kepler-904 b,1,Transit,2016,Published Confirmed,0,3.021668632,,1.77,,,978.125
Kepler-905 b,1,Transit,2016,Published Confirmed,0,5.082746517,,1.41,,,529.268
Kepler-906 b,1,Transit,2016,Published Confirmed,0,41.6979976,,2.11,,,757.791
Kepler-907 b,1,Transit,2016,Published Confirmed,0,15.86621821,,1.2,,,
Kepler-908 b,1,Transit,2016,Published Confirmed,0,1.340597468,,1.22,,,290.843
Kepler-909 b,1,Transit,2016,Published Confirmed,0,13.93290318,,1.47,,,309.596
Kepler-91 b,1,Transit,2013,Published Confirmed,0,6.24658,0.0731,15.322703,257.4423,0.81,1294.69
Kepler-910 b,1,Transit,2016,Published Confirmed,0,2.364369015,,0.82,,,400.289
Kepler-911 b,1,Transit,2016,Published Confirmed,0,20.310501,,2.6,,,556.168
Kepler-912 b,1,Transit,2016,Published Confirmed,0,2.534756273,,2.8,,,2004.72
Kepler-913 b,1,Transit,2016,Published Confirmed,0,10.29672521,,2.06,,,991.618
Kepler-913 c,1,Transit,2021,Published Confirmed,0,5.939119816,,3.8580709,,,991.618
Kepler-914 b,1,Transit,2016,Published Confirmed,0,4.40966548,,1.38,,,753.723
Kepler-915 b,1,Transit,2016,Published Confirmed,0,4.59489604,,1.5,,,849.036
Kepler-916 b,1,Transit,2016,Published Confirmed,0,32.2968798,,1.76,,,830.712
Kepler-917 b,1,Transit,2016,Published Confirmed,0,2.970414375,,1.91,,,3460.51
Kepler-918 b,1,Transit,2016,Published Confirmed,0,4.85386933,,1.74,,,1025.03
Kepler-919 b,1,Transit,2016,Published Confirmed,0,11.04603384,,2.25,,,1119.87
Kepler-92 b,1,Transit,2013,Published Confirmed,0,13.749,,3.51,64.3,0.202,477.992
Kepler-92 c,1,Transit,2013,Published Confirmed,0,26.723,,2.6,6.1,0.019,477.992
Kepler-92 d,1,Transit,2015,Published Confirmed,0,49.3568,,2.067,,,477.992
Kepler-920 b,1,Transit,2016,Published Confirmed,0,6.53192704,,2.42,,,1001.68
Kepler-920 c,1,Transit,2016,Published Confirmed,0,100.8274113,,3.8,,,1001.68
Kepler-921 b,1,Transit,2016,Published Confirmed,0,51.300634,,2.87,,,934.49
Kepler-922 b,1,Transit,2016,Published Confirmed,0,0.938466832,,1.42,,,536.323
Kepler-923 b,1,Transit,2016,Published Confirmed,0,6.93366476,,1.38,,,1000.28
Kepler-924 b,1,Transit,2016,Published Confirmed,0,61.0370117,,3.07,,,1053.04
Kepler-925 b,1,Transit,2016,Published Confirmed,0,33.8678531,,2.34,,,611.115
Kepler-926 b,1,Transit,2016,Published Confirmed,0,52.0688601,,2.31,,,921.361
Kepler-927 b,1,Transit,2016,Published Confirmed,0,9.1149903,,1.72,,,831.685
Kepler-928 b,1,Transit,2016,Published Confirmed,0,3.932461302,,1.59,,,508.809
Kepler-929 b,1,Transit,2016,Published Confirmed,0,0.921032135,,1.11,,,1311.23
Kepler-93 b,1,Transit,2014,Published Confirmed,0,4.72673978,0.05343,1.478,4.66,0.014662,95.9115
Kepler-93 c,1,Radial Velocity,2014,Published Confirmed,0,1460.0,,,954.0,3.0,95.9115
Kepler-930 b,1,Transit,2016,Published Confirmed,0,71.4517775,,2.13,,,848.396
Kepler-931 b,1,Transit,2016,Published Confirmed,0,8.03755877,,1.33,,,
Kepler-932 b,1,Transit,2016,Published Confirmed,0,1.921437396,,1.37,,,465.612
Kepler-933 b,1,Transit,2016,Published Confirmed,0,14.20443009,,2.46,,,1017.2
Kepler-934 b,1,Transit,2016,Published Confirmed,0,55.6738309,,2.09,,,608.738
Kepler-935 b,1,Transit,2016,Published Confirmed,0,4.88083852,,1.35,,,471.782
Kepler-936 b,1,Transit,2016,Published Confirmed,0,10.56134221,,1.45,,,823.399
Kepler-937 b,1,Transit,2016,Published Confirmed,0,67.668827,,3.72,,,1571.46
Kepler-937 c,1,Transit,2016,Published Confirmed,0,153.343364,,2.67,,,1571.46
Kepler-938 b,1,Transit,2016,Published Confirmed,0,52.6298417,,2.22,,,1182.05
Kepler-939 b,1,Transit,2016,Published Confirmed,0,14.878296,,1.75,,,2093.62
Kepler-94 b,1,Transit,2014,Published Confirmed,0,2.50806,,3.51,10.84,0.034,191.904
Kepler-94 c,1,Radial Velocity,2014,Published Confirmed,0,820.3,,,3126.0,9.836,191.904
Kepler-940 b,1,Transit,2016,Published Confirmed,0,59.6225257,,3.34,,,1260.78
Kepler-941 b,1,Transit,2016,Published Confirmed,0,17.42395198,,3.08,,,1088.36
Kepler-942 b,1,Transit,2016,Published Confirmed,0,44.96417488,,2.13,,,216.354
Kepler-943 b,1,Transit,2016,Published Confirmed,0,49.7701438,,5.93,,,2300.53
Kepler-944 b,1,Transit,2016,Published Confirmed,0,43.3167737,,2.63,,,1349.43
Kepler-945 b,1,Transit,2016,Published Confirmed,0,31.0033814,,2.63,,,1651.25
Kepler-946 b,1,Transit,2016,Published Confirmed,0,11.79162572,,1.93,,,1137.29
Kepler-947 b,1,Transit,2016,Published Confirmed,0,26.9644317,,2.28,,,1730.78
Kepler-948 b,1,Transit,2016,Published Confirmed,0,7.76846622,,1.85,,,868.017
Kepler-949 b,1,Transit,2016,Published Confirmed,0,8.689307296,,2.91,,,486.105
Kepler-949 c,1,Transit,2023,Kepler Project Candidate (q1_q17_dr25_koi),0,20.99757968,0.1394,2.97,,,486.105
Kepler-95 b,1,Transit,2014,Published Confirmed,0,11.5231,,3.42,13.0,0.041,445.656
Kepler-950 b,1,Transit,2016,Published Confirmed,0,98.7180406,,8.98,,,2161.6
Kepler-951 b,1,Transit,2016,Published Confirmed,0,71.52530845,,5.59,,,382.509
Kepler-952 b,1,Transit,2016,Published Confirmed,0,130.3546919,,7.65,,,1304.25
Kepler-953 b,1,Transit,2016,Published Confirmed,0,88.40655258,,4.21,,,258.893
Kepler-953 c,1,Transit,2016,Published Confirmed,0,9.10967112,,1.19,,,258.893
Kepler-954 b,1,Transit,2016,Published Confirmed,0,16.78176602,,2.32,,,215.814
Kepler-955 b,1,Transit,2016,Published Confirmed,0,14.53244172,,3.13,,,550.383
Kepler-956 b,1,Transit,2016,Published Confirmed,0,5.248672631,,3.0,,,544.939
Kepler-957 b,1,Transit,2016,Published Confirmed,0,5.907413537,,5.5,,,824.688
Kepler-958 b,1,Transit,2016,Published Confirmed,0,9.7678805,,2.06,,,449.773
Kepler-959 b,1,Transit,2016,Published Confirmed,0,14.80074836,,4.38,,,807.729
Kepler-96 b,1,Transit,2014,Published Confirmed,0,16.2385,,2.67,8.46,0.027,122.881
Kepler-960 b,1,Transit,2016,Published Confirmed,0,3.12686223,,2.29,,,284.916
Kepler-961 b,1,Transit,2016,Published Confirmed,0,16.87727414,,2.55,,,574.314
Kepler-962 b,1,Transit,2016,Published Confirmed,0,12.05707239,,1.97,,,411.486
Kepler-963 b,1,Transit,2016,Published Confirmed,0,9.97683705,,2.66,,,771.494
Kepler-963 c,1,Transit,2024,Published Confirmed,0,0.919783,,0.6,,,771.494
Kepler-964 b,1,Transit,2016,Published Confirmed,0,13.5225106,,2.12,,,454.626
Kepler-965 b,1,Transit,2016,Published Confirmed,0,134.2527298,,3.38,,,582.828
Kepler-966 b,1,Transit,2016,Published Confirmed,0,99.747622,,4.13,,,1027.8
Kepler-967 b,1,Transit,2016,Published Confirmed,0,13.22713379,,2.35,,,568.546
Kepler-967 c,1,Transit,2016,Published Confirmed,0,198.7112502,,3.65,,,568.546
Kepler-968 b,1,Transit,2016,Published Confirmed,0,3.692983728,,2.0,,,290.324
Kepler-968 c,1,Transit,2016,Published Confirmed,0,5.709404918,,1.69,,,290.324
Kepler-969 b,1,Transit,2016,Published Confirmed,0,34.1731714,,2.07,,,390.354
Kepler-969 c,1,Transit,2016,Published Confirmed,0,1.682934604,,0.99,,,390.354
Kepler-97 b,1,Transit,2014,Published Confirmed,0,2.58664,,1.48,3.51,0.011,400.907
Kepler-97 c,1,Radial Velocity,2014,Published Confirmed,0,789.0,,,344.0,1.08,400.907
Kepler-970 b,1,Transit,2016,Published Confirmed,0,16.736525,0.139,2.609,,,331.545
Kepler-971 b,1,Transit,2016,Published Confirmed,0,9.59070716,,2.13,,,338.522
Kepler-972 b,1,Transit,2016,Published Confirmed,0,7.03932553,,4.65,,,1198.03
Kepler-973 b,1,Transit,2016,Published Confirmed,0,49.6077331,,1.96,,,328.52
Kepler-974 b,1,Transit,2016,Published Confirmed,0,4.194496514,,1.57,,,134.311
Kepler-975 b,1,Transit,2016,Published Confirmed,0,1.970342457,,1.48,,,426.088
Kepler-975 c,1,Transit,2023,Kepler Project Candidate (q1_q17_dr25_koi),0,5.05821338,0.0567,10.69,,,426.088
Kepler-976 b,1,Transit,2016,Published Confirmed,0,105.9564148,,3.96,,,1012.41
Kepler-977 b,1,Transit,2016,Published Confirmed,0,26.85328322,,2.62,,,568.751
Kepler-978 b,1,Transit,2016,Published Confirmed,0,49.6221509,,2.99,,,682.522
Kepler-979 b,1,Transit,2016,Published Confirmed,0,8.0880135,,2.72,,,576.503
Kepler-98 b,1,Transit,2014,Published Confirmed,0,1.54168,,1.99,3.55,0.011,350.315
Kepler-980 b,1,Transit,2016,Published Confirmed,0,11.55102504,,2.67,,,961.468
Kepler-981 b,1,Transit,2016,Published Confirmed,0,4.469757736,,2.31,,,878.082
Kepler-982 b,1,Transit,2016,Published Confirmed,0,15.7738221,,2.25,,,801.479
Kepler-983 b,1,Transit,2016,Published Confirmed,0,60.0855082,,2.36,,,714.437
Kepler-984 b,1,Transit,2016,Published Confirmed,0,43.0342272,,2.12,,,460.188
Kepler-985 b,1,Transit,2016,Published Confirmed,0,116.331901,,2.98,,,679.361
Kepler-986 b,1,Transit,2016,Published Confirmed,0,56.4349938,,2.36,,,548.364
Kepler-987 b,1,Transit,2016,Published Confirmed,0,105.3033148,,3.26,,,914.126
Kepler-988 b,1,Transit,2016,Published Confirmed,0,17.76080053,,2.07,,,304.889
Kepler-989 b,1,Transit,2016,Published Confirmed,0,7.964315352,,2.21,,,491.978
Kepler-99 b,1,Transit,2014,Published Confirmed,0,4.60358,,1.48,6.15,0.019,208.369
Kepler-990 b,1,Transit,2016,Published Confirmed,0,9.91723428,,2.6,,,802.163
Kepler-990 c,1,Transit,2016,Published Confirmed,0,0.538354308,,1.53,,,802.163
Kepler-991 b,1,Transit,2016,Published Confirmed,0,82.5342519,,2.54,,,389.561
Kepler-992 b,1,Transit,2016,Published Confirmed,0,20.16034462,,1.62,,,259.639
Kepler-993 b,1,Transit,2016,Published Confirmed,0,22.08557563,,2.97,,,324.423
Kepler-994 b,1,Transit,2016,Published Confirmed,0,1.151166506,,1.6,,,188.158
Kepler-995 b,1,Transit,2016,Published Confirmed,0,28.26731672,,2.7,,,609.638
Kepler-996 b,1,Transit,2016,Published Confirmed,0,3.770590584,,1.98,,,1216.58
Kepler-997 b,1,Transit,2016,Published Confirmed,0,2.707306716,,1.36,,,467.568
Kepler-998 b,1,Transit,2016,Published Confirmed,0,5.65377733,,2.32,,,986.364
Kepler-999 b,1,Transit,2016,Published Confirmed,0,5.991857017,,2.34,,,545.063
L 168-9 b,1,Transit,2020,Published Confirmed,0,1.40152604,0.0208,1.63,4.07,0.01280565,25.1496
L 363-38 b,1,Radial Velocity,2023,Published Confirmed,0,8.781,0.048,,4.67,0.01469346,10.2295
L 98-59 b,1,Transit,2019,Published Confirmed,0,2.253114,0.0223,0.837,0.46,0.00144732,10.6194
L 98-59 c,1,Transit,2019,Published Confirmed,0,3.6906764,0.0309,1.329,2.0,0.0062927,10.6194
L 98-59 d,1,Transit,2019,Published Confirmed,0,7.450729,0.0494,1.627,1.64,0.00516002,10.6194
L 98-59 e,1,Radial Velocity,2021,Published Confirmed,0,12.8278,0.0712,,2.82,0.00887271,10.6194
L 98-59 f,1,Radial Velocity,2025,Published Confirmed,0,23.064,0.1052,,2.8,0.00880979,10.6194
LHS 1140 b,1,Transit,2017,Published Confirmed,0,24.73723,0.0946,1.73,5.6,0.01761957,14.9861
LHS 1140 c,1,Transit,2018,Published Confirmed,0,3.77794,0.027,1.272,1.91,0.00600953,14.9861
LHS 1478 b,1,Transit,2021,Published Confirmed,0,1.9495378,0.01848,1.242,2.33,0.007331,18.2276
LHS 1678 b,1,Transit,2021,Published Confirmed,0,0.8602325,0.01239,0.685,,,19.8782
LHS 1678 c,1,Transit,2021,Published Confirmed,0,3.694284,0.0327,0.941,,,19.8782
LHS 1678 d,1,Transit,2024,Published Confirmed,0,4.9652229,0.04,0.981,,,19.8782
LHS 1815 b,1,Transit,2020,Published Confirmed,0,3.814334,,1.088,1.58,0.00497124,29.8424
LHS 1903 b,1,Transit,2026,Published Confirmed,0,2.1555098,0.02656,1.382,3.28,0.01032003,35.6917
LHS 1903 c,1,Transit,2026,Published Confirmed,0,6.226185,0.05387,2.046,4.55,0.0143159,35.6917
LHS 1903 d,1,Transit,2026,Published Confirmed,0,12.566287,0.08604,2.5,5.96,0.01875226,35.6917
LHS 1903 e,1,Transit,2026,Published Confirmed,0,29.31773,0.15135,1.732,5.79,0.01821738,35.6917
LHS 3154 b,1,Radial Velocity,2023,Published Confirmed,0,3.71778,0.02262,,13.15,0.04137453,15.7606
LHS 3844 b,1,Transit,2019,Published Confirmed,0,0.462929709,0.00624,1.286,2.37,0.00745685,14.8846
LHS 475 b,1,Transit,2023,Published Confirmed,0,2.029088,,0.991,,,12.4814
LP 261-75 b,1,Imaging,2006,Published Confirmed,0,,450.0,,6674.396547,21.0,33.928
LP 714-47 b,1,Transit,2020,Published Confirmed,0,4.052032,0.04056,4.25,28.38,0.08929347,52.616
LP 791-18 b,1,Transit,2019,Published Confirmed,0,0.9479981,0.00978,1.212,,,26.4927
LP 791-18 c,1,Transit,2019,Published Confirmed,0,4.98991,0.02961,2.488,7.16,0.02252788,26.4927
LP 791-18 d,1,Transit,2023,Published Confirmed,0,2.75485,0.01992,1.032,0.91,0.00286318,26.4927
LP 890-9 b,1,Transit,2022,Published Confirmed,0,2.7299025,0.01875,1.32,13.2,0.04153184,32.4298
LP 890-9 c,1,Transit,2022,Published Confirmed,0,8.457463,0.03984,1.367,25.3,0.0796027,32.4298
LSPM J2116+0234 b,1,Radial Velocity,2019,Published Confirmed,0,14.4399,0.0876,,13.3,0.04184627,17.6297
LTT 1445 A b,1,Transit,2019,Published Confirmed,0,5.3587635,0.0381,1.34,2.73,0.00858954,6.86929
LTT 1445 A c,1,Transit,2022,Published Confirmed,0,3.1239035,0.02661,1.147,1.54,0.00484538,6.86929
LTT 3780 b,1,Transit,2020,Published Confirmed,0,0.76837931,0.01195,1.325,2.46,0.00774003,21.9814
LTT 3780 c,1,Transit,2020,Published Confirmed,0,12.252284,0.0757,2.39,8.04,0.02529667,21.9814
LTT 9779 b,1,Transit,2020,Published Confirmed,0,0.792052,0.01679,4.72,29.32,0.09225057,80.4373
LkCa 15 b,1,Imaging,2015,Published Confirmed,1,,14.7,,,,158.152
LkCa 15 c,1,Imaging,2015,Published Confirmed,1,,18.6,,,,158.152
Luhman 16 b,1,Imaging,2017,Published Confirmed,0,9697.0,3.52,,9344.1551658,29.4,
Lupus-TR-3 b,1,Transit,2007,Published Confirmed,0,3.91405,0.0464,9.976,257.431,0.81,773.409
M62H b,1,Pulsar Timing,2024,Published Confirmed,0,0.132935028,,,785.03616529,2.47,
MASCARA-1 b,1,Transit,2017,Published Confirmed,0,2.14877381,0.040352,17.90074218,,,182.273
MASCARA-4 b,1,Transit,2020,Published Confirmed,0,2.8240932,0.0474,16.98160576,532.36258173,1.675,170.696
MOA-2007-BLG-192L b,1,Microlensing,2008,Published Confirmed,0,,2.02,,12.49,0.03929793,2160.0
MOA-2007-BLG-400L b,1,Microlensing,2008,Published Confirmed,0,,5.9,,540.3082919,1.7,6890.0
MOA-2008-BLG-310L b,1,Microlensing,2009,Published Confirmed,0,,1.1,,23.4,0.0736,7700.0
MOA-2008-BLG-379L b,1,Microlensing,2013,Published Confirmed,0,,2.7,,1300.0,4.1,3300.0
MOA-2009-BLG-266L b,1,Microlensing,2011,Published Confirmed,0,2800.0,3.2,,10.4,0.0327,3040.0
MOA-2009-BLG-319L b,1,Microlensing,2010,Published Confirmed,0,,2.03,,67.3,0.212,7050.0
MOA-2009-BLG-387L b,1,Microlensing,2010,Published Confirmed,0,1980.0,1.8,,830.0,2.6,5690.0
MOA-2010-BLG-073L b,1,Microlensing,2012,Published Confirmed,0,,1.21,,3500.0,11.0,2800.0
MOA-2010-BLG-117L b,1,Microlensing,2018,Published Confirmed,0,,2.42,,170.0,0.54,3500.0
MOA-2010-BLG-328L b,1,Microlensing,2013,Published Confirmed,0,,0.92,,9.2,0.029,810.0
MOA-2010-BLG-353L b,1,Microlensing,2015,Published Confirmed,0,,1.72,,86.0,0.27,6430.0
MOA-2010-BLG-477L b,1,Microlensing,2012,Published Confirmed,0,,2.0,,480.0,1.5,2300.0
MOA-2011-BLG-028L b,1,Microlensing,2016,Published Confirmed,0,,4.14,,30.0,0.09,7380.0
MOA-2011-BLG-262L b,1,Microlensing,2014,Published Confirmed,0,,0.95,,17.0,0.053,7200.0
MOA-2011-BLG-291L b,1,Microlensing,2018,Published Confirmed,0,,0.69,,18.0,0.057,4400.0
MOA-2011-BLG-293L b,1,Microlensing,2012,Published Confirmed,0,,1.1,,1500.0,4.8,7720.0
MOA-2011-BLG-322L b,1,Microlensing,2013,Published Confirmed,0,,4.3,,3690.0,11.6,7560.0
MOA-2012-BLG-006L b,1,Microlensing,2017,Published Confirmed,0,,10.2,,2700.0,8.4,5300.0
MOA-2012-BLG-505L b,1,Microlensing,2017,Published Confirmed,0,,0.9,,6.7,0.0211,7210.0
MOA-2013-BLG-220L b,1,Microlensing,2014,Published Confirmed,0,,3.03,,871.0,2.74,6720.0
MOA-2013-BLG-605L b,1,Microlensing,2016,Published Confirmed,0,,0.93,,3.24,0.0102,850.0
MOA-2015-BLG-337L b,1,Microlensing,2018,Published Confirmed,0,,0.24,,33.7,0.106,7100.0
MOA-2016-BLG-227L b,1,Microlensing,2017,Published Confirmed,0,,1.39,,890.0,2.8,6500.0
MOA-2016-BLG-319L b,1,Microlensing,2018,Published Confirmed,0,,0.95,,200.0,0.62,6800.0
MOA-2016-BLG-526L b,1,Microlensing,2024,Published Confirmed,0,,2.07,,14.93793513,0.047,6930.0
MOA-2019-BLG-008L b,1,Microlensing,2022,Published Confirmed,0,,,,5720.911326,18.0,2700.0
MOA-2020-BLG-135L b,1,Microlensing,2022,Published Confirmed,0,,1.11,,11.3,0.03555378,7900.0
MOA-2020-BLG-208L b,1,Microlensing,2023,Published Confirmed,0,,2.74,,46.0,0.14473219,7490.0
MOA-2022-BLG-033L b,1,Microlensing,2025,Published Confirmed,0,,2.15,,12.15,0.03822818,1840.0
MOA-2022-BLG-091L b,1,Microlensing,2025,Published Confirmed,0,,3.44,,1141.00398113,3.59,4250.0
MOA-2022-BLG-249L b,1,Microlensing,2023,Published Confirmed,0,,1.63,,4.83,0.01519688,2000.0
MOA-2022-BLG-563L b,1,Microlensing,2024,Published Confirmed,0,,2.15,,127.1313628,0.4,6530.0
MOA-bin-1L b,1,Microlensing,2012,Published Confirmed,0,,8.3,,1200.0,3.7,5100.0
MOA-bin-29 b,1,Microlensing,2019,Published Confirmed,0,,0.48,,190.0,0.6,7120.0
MWC 758 c,1,Imaging,2023,Published Confirmed,0,,100.0,,,,159.537
MXB 1658-298 b,1,Eclipse Timing Variations,2017,Published Confirmed,0,760.0,1.613,,7532.571,23.7,
NGC 2682 Sand 1429 b,1,Radial Velocity,2024,Published Confirmed,0,77.48,0.384,,572.0911326,1.8,852.793
NGC 2682 Sand 978 b,1,Radial Velocity,2017,Published Confirmed,0,511.21,,,692.8694,2.18,821.918
NGC 2682 YBP 1194 b,1,Radial Velocity,2014,Published Confirmed,0,6.959,,,101.7056,0.32,872.92
NGC 2682 YBP 1514 b,1,Radial Velocity,2014,Published Confirmed,0,5.118,,,127.132,0.4,914.221
NGC 2682 YBP 401 b,1,Radial Velocity,2016,Published Confirmed,0,4.087,,,146.2018,0.46,830.822
NGTS-1 b,1,Transit,2017,Published Confirmed,0,2.647298,0.0326,14.90797,258.07796,0.812,218.121
NGTS-10 b,1,Transit,2020,Published Confirmed,0,0.7668944,0.0143,13.506845,687.14846,2.162,
NGTS-11 b,1,Transit,2020,Published Confirmed,0,35.45533,0.201,9.157753,109.33352,0.344,190.422
NGTS-12 b,1,Transit,2020,Published Confirmed,0,7.532806,0.0757,11.747032,66.10864,0.208,446.442
NGTS-13 b,1,Transit,2021,Published Confirmed,0,4.119027,0.0549,12.800678,1538.2972,4.84,647.595
NGTS-14 A b,1,Transit,2021,Published Confirmed,0,3.5357173,0.0403,4.976796,29.24036,0.092,322.148
NGTS-15 b,1,Transit,2021,Published Confirmed,0,3.27623,0.0441,12.32987877,238.68913366,0.751,786.485
NGTS-16 b,1,Transit,2021,Published Confirmed,0,4.84532,0.0523,14.57167491,211.99154747,0.667,898.168
NGTS-17 b,1,Transit,2021,Published Confirmed,0,3.24253,0.0391,13.89913607,242.82090295,0.764,1040.28
NGTS-18 b,1,Transit,2021,Published Confirmed,0,3.05125,0.0448,13.56286665,129.99181846,0.409,1096.19
NGTS-2 b,1,Transit,2018,Published Confirmed,0,4.511164,0.063,17.878355,235.1942,0.74,356.391
NGTS-20 b,1,Transit,2022,Published Confirmed,0,54.18915,0.313,11.99360935,947.12865286,2.98,382.898
NGTS-21 b,1,Transit,2022,Published Confirmed,0,1.5433897,0.0236,14.90794433,750.07504052,2.36,592.891
NGTS-23 b,1,Transit,2022,Published Confirmed,0,4.0764326,0.0504,14.20177855,194.82881349,0.613,1074.95
NGTS-24 b,1,Transit,2022,Published Confirmed,0,3.4678796,0.0479,13.60770257,165.27077164,0.52,683.062
NGTS-25 b,1,Transit,2022,Published Confirmed,0,2.823093,0.0388,11.46678726,203.09235207,0.639,521.233
NGTS-26 b,1,Transit,2024,Published Confirmed,0,4.5199279,0.049,14.88552637,92.80589484,0.292,1093.69
NGTS-27 b,1,Transit,2024,Published Confirmed,0,3.3704181,0.0446,15.64773706,188.47224535,0.593,942.122
NGTS-3 A b,1,Transit,2018,Published Confirmed,0,1.6753728,0.023,16.58932,756.4354,2.38,743.972
NGTS-30 b,1,Transit,2024,Published Confirmed,0,98.29838,0.408,10.40193409,305.11527072,0.96,238.377
NGTS-31 b,1,Transit,2025,Published Confirmed,0,4.162734,0.064,18.04645893,355.96781584,1.12,497.376
NGTS-32 b,1,Transit,2025,Published Confirmed,0,3.31211,0.044,15.91675259,181.16219199,0.57,837.457
NGTS-33 b,1,Transit,2024,Published Confirmed,0,2.827972,0.048,18.38272835,1153.71711741,3.63,437.855
NGTS-34 b,1,Transit,2025,Published Confirmed,0,43.12655,0.257,3.65,19.1,0.06009532,120.475
NGTS-35 b,1,Transit,2025,Published Confirmed,0,25.241192,0.16,10.9,152.0,0.47824548,183.078
NGTS-38 b,1,Transit,2026,Published Confirmed,0,180.52797,0.697,12.11690814,1516.04150139,4.77,268.637
NGTS-39 b,1,Transit,2026,Published Confirmed,0,58.20472,0.3077,12.195371,466.25427307,1.467,278.402
NGTS-4 b,1,Transit,2019,Published Confirmed,0,1.3373508,0.019,3.18,20.6,0.06481452,280.555
NGTS-5 b,1,Transit,2019,Published Confirmed,0,3.3569866,0.0382,12.733424,72.78307,0.229,306.779
NGTS-6 b,1,Transit,2019,Published Confirmed,0,0.882059,0.01677,14.863134,425.57437,1.339,308.262
NGTS-8 b,1,Transit,2019,Published Confirmed,0,2.4997,0.035,12.21781,295.5819,0.93,428.976
NGTS-9 b,1,Transit,2019,Published Confirmed,0,4.43527,0.058,11.99363,921.707,2.9,609.128
NN Ser c,1,Eclipse Timing Variations,2010,Published Confirmed,1,6987.0,,,3086.11383197,9.71,515.818
NN Ser d,1,Eclipse Timing Variations,2010,Published Confirmed,1,2880.0,,,696.04421133,2.19,515.818
NSVS 14256825 b,1,Eclipse Timing Variations,2019,Published Confirmed,1,3225.0,3.12,,4497.2945,14.15,820.877
NY Vir b,1,Eclipse Timing Variations,2011,Published Confirmed,1,3160.0,,,845.4278,2.66,544.024
NY Vir c,1,Eclipse Timing Variations,2019,Published Confirmed,1,8799.0,,,1760.7782,5.54,544.024
OGLE-2003-BLG-235L b,1,Microlensing,2004,Published Confirmed,0,,4.3,,830.0,2.6,5800.0
OGLE-2005-BLG-071L b,1,Microlensing,2005,Published Confirmed,0,,3.6,,1200.0,3.8,3200.0
OGLE-2005-BLG-169L b,1,Microlensing,2006,Published Confirmed,0,,3.5,,14.1,0.0444,4100.0
OGLE-2005-BLG-390L b,1,Microlensing,2005,Published Confirmed,0,3285.0,2.6,,5.5,0.017,6600.0
OGLE-2006-BLG-109L b,1,Microlensing,2008,Published Confirmed,0,1788.5,2.3,,231.0,0.727,1510.0
OGLE-2006-BLG-109L c,1,Microlensing,2008,Published Confirmed,0,4927.5,4.5,,86.0,0.27,1510.0
OGLE-2006-BLG-284L A b,1,Microlensing,2020,Published Confirmed,0,,2.17,,144.0,0.45307467,4000.0
OGLE-2007-BLG-349L AB c,1,Microlensing,2016,Published Confirmed,0,2557.0,2.59,,80.0,0.25170815,2760.0
OGLE-2007-BLG-368L b,1,Microlensing,2009,Published Confirmed,0,,2.8,,20.0,0.06,5900.0
OGLE-2008-BLG-092L b,1,Microlensing,2014,Published Confirmed,0,,15.0,,57.0,0.18,8100.0
OGLE-2008-BLG-355L b,1,Microlensing,2014,Published Confirmed,0,,1.7,,1500.0,4.6,6800.0
OGLE-2011-BLG-0173L b,1,Microlensing,2018,Published Confirmed,0,,8.0,,60.0,0.19,6100.0
OGLE-2011-BLG-0251L b,1,Microlensing,2012,Published Confirmed,0,,2.72,,170.0,0.53,2570.0
OGLE-2011-BLG-0265L b,1,Microlensing,2015,Published Confirmed,0,,1.89,,280.0,0.88,4380.0
OGLE-2012-BLG-0026L b,1,Microlensing,2012,Published Confirmed,0,,4.0,,46.1,0.145,4019.0
OGLE-2012-BLG-0026L c,1,Microlensing,2012,Published Confirmed,0,,4.8,,270.0,0.86,4019.0
OGLE-2012-BLG-0358L b,1,Microlensing,2013,Published Confirmed,0,,0.87,,588.0,1.85,1760.0
OGLE-2012-BLG-0406L b,1,Microlensing,2013,Published Confirmed,0,,3.45,,868.0,2.73,4970.0
OGLE-2012-BLG-0563L b,1,Microlensing,2015,Published Confirmed,0,,0.74,,120.0,0.39,1300.0
OGLE-2012-BLG-0724L b,1,Microlensing,2016,Published Confirmed,0,,1.6,,150.0,0.47,6700.0
OGLE-2012-BLG-0838L b,1,Microlensing,2020,Published Confirmed,0,,4.43,,53.1,0.167,6320.0
OGLE-2012-BLG-0950L b,1,Microlensing,2016,Published Confirmed,0,,2.6,,35.0,0.11,2600.0
OGLE-2013-BLG-0102L b,1,Microlensing,2014,Published Confirmed,0,,0.8,,4100.0,13.0,3040.0
OGLE-2013-BLG-0132L b,1,Microlensing,2017,Published Confirmed,0,,3.6,,92.0,0.29,3900.0
OGLE-2013-BLG-0341L B b,1,Microlensing,2014,Published Confirmed,0,,0.702,,1.66,0.00522,911.0
OGLE-2013-BLG-0911L b,1,Microlensing,2019,Published Confirmed,0,,0.39,,3020.0,9.51,3220.0
OGLE-2013-BLG-1721L b,1,Microlensing,2017,Published Confirmed,0,,2.6,,200.0,0.64,6300.0
OGLE-2013-BLG-1761L b,1,Microlensing,2017,Published Confirmed,0,,1.8,,860.0,2.7,6900.0
OGLE-2014-BLG-0124L b,1,Microlensing,2015,Published Confirmed,0,,3.48,,206.58846455,0.65,3500.0
OGLE-2014-BLG-0221L b,1,Microlensing,2024,Published Confirmed,0,,3.76,,1382.55357045,4.35,3680.0
OGLE-2014-BLG-0319L b,1,Microlensing,2022,Published Confirmed,0,,3.49,,181.16219199,0.57,7730.0
OGLE-2014-BLG-0676L b,1,Microlensing,2016,Published Confirmed,0,,4.53,,1169.60853776,3.68,2670.0
OGLE-2014-BLG-1722L b,1,Microlensing,2018,Published Confirmed,0,,1.5,,55.3,0.174,6400.0
OGLE-2014-BLG-1722L c,1,Microlensing,2018,Published Confirmed,0,,1.7,,83.7,0.263,6400.0
OGLE-2014-BLG-1760L b,1,Microlensing,2016,Published Confirmed,0,,1.887,,295.89824692,0.931,7056.0
OGLE-2015-BLG-0051L b,1,Microlensing,2016,Published Confirmed,0,,0.73,,230.0,0.72,8200.0
OGLE-2015-BLG-0954L b,1,Microlensing,2016,Published Confirmed,0,,1.6,,1100.0,3.4,1200.0
OGLE-2015-BLG-0966L b,1,Microlensing,2016,Published Confirmed,0,,2.7,,21.0,0.066,3300.0
OGLE-2015-BLG-1609L b,1,Microlensing,2025,Published Confirmed,0,,,,76.27881768,0.24,3300.0
OGLE-2015-BLG-1649L b,1,Microlensing,2019,Published Confirmed,0,,2.07,,807.0,2.54,4230.0
OGLE-2015-BLG-1670L b,1,Microlensing,2019,Published Confirmed,0,,2.62,,17.9,0.0563,6700.0
OGLE-2015-BLG-1771L b,1,Microlensing,2020,Published Confirmed,0,,0.85,,138.0,0.433,7070.0
OGLE-2016-BLG-0007L b,1,Microlensing,2025,Published Confirmed,0,14200.0,10.1,,1.32,0.00415318,4300.0
OGLE-2016-BLG-0263L b,1,Microlensing,2017,Published Confirmed,0,,5.4,,1300.0,4.1,6500.0
OGLE-2016-BLG-0613L AB b,1,Microlensing,2017,Published Confirmed,0,,6.4,,1330.0,4.18,3410.0
OGLE-2016-BLG-1067L b,1,Microlensing,2019,Published Confirmed,0,,1.7,,140.0,0.43,3730.0
OGLE-2016-BLG-1093L b,1,Microlensing,2022,Published Confirmed,0,,2.13,,225.65816897,0.71,8120.0
OGLE-2016-BLG-1190L b,1,Microlensing,2017,Published Confirmed,0,1220.0,2.17,,4253.0,13.38,6770.0
OGLE-2016-BLG-1195L b,1,Microlensing,2017,Published Confirmed,0,,1.16,,1.43,0.0045,3910.0
OGLE-2016-BLG-1227L b,1,Microlensing,2020,Published Confirmed,0,,3.4,,250.0,0.79,
OGLE-2016-BLG-1266L b,1,Microlensing,2018,Published Confirmed,0,,0.43,,3813.940884,12.0,3080.0
OGLE-2016-BLG-1598L b,1,Microlensing,2024,Published Confirmed,0,,2.5,,120.77479466,0.38,5910.0
OGLE-2016-BLG-1800L b,1,Microlensing,2024,Published Confirmed,0,,1.88,,823.17557413,2.59,6480.0
OGLE-2017-BLG-0173L b,1,Microlensing,2018,Published Confirmed,0,,3.913,,3.269,0.01029,4705.0
OGLE-2017-BLG-0364L b,1,Microlensing,2024,Published Confirmed,0,,3.79,,75.8,0.23849347,7860.0
OGLE-2017-BLG-0373L b,1,Microlensing,2018,Published Confirmed,0,,2.424,,127.0,0.401,5915.0
OGLE-2017-BLG-0406L b,1,Microlensing,2020,Published Confirmed,0,,3.5,,130.0,0.41,5200.0
OGLE-2017-BLG-0448L b,1,Microlensing,2024,Published Confirmed,0,,5.75,,15.6,0.04908309,7530.0
OGLE-2017-BLG-0482L b,1,Microlensing,2018,Published Confirmed,0,,1.8,,9.0,0.028,5800.0
OGLE-2017-BLG-0604L b,1,Microlensing,2020,Published Confirmed,0,,4.06,,160.0,0.51,3950.0
OGLE-2017-BLG-0640L b,1,Microlensing,2024,Published Confirmed,0,,1.14,,514.88201934,1.62,6630.0
OGLE-2017-BLG-1049L b,1,Microlensing,2020,Published Confirmed,0,,3.92,,1760.0,5.53,5670.0
OGLE-2017-BLG-1099L b,1,Microlensing,2021,Published Confirmed,0,,2.73,,959.84178914,3.02,7250.0
OGLE-2017-BLG-1140L b,1,Microlensing,2018,Published Confirmed,0,,1.02,,505.0,1.59,
OGLE-2017-BLG-1237L b,1,Microlensing,2024,Published Confirmed,0,,2.53,,1207.7479466,3.8,6030.0
OGLE-2017-BLG-1275L b,1,Microlensing,2024,Published Confirmed,0,,2.09,,1875.1876013,5.9,7690.0
OGLE-2017-BLG-1375L b,1,Microlensing,2020,Published Confirmed,0,,3.04,,3585.0,11.28,3930.0
OGLE-2017-BLG-1434L b,1,Microlensing,2018,Published Confirmed,0,,1.18,,4.43,0.01393834,860.0
OGLE-2017-BLG-1522L b,1,Microlensing,2018,Published Confirmed,0,,0.59,,240.0,0.75,7490.0
OGLE-2017-BLG-1691L b,1,Microlensing,2022,Published Confirmed,0,,2.41,,14.62010672,0.046,7290.0
OGLE-2017-BLG-1806L b,1,Microlensing,2023,Published Confirmed,0,,1.75,,5.27,0.01658127,6400.0
OGLE-2018-BLG-0298L b,1,Microlensing,2022,Published Confirmed,0,,2.86,,44.49597698,0.14,6540.0
OGLE-2018-BLG-0383L b,1,Microlensing,2022,Published Confirmed,0,,1.8,,6.4,0.02013665,7700.0
OGLE-2018-BLG-0506L b,1,Microlensing,2022,Published Confirmed,0,,3.0,,16.3,0.05128554,5600.0
OGLE-2018-BLG-0516L b,1,Microlensing,2022,Published Confirmed,0,,2.2,,20.1,0.06324167,7000.0
OGLE-2018-BLG-0532L b,1,Microlensing,2020,Published Confirmed,0,,1.064,,6.228,0.01959548,773.0
OGLE-2018-BLG-0567L b,1,Microlensing,2021,Published Confirmed,0,,2.72,,101.70509024,0.32,7060.0
OGLE-2018-BLG-0596L b,1,Microlensing,2019,Published Confirmed,0,,0.97,,13.93,0.04383,5650.0
OGLE-2018-BLG-0677L b,1,Microlensing,2020,Published Confirmed,0,,0.63,,3.96,0.0125,7580.0
OGLE-2018-BLG-0740L b,1,Microlensing,2019,Published Confirmed,0,5480.0,5.0,,1500.0,4.8,3200.0
OGLE-2018-BLG-0799L b,1,Microlensing,2022,Published Confirmed,0,,1.28,,82.63538582,0.26,4050.0
OGLE-2018-BLG-0932L b,1,Microlensing,2022,Published Confirmed,0,,1.75,,282.86728223,0.89,6620.0
OGLE-2018-BLG-0962L b,1,Microlensing,2021,Published Confirmed,0,,3.59,,425.89006538,1.34,6500.0
OGLE-2018-BLG-0977L b,1,Microlensing,2022,Published Confirmed,0,,2.0,,6.4,0.02013665,6500.0
OGLE-2018-BLG-1011L b,1,Microlensing,2019,Published Confirmed,0,,1.8,,570.0,1.8,7100.0
OGLE-2018-BLG-1011L c,1,Microlensing,2019,Published Confirmed,0,,0.8,,890.0,2.8,7100.0
OGLE-2018-BLG-1119L b,1,Microlensing,2022,Published Confirmed,0,,4.06,,289.22385037,0.91,5760.0
OGLE-2018-BLG-1126L b,1,Microlensing,2022,Published Confirmed,0,,3.23,,17.79839079,0.056,5700.0
OGLE-2018-BLG-1185L b,1,Microlensing,2021,Published Confirmed,0,,1.54,,8.4,0.02642936,7400.0
OGLE-2018-BLG-1212L b,1,Microlensing,2022,Published Confirmed,0,,1.68,,63.5656814,0.2,1550.0
OGLE-2018-BLG-1269L b,1,Microlensing,2020,Published Confirmed,0,,4.51,,210.0,0.67,2510.0
OGLE-2018-BLG-1367L b,1,Microlensing,2022,Published Confirmed,0,,,,301.93698665,0.95,5370.0
OGLE-2018-BLG-1428L b,1,Microlensing,2021,Published Confirmed,0,,3.3,,240.0,0.77,6220.0
OGLE-2018-BLG-1647L b,1,Microlensing,2022,Published Confirmed,0,,1.36,,308.29355479,0.97,7880.0
OGLE-2018-BLG-1700L b,1,Microlensing,2020,Published Confirmed,0,,2.8,,1400.0,4.4,7600.0
OGLE-2019-BLG-0249L b,1,Microlensing,2023,Published Confirmed,0,,1.84,,2262.93825784,7.12,6370.0
OGLE-2019-BLG-0299L b,1,Microlensing,2021,Published Confirmed,0,,2.8,,1976.89269154,6.22,5830.0
OGLE-2019-BLG-0304L b,1,Microlensing,2021,Published Confirmed,0,,1.23,,162.09248757,0.51,6980.0
OGLE-2019-BLG-0362L b,1,Microlensing,2022,Published Confirmed,0,,2.18,,1036.12060682,3.26,5830.0
OGLE-2019-BLG-0468L b,1,Microlensing,2022,Published Confirmed,0,,3.29,,1090.15143601,3.43,4400.0
OGLE-2019-BLG-0468L c,1,Microlensing,2022,Published Confirmed,0,,2.77,,3248.20631954,10.22,4400.0
OGLE-2019-BLG-0679L b,1,Microlensing,2023,Published Confirmed,0,,6.99,,1061.54687938,3.34,5630.0
OGLE-2019-BLG-0954L b,1,Microlensing,2021,Published Confirmed,0,,2.65,,4513.1633794,14.2,3630.0
OGLE-2019-BLG-0960L b,1,Microlensing,2021,Published Confirmed,0,,1.9,,2.5,0.00786588,980.0
OGLE-2019-BLG-1053L b,1,Microlensing,2021,Published Confirmed,0,,3.4,,2.48,0.00780295,6800.0
OGLE-2019-BLG-1180L b,1,Microlensing,2023,Published Confirmed,0,,5.19,,555.24622703,1.747,6070.0
OGLE-2019-BLG-1470L AB c,1,Microlensing,2022,Published Confirmed,0,,3.2,,699.2224954,2.2,5900.0
OGLE-2019-BLG-1492L b,1,Microlensing,2022,Published Confirmed,0,,2.7,,37.1,0.11672965,5600.0
OGLE-2023-BLG-0766L b,1,Microlensing,2026,Published Confirmed,0,,2.5,,349.6112477,1.1,7400.0
OGLE-2023-BLG-0836L b,1,Microlensing,2024,Published Confirmed,0,,3.7,,1385.73185452,4.36,5120.0
OGLE-TR-10 b,1,Transit,2004,Published Confirmed,0,3.101278,0.0434,14.011,197.046,0.62,1344.97
OGLE-TR-111 b,1,Transit,2004,Published Confirmed,0,4.0144463,0.0473,11.421971,,,1068.33
OGLE-TR-113 b,1,Transit,2004,Published Confirmed,0,1.4324752,0.02289,12.251,400.449,1.26,566.459
OGLE-TR-132 b,1,Transit,2004,Published Confirmed,0,1.689868,0.03035,13.45,375.02,1.18,2012.62
OGLE-TR-182 b,1,Transit,2007,Published Confirmed,0,3.9791,0.051,12.666,320.995,1.01,2501.75
OGLE-TR-211 b,1,Transit,2007,Published Confirmed,0,3.67724,0.051,15.244,327.351,1.03,1515.26
OGLE-TR-56 b,1,Transit,2002,Published Confirmed,0,1.2119189,0.02383,15.278,441.77,1.39,
OGLE2-TR-L9 b,1,Transit,2008,Published Confirmed,0,2.4855335,0.0308,18.046,1430.175,4.5,1627.63
Oph 11 b,1,Imaging,2006,Published Confirmed,0,7300000.0,243.0,,4449.62,14.0,
PDS 70 b,1,Imaging,2018,Published Confirmed,0,,20.8,21.96960217,1017.0509024,3.2,113.064
PDS 70 c,1,Imaging,2019,Published Confirmed,0,,34.3,22.19378179,2383.7130525,7.5,113.064
PH1 b,1,Transit,2012,Published Confirmed,0,138.317,0.652,6.18,169.0,0.531,1033.16
PH2 b,1,Transit,2013,Published Confirmed,0,282.52542,0.833,9.33708092,87.08498352,0.274,343.863
POTS-1 b,1,Transit,2013,Published Confirmed,0,3.1606296,0.03734,10.548,734.16,2.31,747.959
PSR B0329+54 b,1,Pulsar Timing,2017,Published Confirmed,0,10140.0,10.26,,1.97,0.00619828,
PSR B1257+12 b,1,Pulsar Timing,1994,Published Confirmed,0,25.262,0.19,,0.02,6.293e-05,600.0
PSR B1257+12 c,1,Pulsar Timing,1992,Published Confirmed,0,66.5419,0.36,,4.3,0.01352925,600.0
PSR B1257+12 d,1,Pulsar Timing,1992,Published Confirmed,0,98.2114,0.46,,3.9,0.01227071,600.0
PSR B1620-26 b,1,Pulsar Timing,2003,Published Confirmed,0,,23.0,,794.575,2.5,
PSR J1719-1438 b,1,Pulsar Timing,2011,Published Confirmed,0,0.090706293,0.0044,,382.8,1.2,1200.0
PSR J2322-2650 b,1,Pulsar Timing,2017,Published Confirmed,0,0.322963997,0.0102,,252.643067,0.7949,230.0
PZ Tel b,1,Imaging,2023,Published Confirmed,0,44000.0,27.0,,8581.366989,27.0,47.0648
Pr0201 b,1,Radial Velocity,2012,Published Confirmed,0,4.4264,0.06,,171.6282,0.54,180.64
Pr0211 b,1,Radial Velocity,2012,Published Confirmed,0,2.1461,0.03176,,597.5204,1.88,182.714
Pr0211 c,1,Radial Velocity,2016,Published Confirmed,0,4850.0,5.5,,2475.8957,7.79,182.714
Proxima Cen b,1,Radial Velocity,2016,Published Confirmed,0,11.18465,0.04848,,1.055,0.0033194,1.30119
Proxima Cen d,1,Radial Velocity,2025,Published Confirmed,0,5.12338,0.02881,,0.26,0.00081805,1.30119
Qatar-1 b,1,Transit,2010,Published Confirmed,0,1.4200242,0.02332,12.811887,411.27202,1.294,185.615
Qatar-10 b,1,Transit,2019,Published Confirmed,0,1.645321,0.0286,17.295487,233.92288,0.736,559.068
Qatar-2 b,1,Transit,2011,Published Confirmed,0,1.33711647,0.02153,14.056,792.635,2.494,181.374
Qatar-3 b,1,Transit,2017,Published Confirmed,0,2.5079204,0.03783,12.285064,1369.8473,4.31,735.601
Qatar-4 b,1,Transit,2017,Published Confirmed,0,1.8053564,0.02803,12.722215,1938.763,6.1,329.036
Qatar-5 b,1,Transit,2017,Published Confirmed,0,2.8792319,0.04127,12.408363,1373.0256,4.32,367.658
Qatar-6 b,1,Transit,2017,Published Confirmed,0,3.506195,0.0423,11.903958,212.31044,0.668,100.848
Qatar-7 b,1,Transit,2019,Published Confirmed,0,2.032046,0.0352,19.0553,597.5204,1.88,705.981
Qatar-8 b,1,Transit,2019,Published Confirmed,0,3.71495,0.0474,14.403565,117.91493,0.371,281.498
Qatar-9 b,1,Transit,2019,Published Confirmed,0,1.540731,0.0234,11.309881,378.2177,1.19,213.771
ROXs 12 b,1,Imaging,2013,Published Confirmed,0,,210.0,,5085.0,16.0,136.65
ROXs 42 B b,1,Imaging,2013,Published Confirmed,0,,157.0,,2860.0,9.0,143.59
RR Cae b,1,Eclipse Timing Variations,2012,Published Confirmed,1,4343.5,5.3,,1334.886,4.2,21.1916
Ross 128 b,1,Radial Velocity,2017,Published Confirmed,0,9.8658,0.0496,,1.4,0.00440487,3.37454
Ross 176 b,1,Transit,2025,Published Confirmed,0,5.0066338,0.0464,1.84,4.57,0.01437883,46.4488
Ross 458 c,1,Imaging,2010,Published Confirmed,0,,1100.0,14.01125,1906.98,6.0,11.5094
Ross 508 b,1,Radial Velocity,2022,Published Confirmed,0,10.77,0.05366,,4.0,0.01258541,11.2103
SPECULOOS-3 b,1,Transit,2024,Published Confirmed,0,0.71912603,0.00733,0.977,,,
SR 12 AB c,1,Imaging,2010,Published Confirmed,0,,,,4131.62,13.0,
SWEEPS-11 b,1,Transit,2006,Published Confirmed,0,1.796,0.03,12.666,3082.82,9.7,
SWEEPS-4 b,1,Transit,2006,Published Confirmed,0,4.2,0.055,9.079,1207.7,3.8,
TAP 26 b,1,Radial Velocity,2017,Published Confirmed,0,10.79,0.0968,,527.5978,1.66,121.402
TCP J05074264+2447555 b,1,Microlensing,2018,Published Confirmed,0,,0.94,,20.0,0.06292704,505.0
TIC 117642575 b,1,Transit,2026,Published Confirmed,0,4.94459060181,,2.82716337,,,188.758
TIC 139270665 b,1,Transit,2024,Published Confirmed,0,23.624,0.163,7.22979255,147.15455244,0.463,189.875
TIC 139270665 c,1,Radial Velocity,2024,Published Confirmed,0,1010.0,2.0,,1554.18091023,4.89,189.875
TIC 139702105 b,1,Transit,2026,Published Confirmed,0,6.83601903383,,2.45316949,,,91.7884
TIC 142589416 b,1,Transit,2026,Published Confirmed,0,2.09518466313,,2.67899519,,,168.933
TIC 147027702 b,1,Transit,2026,Published Confirmed,0,44.40523,0.274,10.92875618,346.43296363,1.09,457.186
TIC 150070085 b,1,Transit,2026,Published Confirmed,0,10.47423,,3.62,,,204.368
TIC 153919886 b,1,Transit,2026,Published Confirmed,0,2.10510492329,,2.70601108,,,132.33
TIC 154870955 b,1,Transit,2026,Published Confirmed,0,7.9698747128,,3.09467466,,,226.463
TIC 160113658 b,1,Transit,2026,Published Confirmed,0,6.72952262077,,3.49015778,,,200.156
TIC 161045582 b,1,Transit,2026,Published Confirmed,0,8.85577189959,,2.24566738,,,162.246
TIC 172900988 b,1,Transit,2021,Published Confirmed,0,200.452,0.90281,11.25,942.0,2.96386345,250.956
TIC 178172313 b,1,Transit,2026,Published Confirmed,0,4.3731816136,,2.80405322,,,178.137
TIC 183374187 b,1,Transit,2026,Published Confirmed,0,5.05907,,14.03364384,177.98390792,0.56,1208.75
TIC 188624430 b,1,Transit,2026,Published Confirmed,0,6.21860433132,,3.64811843,,,300.743
TIC 18942729 b,1,Transit,2026,Published Confirmed,0,0.99817838064,,2.00021315,,,115.169
TIC 198190129 b,1,Transit,2026,Published Confirmed,0,7.94804910667,,2.92284949,,,130.035
TIC 206466666 b,1,Transit,2026,Published Confirmed,0,9.10486865159,,2.14817673,,,127.837
TIC 231949697 b,1,Transit,2026,Published Confirmed,0,0.90720448719,,1.52831855,,,50.2408
TIC 237913194 b,1,Transit,2020,Published Confirmed,0,15.168865,0.1207,12.520453,617.22586,1.942,306.063
TIC 241249530 b,1,Transit,2024,Published Confirmed,0,165.7719,0.641,13.29385111,1582.78546686,4.98,324.448
TIC 245076932 b,1,Transit,2026,Published Confirmed,0,21.61389,0.157,10.87271128,162.09248757,0.51,303.96
TIC 24750448 b,1,Transit,2026,Published Confirmed,0,3.59159193029,,2.43722231,,,178.146
TIC 24750448 c,1,Transit,2026,Published Confirmed,0,10.14385270726,,3.09028272,,,178.146
TIC 249022743 b,1,Transit,2026,Published Confirmed,0,2.25719681538,,4.79568155,,,396.46
TIC 257060897 b,1,Transit,2021,Published Confirmed,0,3.66003639,0.04922,17.26183028,201.50321004,0.634,505.703
TIC 260969020 b,1,Transit,2026,Published Confirmed,0,8.48584501953,,2.22686612,,,121.222
TIC 270471727 b,1,Transit,2026,Published Confirmed,0,10.45623256647,,2.75029559,,,182.104
TIC 279401253 b,1,Transit,2023,Published Confirmed,0,76.8,0.369,11.2089807,1951.46641898,6.14,285.584
TIC 279401253 c,1,Transit,2023,Published Confirmed,0,155.3,0.591,,2548.98382414,8.02,285.584
TIC 290487717 b,1,Transit,2026,Published Confirmed,0,3.400818229,,6.63777941,,,395.574
TIC 294329732 b,1,Transit,2026,Published Confirmed,0,9.7565876181,,2.07692266,,,189.333
TIC 32032563 b,1,Transit,2026,Published Confirmed,0,13.83460487791,,3.47739942,,,507.858
TIC 320419023 b,1,Transit,2026,Published Confirmed,0,5.26375651589,,2.77280763,,,288.893
TIC 34085383 b,1,Transit,2026,Published Confirmed,0,3.47793368523,,3.91982296,,,149.12
TIC 349520724 b,1,Transit,2026,Published Confirmed,0,7.94044635021,,2.82626313,,,241.105
TIC 356227008 b,1,Transit,2026,Published Confirmed,0,2.96147448702,,2.39024009,,,387.609
TIC 365102760 b,1,Transit,2024,Published Confirmed,0,4.21285367,0.0622,6.21,19.2,0.06040996,555.546
TIC 38825265 b,1,Transit,2026,Published Confirmed,0,3.31336980985,,2.18869476,,,165.638
TIC 38828280 b,1,Transit,2026,Published Confirmed,0,4.85558984762,,2.62701629,,,286.415
TIC 390586021 b,1,Transit,2026,Published Confirmed,0,2.74703755819,,2.86009388,,,114.558
TIC 393818343 b,1,Transit,2024,Published Confirmed,0,16.24921,0.1291,12.18416202,1379.37528638,4.34,93.7345
TIC 423703298 b,1,Transit,2026,Published Confirmed,0,4.03712711976,,2.77230429,,,136.191
TIC 434398831 b,1,Transit,2025,Published Confirmed,0,3.685504,0.04641,3.51,,,217.011
TIC 434398831 c,1,Transit,2025,Published Confirmed,0,6.210291,0.06572,5.63,,,217.011
TIC 437041147 b,1,Transit,2026,Published Confirmed,0,3.82301421497,,2.21526814,,,246.6
TIC 445839811 b,1,Transit,2026,Published Confirmed,0,11.1086260318,,2.47771211,,,235.655
TIC 46432937 b,1,Transit,2024,Published Confirmed,0,1.44044527,0.02065,13.31626907,1017.0509024,3.2,90.5369
TIC 4672985 b,1,Transit,2024,Published Confirmed,0,69.048,0.33,11.5004142,4049.13390518,12.74,253.385
TIC 52059926 b,1,Transit,2026,Published Confirmed,0,175.532,0.553,10.71,5380.0,16.9,216.581
TIC 62895484 b,1,Transit,2026,Published Confirmed,0,2.83985434327,,3.49391667,,,294.857
TIC 65612701 b,1,Transit,2026,Published Confirmed,0,10.22467974953,,5.07802804,,,151.624
TIC 67686059 b,1,Transit,2026,Published Confirmed,0,3.52163529551,,2.59125922,,,249.203
TIC 77319217 b,1,Transit,2026,Published Confirmed,0,7.54830765124,,3.10879526,,,267.62
TIC 77552382 b,1,Transit,2026,Published Confirmed,0,3.51025904942,,5.69176189,,,373.415
TIC 86380416 b,1,Transit,2026,Published Confirmed,0,6.0408643461,,2.4123612,,,244.68
TIC 87422071 b,1,Transit,2026,Published Confirmed,0,11.364929,0.106,10.8615023,409.99864503,1.29,384.758
TIC 88692598 b,1,Transit,2026,Published Confirmed,0,2.64909436758,,1.81295951,,,73.5258
TIC 88785435 b,1,Transit,2025,Published Confirmed,0,10.508843,0.08432,5.03,,,122.386
TIC 9344899 b,1,Transit,2026,Published Confirmed,0,8.5821566,0.0815,9.16,6170.0,19.4,532.228
TOI-1011 b,1,Transit,2025,Published Confirmed,0,2.470498,,1.45,4.04,0.01271126,52.62
TOI-1036 b,1,Transit,2026,Published Confirmed,0,3.77952125496,,6.28499593,,,184.015
TOI-1052 b,1,Transit,2023,Published Confirmed,0,9.139703,0.09103,2.87,16.9,0.05317335,129.804
TOI-1052 c,1,Radial Velocity,2023,Published Confirmed,0,35.806,0.2263,,34.3,0.10791987,129.804
TOI-1054.01,1,Transit,2021,TESS Project Candidate,0,15.5077855,,2.43432,,,88.4343
TOI-1062 b,1,Transit,2021,Published Confirmed,0,4.11296,0.052,2.265,10.15,0.03193547,82.1733
TOI-1062 c,1,Radial Velocity,2021,Published Confirmed,0,7.972,0.08,,9.78,0.03077132,82.1733
TOI-1064 b,1,Transit,2022,Published Confirmed,0,6.443868,0.06152,2.587,13.5,0.04247575,68.0726
TOI-1064 c,1,Transit,2022,Published Confirmed,0,12.226574,0.09429,2.651,2.5,0.00786588,68.0726
TOI-1075 b,1,Transit,2022,Published Confirmed,0,0.6047328,0.01159,1.791,9.95,0.0313062,61.4592
TOI-1080 b,1,Transit,2026,Published Confirmed,0,3.9652482,0.0272,1.2,10.7,0.03366596,25.559
TOI-1105 b,1,Transit,2026,Published Confirmed,0,10.86818410933,,3.05823658,,,79.5225
TOI-1107 b,1,Transit,2022,Published Confirmed,0,4.0782387,0.0561,14.57167491,1064.72516345,3.35,281.314
TOI-1117 b,1,Transit,2025,Published Confirmed,0,2.22816,0.033,2.46,8.9,0.02800253,167.598
TOI-1117 c,1,Radial Velocity,2025,Published Confirmed,0,4.579,0.0534,,8.78,0.02762497,167.598
TOI-1117 d,1,Radial Velocity,2025,Published Confirmed,0,8.665,0.0817,,10.71,0.03369743,167.598
TOI-1130 b,1,Transit,2020,Published Confirmed,0,4.074554,0.0453,3.66,19.8,0.06229777,58.2609
TOI-1130 c,1,Transit,2020,Published Confirmed,0,8.3501898,0.0731,13.0,336.0,1.05717423,58.2609
TOI-1135 b,1,Transit,2024,Published Confirmed,0,8.0277327,0.0815,9.91994792,58.79825529,0.185,114.048
TOI-1136 b,1,Transit,2022,Published Confirmed,0,4.1727,0.05106,,3.5,0.01101223,84.5362
TOI-1136 c,1,Transit,2022,Published Confirmed,0,6.2574,0.0669,,6.32,0.01988494,84.5362
TOI-1136 d,1,Transit,2022,Published Confirmed,0,12.5199,0.1062,,8.35,0.02627204,84.5362
TOI-1136 e,1,Transit,2022,Published Confirmed,0,18.801,,,6.07,0.01909836,84.5362
TOI-1136 f,1,Transit,2022,Published Confirmed,0,26.321,0.174,,9.7,0.03051961,84.5362
TOI-1136 g,1,Transit,2022,Published Confirmed,0,39.545,0.229,,5.6,0.01761957,84.5362
TOI-1173 b,1,Transit,2024,Published Confirmed,0,7.06466,0.0696,9.19,27.4,0.08621004,132.353
TOI-1174 b,1,Transit,2024,Published Confirmed,0,8.953487683,0.07994,2.562,,,94.6375
TOI-1180 b,1,Transit,2024,Published Confirmed,0,9.686760378,0.080799,3.072,,,72.0238
TOI-1181 b,1,Transit,2022,Published Confirmed,0,2.103189,,17.02644168,374.71969185,1.179,302.819
TOI-1184 b,1,Transit,2024,Published Confirmed,0,5.748433803,0.056027,2.39,,,58.5946
TOI-1194 b,1,Transit,2023,Published Confirmed,0,2.3106446,0.034,8.71664516,120.0,0.37756222,149.667
TOI-1199 b,1,Transit,2024,Published Confirmed,0,3.671463,0.04988,10.5140239,75.96098927,0.239,248.427
TOI-1201 b,1,Transit,2021,Published Confirmed,0,2.4919863,0.0287,2.415,6.28,0.01975909,37.8871
TOI-1203 b,1,Radial Velocity,2025,Published Confirmed,0,4.1572888,0.04869,1.52,3.51,0.0110437,64.9943
TOI-1203 c,1,Radial Velocity,2025,Published Confirmed,0,13.0766,,,5.46,0.01717908,64.9943
TOI-1203 e,1,Radial Velocity,2025,Published Confirmed,0,204.59,,,42.1,0.13246141,64.9943
TOI-1203.01,1,Transit,2021,Published Confirmed,0,25.502672,0.1632,2.918,7.39,0.02325154,64.9943
TOI-122 b,1,Transit,2020,Published Confirmed,0,5.07803,0.0392,2.72,,,62.118
TOI-1221 b,1,Transit,2023,Published Confirmed,0,91.68278,0.387,2.91,1112.3994245,3.5,138.411
TOI-1224 b,1,Transit,2024,Published Confirmed,0,4.1782745,0.0355,2.104,,,37.3312
TOI-1224 c,1,Transit,2024,Published Confirmed,0,17.945466,,2.884,,,37.3312
TOI-1226 b,1,Transit,2026,Published Confirmed,0,3.92880881576,,2.4101112,,,257.93
TOI-1227 b,1,Transit,2022,Published Confirmed,0,27.36397,0.0886,9.57246952,,,100.641
TOI-1230.01,1,Transit,2021,TESS Project Candidate,0,25.05713123288,,3.23968384,,,143.138
TOI-1231 b,1,Transit,2021,Published Confirmed,0,24.245586,0.1288,3.65,15.4,0.04845382,27.6227
TOI-1232 b,1,Transit,2026,Published Confirmed,0,14.256,0.117,10.92875618,220.57291446,0.694,328.604
TOI-1232 c,1,Transit Timing Variations,2026,Published Confirmed,0,30.356,0.194,,58.48042689,0.184,328.604
TOI-1233.01,1,Transit,2021,Published Confirmed,0,14.175685,0.1074,2.539,,,64.5978
TOI-1235 b,1,Transit,2020,Published Confirmed,0,3.444714,,1.69,6.69,0.02104909,39.6345
TOI-1238 b,1,Transit,2022,Published Confirmed,0,0.764597,0.0139,1.21,3.76,0.01183028,70.7145
TOI-1238 c,1,Transit,2022,Published Confirmed,0,3.294736,0.037,2.11,8.32,0.02617765,70.7145
TOI-1243 b,1,Transit,2026,Published Confirmed,0,4.6594779,,2.33,7.7,0.02422691,43.1865
TOI-1244 b,1,Transit,2024,Published Confirmed,0,6.400316483,0.060694,2.467,,,102.551
TOI-1246 b,1,Transit,2022,Published Confirmed,0,4.30744,0.049,3.01,8.1,0.02548545,169.422
TOI-1246 c,1,Transit,2022,Published Confirmed,0,5.904137,0.061,2.45109846,9.1,0.0286318,169.422
TOI-1246 d,1,Transit,2022,Published Confirmed,0,18.654874,0.132,3.43139739,5.4,0.0169903,169.422
TOI-1246 e,1,Transit,2022,Published Confirmed,0,37.92548,0.212,3.5141875,14.5,0.0456221,169.422
TOI-1248 b,1,Transit,2024,Published Confirmed,0,4.3601561,0.051,6.8084859,27.4,0.08621004,168.735
TOI-1249 b,1,Transit,2024,Published Confirmed,0,13.079151,0.109,3.2710301,11.9,0.03744159,139.49
TOI-125 b,1,Transit,2019,Published Confirmed,0,4.65382,0.05186,2.726,9.5,0.02989019,111.059
TOI-125 c,1,Transit,2019,Published Confirmed,0,9.15059,0.0814,2.759,6.63,0.02086021,111.059
TOI-125 d,1,Transit,2020,Published Confirmed,0,19.98,0.137,2.93,13.6,0.04279017,111.059
TOI-1259 A b,1,Transit,2021,Published Confirmed,0,3.4779792,0.0408,11.6,141.0,0.44363561,118.106
TOI-1260 b,1,Transit,2021,Published Confirmed,0,3.127463,0.0367,2.41,8.56,0.02693277,73.5977
TOI-1260 c,1,Transit,2021,Published Confirmed,0,7.493134,0.0657,2.76,13.2,0.04153184,73.5977
TOI-1260 d,1,Transit,2022,Published Confirmed,0,16.608164,0.1116,3.12,11.84,0.03725281,73.5977
TOI-1266 b,1,Transit,2020,Published Confirmed,0,10.8945,0.073,2.52,4.46,0.01403273,36.0118
TOI-1266 c,1,Transit,2020,Published Confirmed,0,18.8027,0.105,1.98,3.17,0.00997394,36.0118
TOI-1266 d,1,Transit Timing Variations,2025,Published Confirmed,0,32.509,0.1513,,3.68,0.01157857,36.0118
TOI-1268 b,1,Transit,2022,Published Confirmed,0,8.1577094,0.0711,9.1,96.4,0.30330832,109.557
TOI-1269 b,1,Transit,2024,Published Confirmed,0,4.2529913,0.0496,2.40144286,6.4,0.02013665,172.138
TOI-1269 c,1,Transit,2026,Published Confirmed,0,9.23786144195,,2.22999162,,,172.138
TOI-1272 b,1,Transit,2022,Published Confirmed,0,3.3159765,0.041,4.26,24.1,0.07582708,137.572
TOI-1273 b,1,Transit,2024,Published Confirmed,0,4.631296,0.0549,11.09689089,70.55790635,0.222,177.118
TOI-1278 b,1,Transit,2021,Published Confirmed,0,14.47567,0.095,12.21778896,5879.8255295,18.5,75.5759
TOI-1279 b,1,Transit,2024,Published Confirmed,0,9.61419,0.085,2.66146528,10.6,0.03335133,107.055
TOI-128.01,1,Transit,2024,Published Confirmed,0,4.9404681,0.05381019,2.21898,,,68.4727
TOI-1288 b,1,Transit,2022,Published Confirmed,0,2.6998279,0.0374,4.96846551,44.1,0.13875412,114.865
TOI-1288 c,1,Radial Velocity,2022,Published Confirmed,0,416.0,1.07,,85.7,0.26964235,114.865
TOI-1291 b,1,Transit,2026,Published Confirmed,0,7.1620097551,,5.63826391,,,428.123
TOI-1294 b,1,Transit,2024,Published Confirmed,0,3.915292,0.051,10.12369881,63.9,0.20105188,332.648
TOI-1294 c,1,Radial Velocity,2024,Published Confirmed,0,159.9,0.61,,147.0,0.46251372,332.648
TOI-1295 b,1,Transit,2024,Published Confirmed,0,3.1968838,0.047,15.69257298,451.31633794,1.42,388.227
TOI-1296 b,1,Transit,2021,Published Confirmed,0,3.9443736,0.051,14.11645916,95.3,0.29984733,323.265
TOI-1298 b,1,Transit,2021,Published Confirmed,0,4.537143,0.057,9.65807033,99.0,0.31148883,319.036
TOI-1301.01,1,Transit,2024,Published Confirmed,0,6.096407209,0.059866,2.477,,,90.8693
TOI-132 b,1,Transit,2020,Published Confirmed,0,2.1097019,0.026,3.42,22.4,0.07047793,163.678
TOI-1333 b,1,Transit,2021,Published Confirmed,0,4.720219,0.0626,15.647764,753.2571,2.37,200.492
TOI-1338 b,1,Transit,2020,Published Confirmed,0,95.4001,,7.661,11.3,0.0355,399.017
TOI-1338 c,1,Radial Velocity,2023,Published Confirmed,0,215.79,,,75.4,0.23723493,399.017
TOI-1346 b,1,Transit,2025,Published Confirmed,0,1.7622538,,2.39,,,115.45
TOI-1346 c,1,Transit,2025,Published Confirmed,0,5.502558,,2.23,,,115.45
TOI-1347 b,1,Transit,2024,Published Confirmed,0,0.84742346,,1.8,11.1,0.03492451,147.476
TOI-1347 c,1,Transit,2024,Published Confirmed,0,4.841962,,1.6,6.4,0.02013665,147.476
TOI-1386 b,1,Transit,2024,Published Confirmed,0,25.8401,0.173,6.2163865,45.8,0.14410292,146.858
TOI-1386 c,1,Radial Velocity,2024,Published Confirmed,0,232.0,0.75,,75.2,0.23660566,146.858
TOI-139 b,1,Transit,2023,Published Confirmed,0,11.07085,,2.4566,,,42.4061
TOI-1408 b,1,Transit,2023,Published Confirmed,0,4.42587,0.05778,25.0,593.0,1.86578665,139.484
TOI-1408 c,1,Transit Timing Variations,2024,Published Confirmed,0,2.1664,0.03587,2.22,7.6,0.02391227,139.484
TOI-1410 c,1,Radial Velocity,2024,Published Confirmed,0,47.56,0.239,,27.0,0.0849515,72.7512
TOI-1410.01,1,Transit,2024,Published Confirmed,0,1.21687,0.0207,3.10083009,12.5,0.0393294,72.7512
TOI-1411 b,1,Transit,2022,Published Confirmed,0,1.4520527,0.02122,1.19880592,2.0,0.0062927,32.4778
TOI-1416 b,1,Transit,2023,Published Confirmed,0,1.0697568,0.019,1.62,3.48,0.0109493,55.0135
TOI-1420 b,1,Transit,2023,Published Confirmed,0,6.9561063,0.071,11.89,25.1,0.07897343,201.918
TOI-1422 b,1,Transit,2022,Published Confirmed,0,12.99894,0.107,3.83,9.5,0.02989034,155.141
TOI-1422 c,1,Radial Velocity,2025,Published Confirmed,0,34.5633,0.205,2.61,14.0,0.04404893,155.141
TOI-1431 b,1,Transit,2021,Published Confirmed,0,2.650237,0.046,16.70138124,991.62462984,3.12,148.925
TOI-1437 b,1,Transit,2024,Published Confirmed,0,18.840942,0.14,2.24,9.6,0.03020498,103.297
TOI-1438 b,1,Transit,2025,Published Confirmed,0,5.13967,0.0553,3.04,9.4,0.02957571,110.513
TOI-1438 c,1,Transit,2025,Published Confirmed,0,9.428089,0.083,2.75,10.6,0.03335133,110.513
TOI-1439 b,1,Transit,2024,Published Confirmed,0,27.644,0.192,4.2427861,38.5,0.12113455,230.306
TOI-1442 b,1,Transit,2022,Published Confirmed,0,0.4090677,0.0071,1.17,,,41.1659
TOI-1443 b,1,Transit,2024,Published Confirmed,0,23.540678,0.147,2.30381001,30.0,0.09439056,85.8034
TOI-1444 b,1,Transit,2021,Published Confirmed,0,0.4702743,0.0116,1.41792246,3.58,0.01126394,125.463
TOI-1448 b,1,Transit,2024,Published Confirmed,0,8.112245,0.0567,2.749,19.5,0.06135386,73.3345
TOI-1450 A b,1,Transit,2024,Published Confirmed,0,2.0439274,,1.13,1.258,0.00395811,22.4467
TOI-1450 A c,1,Transit,2024,Published Confirmed,0,5.0688,,,1.527,0.00480448,22.4467
TOI-1451 b,1,Transit,2024,Published Confirmed,0,16.537944,0.127,2.61143902,15.2,0.04782455,91.9362
TOI-1452 b,1,Transit,2022,Published Confirmed,0,11.06201,0.061,1.672,4.82,0.01516542,30.5212
TOI-1453 b,1,Transit,2025,Published Confirmed,0,4.3135225,,1.173,2.32,0.00729954,78.7415
TOI-1453 c,1,Transit,2025,Published Confirmed,0,6.5886982,,2.224,2.95,0.00928174,78.7415
TOI-1466 b,1,Transit,2026,Published Confirmed,0,1.87190602231,,2.46741991,,,86.5783
TOI-1467 b,1,Transit,2024,Published Confirmed,0,5.97114713,0.050748,1.92,,,37.4418
TOI-1468 b,1,Transit,2022,Published Confirmed,0,1.8805201,0.02107,1.401,3.04,0.00956491,24.7399
TOI-1468 c,1,Transit,2022,Published Confirmed,0,15.532477,0.08608,2.126,4.1,0.01290004,24.7399
TOI-1470 b,1,Transit,2023,Published Confirmed,0,2.527093,0.0285,2.18,7.32,0.0230313,51.9503
TOI-1470 c,1,Transit,2023,Published Confirmed,0,18.08816,0.106,2.47,7.24,0.02277959,51.9503
TOI-1472 b,1,Transit,2024,Published Confirmed,0,6.36338574,0.064,4.058,18.05,0.057,121.84
TOI-1472 c,1,Radial Velocity,2025,Published Confirmed,0,15.5381747,0.116,3.334,21.13,0.067,121.84
TOI-1478 b,1,Transit,2021,Published Confirmed,0,10.1802117,0.0818,11.99360935,279.68899816,0.88,152.892
TOI-150.01,1,Transit,2019,Published Confirmed,0,5.857487,0.07037,14.067295,797.7533,2.51,336.267
TOI-1516 b,1,Transit,2022,Published Confirmed,0,2.056014,,15.24421375,1004.33776612,3.16,247.054
TOI-1518 b,1,Transit,2021,Published Confirmed,0,1.90261131,0.03712,21.05046575,581.62598481,1.83,225.888
TOI-1533 b,1,Transit,2026,Published Confirmed,0,3.6457974,0.0445,2.89,28.1,0.08841249,100.051
TOI-1533 c,1,Transit,2026,Published Confirmed,0,8.0637926,0.076,7.5,36.6,0.11515648,100.051
TOI-157 b,1,Transit,2020,Published Confirmed,0,2.0845435,0.03138,14.414774,375.0394,1.18,355.683
TOI-159 b,1,Transit,2026,Published Confirmed,0,3.7628396,0.056,18.18,1110.0,3.49,347.593
TOI-1601 b,1,Transit,2021,Published Confirmed,0,5.33175,0.069,14.19902343,387.0,1.21763817,336.608
TOI-163 b,1,Transit,2019,Published Confirmed,0,4.231306,0.058,16.690201,387.7526,1.22,411.719
TOI-1630.01,1,Transit,2024,Published Confirmed,0,12.055734733,0.101151,2.417,,,66.0929
TOI-1634 b,1,Transit,2021,Published Confirmed,0,0.98934551,0.01544,1.759,4.9,0.01541712,35.2736
TOI-1634 c,1,Radial Velocity,2022,Published Confirmed,0,103.0,,,,,35.2736
TOI-1648 b,1,Transit,2025,Published Confirmed,0,7.331602,0.0694,2.54,7.4,0.0233,69.835
TOI-1659.01,1,Transit,2024,Published Confirmed,0,5.877556328,0.065757,2.255,,,122.494
TOI-1669 b,1,Radial Velocity,2023,Published Confirmed,0,500.0,1.27,,191.0,0.60095321,111.276
TOI-1669 c,1,Transit,2024,Published Confirmed,0,2.6800535,0.0376,2.2963977,13.0,0.04090257,111.276
TOI-1670 b,1,Transit,2022,Published Confirmed,0,10.98462,0.103,2.06,41.31769291,0.13,168.067
TOI-1670 c,1,Transit,2022,Published Confirmed,0,40.74976,0.249,11.06326395,200.23189641,0.63,168.067
TOI-1680 b,1,Transit,2023,Published Confirmed,0,4.8026345,0.03144,1.466,,,37.2209
TOI-1683.01,1,Transit,2024,Published Confirmed,0,3.0575356,0.036507593,2.6382,,,51.1884
TOI-1685 b,1,Transit,2021,Published Confirmed,0,0.66913923,0.01164,1.421,3.07,0.0096593,37.6153
TOI-169 b,1,Transit,2020,Published Confirmed,0,2.2554477,0.03524,12.172974,251.40353,0.791,407.84
TOI-1691 b,1,Transit,2024,Published Confirmed,0,16.736888935,0.129365,3.66,,,111.445
TOI-1693 b,1,Transit,2022,Published Confirmed,0,1.7666957,0.0226,1.41,,,30.7947
TOI-1694 b,1,Transit,2023,Published Confirmed,0,3.7701389,0.0445,5.27,28.24,0.08885298,124.68
TOI-1694 c,1,Radial Velocity,2023,Published Confirmed,0,386.25,0.974,,316.55709337,0.996,124.68
TOI-1695 b,1,Transit,2022,Published Confirmed,0,3.1342791,0.033548,1.9,6.36,0.0200108,45.1309
TOI-1696 b,1,Transit,2022,Published Confirmed,0,2.500311,0.0229,3.09,48.8,0.15354197,64.9172
TOI-1710 b,1,Transit,2022,Published Confirmed,0,24.28336,0.1652,5.06,19.1,0.06009532,81.2271
TOI-1716.01,1,Transit,2024,Published Confirmed,0,8.082376554,0.080496,3.143,,,104.158
TOI-1718 b,1,Transit,2026,Published Confirmed,0,5.58703768615,,4.10824994,,,52.3044
TOI-172 b,1,Transit,2019,Published Confirmed,0,9.47725,0.0914,10.816685,1722.6386,5.42,342.831
TOI-1722 b,1,Transit,2026,Published Confirmed,0,9.60523206943,,4.38298108,,,136.419
TOI-1723 b,1,Transit,2024,Published Confirmed,0,13.727012643,0.113496,3.435,,,100.727
TOI-1728 b,1,Transit,2020,Published Confirmed,0,3.49151,0.0391,5.05,26.78,0.08425888,60.798
TOI-1732 b,1,Transit,2026,Published Confirmed,0,4.11923678339,,2.49549787,,,74.7599
TOI-1736 b,1,Transit,2023,Published Confirmed,0,7.073076,0.073,3.18175535,12.3,0.03870013,88.9482
TOI-1736 c,1,Radial Velocity,2023,Published Confirmed,0,571.25,1.37,,2441.0,7.68024489,88.9482
TOI-1739 b,1,Transit,2024,Published Confirmed,0,8.303341406,0.073872,1.946,,,70.9819
TOI-1742 b,1,Transit,2024,Published Confirmed,0,21.269084,0.154,2.36507598,9.7,0.03051961,72.8871
TOI-1743 b,1,Transit,2025,Published Confirmed,0,4.266046,0.03589,1.83,,,41.2758
TOI-1744.01,1,Transit,2024,Published Confirmed,0,22.341702927,0.164086,2.68,,,114.39
TOI-1749 b,1,Transit,2021,Published Confirmed,0,2.38839,0.0291,1.39,57.0,0.17934206,99.5561
TOI-1749 c,1,Transit,2021,Published Confirmed,0,4.4929,0.0443,2.12,14.0,0.04404893,99.5561
TOI-1749 d,1,Transit,2021,Published Confirmed,0,9.0497,0.0707,2.52,15.0,0.04719528,99.5561
TOI-1750 b,1,Transit,2026,Published Confirmed,0,11.33727129656,,2.78943837,,,162.46
TOI-1751 b,1,Transit,2024,Published Confirmed,0,37.46852,0.215,2.9507845,19.5,0.06135386,113.335
TOI-1752 b,1,Transit,2026,Published Confirmed,0,0.9351861,0.01624,1.693,,,103.021
TOI-1752 c,1,Transit,2026,Published Confirmed,0,32.71443,0.1614,2.29,,,103.021
TOI-1753 b,1,Transit,2024,Published Confirmed,0,5.3846104,0.059,2.47852533,16.6,0.05222944,226.671
TOI-1756 b,1,Transit,2026,Published Confirmed,0,2.78301736297,,1.94225664,,,86.7159
TOI-1758 b,1,Transit,2024,Published Confirmed,0,20.705074685,0.141409,3.62,,,96.6215
TOI-1759 b,1,Transit,2022,Published Confirmed,0,18.85019,0.1177,3.14,10.8,0.0339806,40.0654
TOI-1768.01,1,Transit,2024,Published Confirmed,0,7.337703649,0.076381,3.453,,,157.597
TOI-1772.01,1,Transit,2024,Published Confirmed,0,8.054246874,0.078375,2.905,,,97.7562
TOI-1774.01,1,Transit,2021,Published Confirmed,0,16.70988,,2.78,8.5,0.02674399,53.974
TOI-1775 b,1,Transit,2024,Published Confirmed,0,10.2405549,0.08,8.04728896,96.0,0.30204978,149.234
TOI-1776 b,1,Transit,2024,Published Confirmed,0,2.799868,0.0378,1.21612741,1.4,0.00440489,44.647
TOI-1777.01,1,Transit,2024,Published Confirmed,0,14.650111974,0.119466,2.246,,,79.7665
TOI-178 b,1,Transit,2021,Published Confirmed,0,1.9145601,,1.2,0.96,0.0030205,62.699
TOI-178 c,1,Transit,2021,Published Confirmed,0,3.238486,,1.754,4.64,0.01459907,62.699
TOI-178 d,1,Transit,2021,Published Confirmed,0,6.557569,,2.695,5.2,0.01636103,62.699
TOI-178 e,1,Transit,2021,Published Confirmed,0,9.96318,,2.301,3.48,0.0109493,62.699
TOI-178 f,1,Transit,2021,Published Confirmed,0,15.23335,,2.417,5.63,0.01771396,62.699
TOI-178 g,1,Transit,2021,Published Confirmed,0,20.71663,,2.939,4.4,0.01384395,62.699
TOI-1782.01,1,Transit,2024,Published Confirmed,0,4.987641028,0.05024,2.368,,,95.2649
TOI-1782.02,1,Transit,2024,Published Confirmed,0,1.829024227,0.025739,1.839,,,95.2649
TOI-1789 b,1,Transit,2021,Published Confirmed,0,3.208664,0.04882,16.14093221,222.4798849,0.7,229.067
TOI-1794 b,1,Transit,2024,Published Confirmed,0,8.765528,0.082,3.29701268,8.7,0.02737326,155.791
TOI-1798.01,1,Transit,2024,Published Confirmed,0,8.021522331,0.074984,2.448,,,113.181
TOI-1798.02,1,Transit,2024,Published Confirmed,0,0.437811822,0.010789,1.464,,,113.181
TOI-1799 b,1,Transit,2024,Published Confirmed,0,7.094570865,0.072502,1.642,,,62.1274
TOI-1801 b,1,Transit,2023,Published Confirmed,0,10.64387,,2.079,5.738,0.01805377,30.6796
TOI-1803 b,1,Transit,2025,Published Confirmed,0,6.293287,0.06,2.99,10.32,0.03247035,119.24
TOI-1803 c,1,Transit,2025,Published Confirmed,0,12.885779,0.097,4.29,8.0,0.02517081,119.24
TOI-1806.01,1,Transit,2024,Published Confirmed,0,15.1454693,0.087735044,3.4095367,,,55.5211
TOI-1807 b,1,Transit,2021,Published Confirmed,0,0.54937097,0.0122,1.49681583,2.44,0.0076771,42.5775
TOI-181 b,1,Transit,2023,Published Confirmed,0,4.532,0.0539,6.9559,46.1687,0.1452,96.2338
TOI-1811 b,1,Transit,2023,Published Confirmed,0,3.7130765,0.04389,11.14172682,308.9292116,0.972,128.23
TOI-1814 b,1,Transit,2026,Published Confirmed,0,6.36861010462,,5.18536642,,,362.522
TOI-1820 b,1,Transit,2022,Published Confirmed,0,4.860674,0.061,12.778238,731.0053361,2.3,248.504
TOI-1823 b,1,Transit,2024,Published Confirmed,0,38.8,0.212,7.5406241,67.4,0.21206412,71.6456
TOI-1824 b,1,Transit,2024,Published Confirmed,0,22.808533,0.151,2.7438269,16.0,0.05034163,59.4314
TOI-1836 b,1,Transit,2024,Published Confirmed,0,20.380799,0.1597,8.00321222,38.45723725,0.121,191.649
TOI-1836 c,1,Transit,2024,Published Confirmed,0,1.7727471,0.03089,2.59987579,8.0,0.02517081,191.649
TOI-1839 b,1,Transit,2026,Published Confirmed,0,1.42378440907,,2.21895097,,,116.086
TOI-1839 c,1,Transit,2026,Published Confirmed,0,4.02393854207,,2.40867246,,,116.086
TOI-1842 b,1,Transit,2021,Published Confirmed,0,9.5739181,0.1,12.3485023,89.4,0.28128386,223.465
TOI-1846 b,1,Transit,2025,Published Confirmed,0,3.9306737,0.03646,1.792,,,47.2496
TOI-1853 b,1,Transit,2023,Published Confirmed,0,1.2436258,0.0213,3.46,73.2,0.23031296,165.105
TOI-1855 b,1,Transit,2024,Published Confirmed,0,1.36414864,0.02398,18.49481816,360.09958513,1.133,176.833
TOI-1859 b,1,Transit,2023,Published Confirmed,0,63.48347,0.337,9.75181321,,,224.385
TOI-1860 b,1,Transit,2022,Published Confirmed,0,1.0662107,0.0204,1.31,,,45.864
TOI-1873 b,1,Transit,2026,Published Confirmed,0,7.00572708834,,2.86356397,,,182.014
TOI-1883 b,1,Transit,2024,Published Confirmed,0,4.508,0.0423,5.65,13.7,0.04310502,115.369
TOI-1898 b,1,Transit,2024,Published Confirmed,0,45.52234,0.269,9.39553231,129.0,0.40587939,79.6682
TOI-1899 b,1,Transit,2020,Published Confirmed,0,29.090312,0.1525,11.09689089,212.94503269,0.67,128.438
TOI-1937 A b,1,Transit,2023,Published Confirmed,0,0.94667944,0.01932,13.97759893,638.83509807,2.01,415.135
TOI-198 b,1,Transit,2023,Published Confirmed,0,10.215213,0.0675,1.36,3.17,0.00997394,23.7262
TOI-199 b,1,Transit,2023,Published Confirmed,0,104.854,0.4254,9.07927437,54.03082919,0.17,102.27
TOI-199 c,1,Transit Timing Variations,2023,Published Confirmed,0,273.69,0.807,,88.99195396,0.28,102.27
TOI-1994 b,1,Transit,2024,Published Confirmed,0,4.0337142,0.0613,13.67495645,7024.0077947,22.1,515.603
TOI-2000 b,1,Transit,2023,Published Confirmed,0,3.09833,0.04271,2.7,11.0,0.0347,175.713
TOI-2000 c,1,Transit,2023,Published Confirmed,0,9.127055,0.0878,8.14,81.7,0.257,175.713
TOI-2005 b,1,Transit,2025,Published Confirmed,0,17.305904,0.16,11.99360935,2034.1018048,6.4,328.475
TOI-201 b,1,Transit,2021,Published Confirmed,0,52.9786,0.303,11.4,164.0,0.51600171,113.825
TOI-201 c,1,Transit Timing Variations,2025,Published Confirmed,0,2890.0,4.37,10.4,4990.0,15.70029579,113.825
TOI-201 d,1,Transit,2026,Published Confirmed,0,5.84889,0.0698,1.39,5.8,0.01824884,113.825
TOI-2010 b,1,Transit,2023,Published Confirmed,0,141.834025,0.5516,11.81426566,408.7273314,1.286,109.19
TOI-2015 b,1,Transit,2023,Published Confirmed,0,3.348237,0.029322,3.309,9.2,0.02894644,47.3444
TOI-2015 c,1,Transit Timing Variations,2025,Published Confirmed,0,5.582796,0.041232,,8.91,0.028034,47.3444
TOI-2018 b,1,Transit,2023,Published Confirmed,0,7.435583,,2.268,9.2,0.02894644,27.9956
TOI-2019 b,1,Transit,2024,Published Confirmed,0,15.3444,0.128,5.33275337,34.4,0.1082345,198.007
TOI-2025 b,1,Transit,2022,Published Confirmed,0,8.8720982,0.0892,11.89272852,1144.1822652,3.6,335.985
TOI-2031 A b,1,Transit,2025,Published Confirmed,0,5.71548654,0.066,14.20177855,254.2627256,0.8,276.105
TOI-2040 b,1,Transit,2026,Published Confirmed,0,3.8608576,0.0473,10.32347122,248.22398587,0.781,144.717
TOI-2046 b,1,Transit,2022,Published Confirmed,0,1.4971842,,16.14093221,731.0053361,2.3,289.668
TOI-2048 b,1,Transit,2022,Published Confirmed,0,13.79019,,2.61,,,116.567
TOI-2049 b,1,Transit,2026,Published Confirmed,0,5.303468,0.06919,16.64533634,486.27746271,1.53,571.487
TOI-205 b,1,Transit,2026,Published Confirmed,0,4.25300773815,,2.50121142,,,177.759
TOI-206 b,1,Transit,2022,Published Confirmed,0,0.7363104,0.0112,1.3,,,47.7465
TOI-2068 b,1,Transit,2024,Published Confirmed,0,7.768915,0.0632,1.821,,,52.9328
TOI-2071 b,1,Transit,2026,Published Confirmed,0,5.67395386982,,2.56484195,,,231.311
TOI-2076 b,1,Transit,2021,Published Confirmed,0,10.35504,0.08781,2.59,6.7,0.02108056,41.9091
TOI-2076 c,1,Transit,2021,Published Confirmed,0,21.01447,0.1407,3.54,7.2,0.02265373,41.9091
TOI-2076 d,1,Transit,2021,Published Confirmed,0,35.12803,0.1982,3.27,7.3,0.02296837,41.9091
TOI-2076 e,1,Transit,2025,Published Confirmed,0,3.0223753,0.03863,1.301,4.7,0.01478785,41.9091
TOI-2081 b,1,Transit,2022,Published Confirmed,0,10.50534,0.0752,2.04,,,62.3446
TOI-2084 b,1,Transit,2023,Published Confirmed,0,6.0784247,0.05006,2.47,,,114.549
TOI-2088 b,1,Transit,2024,Published Confirmed,0,124.72997,0.472,3.6831179,37.0,0.11641502,126.46
TOI-209 b,1,Transit,2026,Published Confirmed,0,4.37943587445,,2.3947209,,,113.387
TOI-2092 b,1,Transit,2026,Published Confirmed,0,4.30325528074,,2.94892961,,,176.759
TOI-2093 b,1,Radial Velocity,2025,Published Confirmed,0,12.836,0.097,,10.6,0.03335133,82.7982
TOI-2093 c,1,Transit,2025,Published Confirmed,0,53.81149,0.257,2.3,15.8,0.04971236,82.7982
TOI-2094 b,1,Transit,2026,Published Confirmed,0,18.793193,0.136,1.9,,,50.0248
TOI-2095 b,1,Transit,2023,Published Confirmed,0,17.66484,0.101,1.25,4.1,0.01290004,41.9176
TOI-2095 c,1,Transit,2023,Published Confirmed,0,28.17232,0.137,1.33,7.4,0.023283,41.9176
TOI-2096 b,1,Transit,2023,Published Confirmed,0,3.1190633,0.025,1.243,,,48.4809
TOI-2096 c,1,Transit,2023,Published Confirmed,0,6.38784,0.04,1.914,,,48.4809
TOI-2104 b,1,Transit,2026,Published Confirmed,0,5.904370457,,1.52898127,,,76.7418
TOI-2107 b,1,Transit,2024,Published Confirmed,0,2.4545467,0.03515,13.57407563,263.79757781,0.83,236.705
TOI-2109 b,1,Transit,2021,Published Confirmed,0,0.67247414,0.01791,15.098497,1595.49860314,5.02,262.041
TOI-2120 b,1,Transit,2024,Published Confirmed,0,5.7998164,0.0377,2.122,6.8,0.02139519,32.1755
TOI-2128 b,1,Transit,2024,Published Confirmed,0,16.34136,0.127,2.08874836,4.5,0.01415858,36.578
TOI-2133 b,1,Transit,2026,Published Confirmed,0,3.8266472,0.041,2.37,,,75.1973
TOI-2134 b,1,Transit,2023,Published Confirmed,0,9.229198,0.07803,2.735,9.37,0.02948132,22.6202
TOI-2134 c,1,Transit,2023,Published Confirmed,0,95.85284,0.3715,7.35,58.3,0.18343231,22.6202
TOI-2136 b,1,Transit,2022,Published Confirmed,0,7.851928,0.057,2.19,6.37,0.02004226,33.3631
TOI-2141 b,1,Transit,2023,Published Confirmed,0,18.261608,0.1322,3.147,20.1,0.06324167,77.682
TOI-2141 c,1,Radial Velocity,2025,Published Confirmed,0,5.4624,0.0585,,6.14,0.0193186,77.682
TOI-2141 d,1,Radial Velocity,2025,Published Confirmed,0,60.45,0.2906,,14.9,0.04688064,77.682
TOI-2145 b,1,Transit,2023,Published Confirmed,0,10.261128,0.1117,12.24020692,1805.26535176,5.68,224.731
TOI-2147 b,1,Transit,2026,Published Confirmed,0,26.20518,0.172,10.5,116.0,0.36497682,282.108
TOI-2152 A b,1,Transit,2023,Published Confirmed,0,3.3773512,0.05064,14.35870428,899.45439181,2.83,303.006
TOI-2154 b,1,Transit,2023,Published Confirmed,0,3.8240801,0.0513,16.28664896,292.40213444,0.92,296.46
TOI-2158 b,1,Transit,2022,Published Confirmed,0,8.60077,0.075,10.76062147,260.61929374,0.82,198.473
TOI-216.01,1,Transit,2019,Published Confirmed,0,34.525528,,10.1,177.98390792,0.56,177.945
TOI-216.02,1,Transit,2019,Published Confirmed,0,17.16073,,8.0,18.75187601,0.059,177.945
TOI-2169 A b,1,Transit,2025,Published Confirmed,0,8.2148282,0.0896,12.50922246,329.58805806,1.037,351.487
TOI-2180 b,1,Transit,2022,Published Confirmed,0,260.79,0.828,11.32107051,875.61726129,2.755,116.685
TOI-2184 b,1,Transit,2022,Published Confirmed,0,6.90683,,11.39953337,206.58846455,0.65,788.317
TOI-2193 A b,1,Transit,2022,Published Confirmed,0,2.1225735,0.03319,19.83989584,298.75870258,0.94,337.064
TOI-2194 b,1,Transit,2023,Published Confirmed,0,15.337597,,1.9892,,,19.5711
TOI-2196 b,1,Transit,2022,Published Confirmed,0,1.1947268,0.02234,3.51,26.0,0.08180515,259.947
TOI-220 b,1,Transit,2021,Published Confirmed,0,10.695264,0.08911,3.03,13.8,0.04341966,90.7402
TOI-2200 b,1,Transit,2026,Published Confirmed,0,2.93602836512,,6.96310517,,,251.245
TOI-2202 b,1,Transit,2021,Published Confirmed,0,11.9126075,,10.95117414,287.31687993,0.904,235.933
TOI-2202 c,1,Transit Timing Variations,2021,Published Confirmed,0,24.6744,0.15544,,117.27868218,0.369,235.933
TOI-2207 b,1,Transit,2022,Published Confirmed,0,8.001968,0.0854,11.1529358,203.41018048,0.64,373.345
TOI-2211.01,1,Transit,2024,Published Confirmed,0,3.092686757,0.04011,1.561,,,70.2932
TOI-2227 b,1,Transit,2026,Published Confirmed,0,4.22175815648,,3.09885187,,,165.441
TOI-2236 b,1,Transit,2022,Published Confirmed,0,3.5315902,0.05009,14.36991326,502.16888306,1.58,355.59
TOI-2257 b,1,Transit,2021,Published Confirmed,0,35.189346,0.145,2.194,,,57.7911
TOI-2260 b,1,Transit,2022,Published Confirmed,0,0.3524728,0.0097,1.62,,,101.251
TOI-2266 b,1,Transit,2024,Published Confirmed,0,2.326318,0.02,1.54,,,51.6004
TOI-2267 b,1,Transit,2025,Published Confirmed,0,2.28909,0.0205,1.0,,,
TOI-2267 c,1,Transit,2025,Published Confirmed,0,3.4950412,0.0263,1.14,,,
TOI-2267 d,1,Transit,2025,Published Confirmed,0,2.0344671,0.0145,1.77,,,
TOI-2274 b,1,Transit,2024,Published Confirmed,0,2.67963,0.05,2.45,,,48.876
TOI-2285 b,1,Transit,2021,Published Confirmed,0,13.635109,,1.77,,,42.409
TOI-2295 b,1,Transit,2024,Published Confirmed,0,30.033302,0.1992,16.47720163,278.09985612,0.875,126.279
TOI-2295 c,1,Radial Velocity,2024,Published Confirmed,0,966.5,2.018,,1783.01736327,5.61,126.279
TOI-2322 b,1,Transit,2025,Published Confirmed,0,11.30717,0.0924,0.994,2.31,0.00726807,59.861
TOI-2322 c,1,Transit,2025,Published Confirmed,0,20.225528,0.1362,1.874,18.1,0.05694897,59.861
TOI-2328 b,1,Transit,2025,Published Confirmed,0,17.10197,0.127,9.97599282,50.85254512,0.16,231.782
TOI-2337 b,1,Transit,2022,Published Confirmed,0,2.99432,,10.08808263,508.5254512,1.6,536.046
TOI-2338 b,1,Transit,2023,Published Confirmed,0,22.65398,0.158,11.2089807,1900.61387386,5.98,313.996
TOI-2345 b,1,Transit,2025,Published Confirmed,0,1.0528573,0.01705,1.504,3.49,0.01098077,81.6541
TOI-2345 c,1,Transit,2025,Published Confirmed,0,21.064302,0.1257,2.451,7.27,0.02287398,81.6541
TOI-2346 b,1,Transit,2025,Published Confirmed,0,3.3312029,0.0473,16.11851425,394.10722468,1.24,437.484
TOI-2364 b,1,Transit,2023,Published Confirmed,0,4.0197517,0.04871,8.60849718,71.51139158,0.225,219.614
TOI-2368 b,1,Transit,2024,Published Confirmed,0,5.1750073,0.05649,10.83908434,206.58846455,0.65,210.915
TOI-237 b,1,Transit,2020,Published Confirmed,0,5.436098,0.0341,1.44,,,38.0749
TOI-237 c,1,Transit,2026,Published Confirmed,0,1.74486147,0.016,1.206,,,38.0749
TOI-2373 b,1,Transit,2023,Published Confirmed,0,13.33668,0.112,10.42435205,2955.8041851,9.3,508.686
TOI-2374 b,1,Transit,2024,Published Confirmed,0,4.3136193,0.04818,7.48759911,61.65871096,0.194,134.655
TOI-2379 b,1,Transit,2024,Published Confirmed,0,5.4693827,0.05263,11.72459381,1830.69162432,5.76,211.247
TOI-238 b,1,Transit,2024,Published Confirmed,0,1.273099,0.0212,1.559,3.37,0.01060321,80.5407
TOI-238 c,1,Radial Velocity,2024,Published Confirmed,0,8.465651,0.0749,2.18,6.7,0.02108056,80.5407
TOI-2382 b,1,Transit,2025,Published Confirmed,0,4.6612061,0.059,12.25141591,235.19302118,0.74,434.92
TOI-2384 b,1,Transit,2024,Published Confirmed,0,2.13570304,0.02793,11.48920522,624.85064816,1.966,191.51
TOI-2406 b,1,Transit,2021,Published Confirmed,0,3.0766891,0.02267,2.86,15.6,0.04908309,55.419
TOI-2407 b,1,Transit,2025,Published Confirmed,0,2.702969,0.033,4.26,,,92.4366
TOI-2411 b,1,Transit,2022,Published Confirmed,0,0.7826942,0.0144,1.68,,,59.5362
TOI-2416 b,1,Transit,2023,Published Confirmed,0,8.275479,0.0831,9.86390302,953.485221,3.0,557.733
TOI-2420 b,1,Transit,2024,Published Confirmed,0,5.842641,0.0684,15.02003414,294.62693329,0.927,435.174
TOI-2421 b,1,Transit,2022,Published Confirmed,0,4.3474032,0.0543,10.36830715,105.83685953,0.333,327.927
TOI-2427 b,1,Transit,2022,Published Confirmed,0,1.3060011,0.0202,1.8,,,28.5147
TOI-2431 b,1,Transit,2026,Published Confirmed,0,0.22419578,0.0063,1.534,6.2,0.01950738,36.0559
TOI-244 b,1,Transit,2023,Published Confirmed,0,7.397225,0.0559,1.52,2.68,0.00843222,22.0337
TOI-2443 b,1,Transit,2023,Published Confirmed,0,15.66858,0.105,2.363,4.8,0.01510249,23.9258
TOI-2445 b,1,Transit,2022,Published Confirmed,0,0.3711281,0.0064,1.25,,,48.582
TOI-2447 b,1,Transit,2024,Published Confirmed,0,69.33684,0.347,9.60609646,124.90656395,0.393,148.987
TOI-2449 b,1,Transit,2025,Published Confirmed,0,106.14468,0.45,11.24,222.0,0.7,156.786
TOI-2453 b,1,Transit,2026,Published Confirmed,0,4.44143463188,,3.24380341,,,81.9043
TOI-2458 b,1,Transit,2024,Published Confirmed,0,3.73659,0.0482,2.83,13.31,0.04187794,112.958
TOI-2458 c,1,Radial Velocity,2024,Published Confirmed,0,16.553,0.129,,10.22,0.03215572,112.958
TOI-2459 b,1,Transit,2023,Published Confirmed,0,19.104718,,2.9531,,,36.6113
TOI-2485 b,1,Transit,2024,Published Confirmed,0,11.23479,0.1093,12.1393261,766.60211768,2.412,397.953
TOI-2497 b,1,Transit,2023,Published Confirmed,0,10.655669,0.1166,11.14172682,1531.93292174,4.82,285.289
TOI-2498 b,1,Transit,2023,Published Confirmed,0,3.738252,0.0491,6.06,34.62,0.1089267,275.265
TOI-251 b,1,Transit,2021,Published Confirmed,0,4.93777,0.05741,2.74,317.83,1.0,99.523
TOI-2518 b,1,Transit,2026,Published Confirmed,0,6.89797425216,,2.26838675,,,160.825
TOI-2524 b,1,Transit,2023,Published Confirmed,0,7.18585,0.073,11.2089807,203.41018048,0.64,438.842
TOI-2525 b,1,Transit,2023,Published Confirmed,0,23.2856,0.1511,8.67575106,26.69758619,0.084,395.398
TOI-2525 c,1,Transit,2023,Published Confirmed,0,49.2519,0.249,10.13291855,208.8132634,0.657,395.398
TOI-2529 b,1,Transit,2024,Published Confirmed,0,64.5949,0.327,11.54525012,743.71847238,2.34,296.271
TOI-2537 b,1,Transit,2024,Published Confirmed,0,94.1022,0.3715,11.25381662,415.40172795,1.307,184.986
TOI-2537 c,1,Radial Velocity,2024,Published Confirmed,0,1920.0,2.78,,2297.89938261,7.23,184.986
TOI-2545 b,1,Transit,2022,Published Confirmed,0,7.994037,,2.75,,,107.118
TOI-2567 b,1,Transit,2022,Published Confirmed,0,5.983944,0.0672,10.92875618,63.88350981,0.201,504.775
TOI-257 b,1,Transit,2021,Published Confirmed,0,18.38818,0.1528,7.16253867,43.86032017,0.138,76.9028
TOI-2570 b,1,Transit,2022,Published Confirmed,0,2.9887615,0.04145,13.64132951,260.61929374,0.82,361.857
TOI-2578 b,1,Transit,2026,Published Confirmed,0,3.4579667,0.0495,19.66055215,167.17774208,0.526,285.53
TOI-2580 b,1,Transit,2024,Published Confirmed,0,3.39775,0.048,17.37392009,200.23189641,0.63,379.253
TOI-2583 A b,1,Transit,2023,Published Confirmed,0,4.5207265,0.0571,14.4595851,79.45710175,0.25,566.189
TOI-2587 A b,1,Transit,2023,Published Confirmed,0,5.45664,0.0635,12.07207221,69.28659273,0.218,373.675
TOI-2589 b,1,Transit,2023,Published Confirmed,0,61.6277,0.3,12.10569916,1112.3994245,3.5,200.273
TOI-260 b,1,Transit,2024,Published Confirmed,0,13.475853,0.0943,1.71,4.23,0.01330907,20.1852
TOI-261.01,1,Transit,2021,Published Confirmed,0,3.3639254,0.034792189,3.0449863,,,114.495
TOI-261.02,1,Transit,2021,TESS Project Candidate,0,13.03935862135,,3.34822227,,,114.495
TOI-262 b,1,Transit,2023,Published Confirmed,0,11.14529,0.163,2.07,,,43.932
TOI-2641 b,1,Transit,2023,Published Confirmed,0,4.880974,0.0607,18.10250383,122.6817651,0.386,344.045
TOI-2654 b,1,Transit,2026,Published Confirmed,0,2.96760425926,,7.94454164,,,248.964
TOI-2669 b,1,Transit,2022,Published Confirmed,0,6.2034,,19.72780603,193.87532827,0.61,393.443
TOI-269 b,1,Transit,2021,Published Confirmed,0,3.6977104,0.0345,2.77,8.8,0.0276879,57.0225
TOI-270 b,1,Transit,2019,Published Confirmed,0,3.35992,,1.28,1.48,0.0046566,22.4793
TOI-270 c,1,Transit,2019,Published Confirmed,0,5.66051,,2.33,6.2,0.01950738,22.4793
TOI-270 d,1,Transit,2019,Published Confirmed,0,11.38194,,2.0,4.2,0.01321468,22.4793
TOI-2714 b,1,Transit,2024,Published Confirmed,0,2.499387,0.036,13.72,228.0,0.71736822,597.873
TOI-2719 b,1,Transit,2025,Published Confirmed,0,3.37594,,5.98,,,588.368
TOI-2768 b,1,Transit,2024,Published Confirmed,0,1.50801,0.027,2.63,,,78.4525
TOI-277 b,1,Transit,2022,Published Confirmed,0,3.994,0.0269,2.65,,,64.6692
TOI-2796 b,1,Transit,2023,Published Confirmed,0,4.8084983,0.0569,17.26183028,139.84449908,0.44,350.343
TOI-2803 A b,1,Transit,2023,Published Confirmed,0,1.96229325,0.03185,18.11371281,309.88269682,0.975,494.818
TOI-2818 b,1,Transit,2023,Published Confirmed,0,4.039709,0.0493,15.27784069,225.65816897,0.71,312.674
TOI-283 b,1,Transit,2025,Published Confirmed,0,17.61745,0.123,2.34,6.54,0.02057714,82.7013
TOI-2842 b,1,Transit,2023,Published Confirmed,0,3.5514058,0.0475,12.84549188,117.59651059,0.37,460.995
TOI-286 b,1,Transit,2024,Published Confirmed,0,4.5117244,0.0503,1.42,4.53,0.01425297,59.2293
TOI-286 c,1,Transit,2024,Published Confirmed,0,39.361826,0.213,1.88,3.72,0.01170443,59.2293
TOI-2876 b,1,Transit,2025,Published Confirmed,0,6.2996431,0.0654,9.6397234,54.03082919,0.17,225.744
TOI-2886 b,1,Transit,2025,Published Confirmed,0,1.60200105,0.02871,18.6405349,444.9597698,1.4,413.673
TOI-2969 b,1,Transit,2025,Published Confirmed,0,1.8237146,0.0261,12.32987877,368.68095212,1.16,163.996
TOI-2977 b,1,Transit,2023,Published Confirmed,0,2.3505614,0.03386,13.15934334,533.95172376,1.68,
TOI-2981 b,1,Transit,2024,Published Confirmed,0,3.601501,0.048,13.4,638.0,2.00737249,527.789
TOI-2986 b,1,Transit,2025,Published Confirmed,0,3.2783662,0.04489,9.292245,96.61983573,0.304,563.149
TOI-2989 b,1,Transit,2025,Published Confirmed,0,3.122832,0.0384,12.55405838,953.485221,3.0,195.795
TOI-2992 b,1,Transit,2025,Published Confirmed,0,3.007812,0.0434,13.75341932,1058.36859531,3.33,542.026
TOI-3023 b,1,Transit,2023,Published Confirmed,0,3.9014971,0.0505,16.43236571,197.05361234,0.62,389.916
TOI-3071 b,1,Transit,2024,Published Confirmed,0,1.266938,0.0249,7.16,68.2,0.2145812,485.219
TOI-3082 b,1,Transit,2023,Published Confirmed,0,1.926907,,3.6621,,,113.048
TOI-3135 b,1,Transit,2025,Published Confirmed,0,3.7065585,0.04756,13.65253849,327.36325921,1.03,221.673
TOI-3160 A b,1,Transit,2025,Published Confirmed,0,3.971281,0.0505,13.7646283,378.21580433,1.19,567.678
TOI-3235 b,1,Transit,2023,Published Confirmed,0,2.59261842,0.02709,11.39953337,211.35589065,0.665,72.811
TOI-3261 b,1,Transit,2024,Published Confirmed,0,0.8831331,0.01714,3.82,30.3,0.09533446,300.141
TOI-3288 b,1,Transit,2025,Published Confirmed,0,1.4338647,0.02285,12.24020692,536.17652261,1.687,200.5
TOI-329 b,1,Transit,2024,Published Confirmed,0,5.70439,0.0638,4.94057819,40.4,0.12711262,284.388
TOI-332 b,1,Transit,2023,Published Confirmed,0,0.777038,0.0159,3.2,57.2,0.17997133,222.852
TOI-3321 b,1,Transit,2024,Published Confirmed,0,3.6525145,0.047,15.55806521,176.07693748,0.554,285.895
TOI-333 b,1,Transit,2025,Published Confirmed,0,3.7852503,0.049,4.26,20.1,0.06324167,352.269
TOI-3331 A b,1,Transit,2022,Published Confirmed,0,2.0180231,0.03144,12.97999965,721.47048389,2.27,217.193
TOI-3353.01,1,Transit,2024,Published Confirmed,0,4.6657965,0.060118218,2.6667555,,,78.7577
TOI-3362 b,1,Transit,2021,Published Confirmed,0,18.09547,0.153,12.80065596,1598.3590588,5.029,366.987
TOI-3364 b,1,Transit,2023,Published Confirmed,0,5.8768918,0.0675,12.22899794,530.77343969,1.67,277.899
TOI-3457 b,1,Transit,2026,Published Confirmed,0,32.600268,0.2001,10.64,797.74930157,2.51,370.666
TOI-3464 b,1,Transit,2025,Published Confirmed,0,3.6515568,0.0515,13.7646283,397.28550875,1.25,597.774
TOI-3474 b,1,Transit,2025,Published Confirmed,0,3.8795105,0.0502,14.67255574,193.87532827,0.61,420.123
TOI-3486 b,1,Transit,2025,Published Confirmed,0,2.21778105,0.03138,10.5700688,99.16246298,0.312,154.715
TOI-3493 b,1,Transit,2025,Published Confirmed,0,8.1594667,,3.22,8.97,0.02822278,96.7224
TOI-3523 A b,1,Transit,2025,Published Confirmed,0,2.30458952,0.03559,15.9727975,435.42491759,1.37,645.294
TOI-3540 A b,1,Transit,2022,Published Confirmed,0,3.119999,0.04289,23.53885947,375.03752026,1.18,
TOI-3568 b,1,Transit,2024,Published Confirmed,0,4.417965,0.0485,5.3,26.4,0.083,197.906
TOI-3593 b,1,Transit,2025,Published Confirmed,0,3.8212867,0.0481,11.02963701,565.73456446,1.78,226.63
TOI-3629 b,1,Transit,2022,Published Confirmed,0,3.936551,0.043,8.29464572,82.63538582,0.26,130.091
TOI-3664 b,1,Transit,2026,Published Confirmed,0,3.2974839,0.0431,13.69737442,114.41822652,0.36,464.748
TOI-3682 b,1,Transit,2025,Published Confirmed,0,3.3462406,0.048,12.80065596,69.28659273,0.218,404.211
TOI-3688 A b,1,Transit,2023,Published Confirmed,0,3.246075,0.0456,13.08088048,311.47183886,0.98,396.378
TOI-3693 b,1,Transit,2022,Published Confirmed,0,9.088516,0.0813,12.59889431,324.18497514,1.02,176.436
TOI-3714 b,1,Transit,2022,Published Confirmed,0,2.154849,0.027,11.32107051,222.4798849,0.7,112.71
TOI-375 b,1,Transit,2026,Published Confirmed,0,9.45469,0.099,10.77183045,236.78216321,0.745,396.213
TOI-375 c,1,Radial Velocity,2026,Published Confirmed,0,115.5,0.524,,669.34662514,2.106,396.213
TOI-375 d,1,Radial Velocity,2026,Published Confirmed,0,297.9,0.984,,445.59542661,1.402,396.213
TOI-3757 b,1,Transit,2022,Published Confirmed,0,3.438753,0.03845,12.0,85.3,0.26838381,181.139
TOI-3785 b,1,Transit,2023,Published Confirmed,0,4.6747373,0.043,5.14,14.95,0.04703796,79.7634
TOI-3807 b,1,Transit,2023,Published Confirmed,0,2.8989727,0.0421,18.49481816,330.54154328,1.04,421.745
TOI-3819 b,1,Transit,2023,Published Confirmed,0,3.2443141,0.04611,13.13692538,352.78953177,1.11,558.141
TOI-3837 b,1,Transit,2025,Published Confirmed,0,11.88865,0.099,10.87271128,187.51876013,0.59,311.705
TOI-3856 b,1,Transit,2025,Published Confirmed,0,2.04360352,0.0325,13.59649359,171.62733978,0.54,314.443
TOI-3862 b,1,Transit,2026,Published Confirmed,0,1.55745774,0.02539,5.53,53.7,0.1688,249.02
TOI-3877 b,1,Transit,2025,Published Confirmed,0,4.123596,0.0529,11.67975789,99.7981198,0.314,493.77
TOI-3884 b,1,Transit,2022,Published Confirmed,0,4.5445828,0.0361,6.43,32.59,0.10253961,43.1448
TOI-3894 b,1,Transit,2024,Published Confirmed,0,4.33454,0.05354,15.27784069,260.61929374,0.82,417.365
TOI-3896 b,1,Transit,2026,Published Confirmed,0,4.37730369667,,3.14949237,,,181.653
TOI-3912 b,1,Transit,2023,Published Confirmed,0,3.4936264,0.0463,14.28024141,129.03833324,0.406,465.992
TOI-3919 b,1,Transit,2024,Published Confirmed,0,7.433234,0.0795,12.31866979,1233.17421916,3.88,604.591
TOI-3976 A b,1,Transit,2023,Published Confirmed,0,6.607662,0.0743,12.27383387,55.61997123,0.175,516.087
TOI-3980 b,1,Transit,2025,Published Confirmed,0,3.6089254,0.0494,14.4595851,187.51876013,0.59,486.721
TOI-3984 A b,1,Transit,2023,Published Confirmed,0,4.353326,0.041,7.9,44.0,0.14,108.883
TOI-4010 b,1,Transit,2023,Published Confirmed,0,1.348335,0.0229,3.02,11.0,0.03460987,177.504
TOI-4010 c,1,Transit,2023,Published Confirmed,0,5.414654,0.058,5.93,20.31,0.06390241,177.504
TOI-4010 d,1,Transit,2023,Published Confirmed,0,14.70886,0.113,6.18,38.15,0.12003332,177.504
TOI-4010 e,1,Radial Velocity,2023,Published Confirmed,0,762.0,1.57,,692.0,2.17727549,177.504
TOI-4029 b,1,Transit,2026,Published Confirmed,0,5.88498234631,,6.73756618,,,274.436
TOI-4030 b,1,Transit,2026,Published Confirmed,0,2.50900199461,,5.8462559,,,571.615
TOI-4034 b,1,Transit,2026,Published Confirmed,0,1.8020932,0.03289,17.71018951,276.51071409,0.87,745.145
TOI-406 c,1,Transit,2024,Published Confirmed,0,3.307441,0.0322,1.32,2.08,0.00654441,31.0597
TOI-406.01,1,Transit,2024,Published Confirmed,0,13.175682,0.0809,2.08,6.57,0.02067153,31.0597
TOI-4087 b,1,Transit,2023,Published Confirmed,0,3.1774835,0.04469,13.04725353,232.01473711,0.73,301.676
TOI-411 b,1,Transit,2022,Published Confirmed,0,4.040295,0.05727,1.362,13.71,0.04313648,62.7792
TOI-411 c,1,Transit,2022,Published Confirmed,0,9.573083,0.1017,2.328,9.72,0.03058254,62.7792
TOI-4127 b,1,Transit,2023,Published Confirmed,0,56.3987,0.303,12.07,743.71847238,2.34,319.632
TOI-4137 b,1,Transit,2022,Published Confirmed,0,3.8016122,0.05222,13.57407563,457.67290608,1.44,334.993
TOI-4145 A b,1,Transit,2023,Published Confirmed,0,4.0664428,0.04823,13.30506009,136.66621501,0.43,205.387
TOI-4153 b,1,Transit,2024,Published Confirmed,0,4.6174141,0.06311,16.11851425,365.50266805,1.15,423.84
TOI-4155 b,1,Transit,2025,Published Confirmed,0,3.320729,,3.21,,,240.737
TOI-4156 b,1,Transit,2026,Published Confirmed,0,4.46189034133,,2.53823825,,,213.719
TOI-4156 c,1,Transit,2026,Published Confirmed,0,12.82282706375,,2.92303762,,,213.719
TOI-4184 b,1,Transit,2023,Published Confirmed,0,4.9019804,0.0336,2.43,,,69.3649
TOI-4201 b,1,Transit,2023,Published Confirmed,0,3.5819194,0.04,13.67495645,788.21444936,2.48,189.011
TOI-421 b,1,Transit,2020,Published Confirmed,0,5.197576,0.0554,2.64,6.7,0.02108056,74.7969
TOI-421 c,1,Transit,2020,Published Confirmed,0,16.067541,0.117,5.09,14.1,0.04436356,74.7969
TOI-4214 b,1,Transit,2025,Published Confirmed,0,3.4913885,0.05018,10.68215861,165.27077164,0.52,346.881
TOI-4308 b,1,Transit,2023,Published Confirmed,0,9.151201,,2.4189,,,108.932
TOI-431 b,1,Transit,2021,Published Confirmed,0,0.490047,0.0113,1.28,3.07,0.0096593,32.5686
TOI-431 c,1,Radial Velocity,2021,Published Confirmed,0,4.8494,0.052,,2.83,0.00890418,32.5686
TOI-431 d,1,Transit,2021,Published Confirmed,0,12.46103,0.098,3.29,9.9,0.03114888,32.5686
TOI-4311 b,1,Transit,2026,Published Confirmed,0,0.9902738,0.01817,1.376,4.5,0.01415858,134.988
TOI-4311 c,1,Transit,2026,Published Confirmed,0,15.070425,0.1116,2.47,13.58,0.04272746,134.988
TOI-4329 b,1,Transit,2022,Published Confirmed,0,2.9223,,16.81347105,143.02278315,0.45,717.128
TOI-4336 A b,1,Transit,2024,Published Confirmed,0,16.336351,0.0849,2.137,3.33,0.01047735,22.5455
TOI-4336 A c,1,Transit,2026,Published Confirmed,0,7.587266,0.05092,1.251,1.55,0.00487685,22.5455
TOI-4342 b,1,Transit,2023,Published Confirmed,0,5.5382592,0.0519,2.329,7.3,0.02296837,61.5204
TOI-4342 c,1,Transit,2023,Published Confirmed,0,10.688662,0.0804,2.349,4.8,0.01510249,61.5204
TOI-4363 b,1,Transit,2026,Published Confirmed,0,2.11867592279,,1.76689273,,,77.7751
TOI-4364 b,1,Transit,2025,Published Confirmed,0,5.424019,0.04753,2.01,,,43.9662
TOI-4377 b,1,Transit,2023,Published Confirmed,0,4.378081,0.0579,15.10970598,304.1617855,0.957,455.82
TOI-4379 b,1,Transit,2024,Published Confirmed,0,3.25352,,16.69017226,353.74301699,1.113,645.158
TOI-4405 b,1,Transit,2026,Published Confirmed,0,5.92143995316,,2.55505441,,,155.501
TOI-4406 b,1,Transit,2023,Published Confirmed,0,30.08364,0.201,11.2089807,95.3485221,0.3,261.834
TOI-4427 b,1,Transit,2026,Published Confirmed,0,4.6182621,0.05389,13.09208946,87.72064033,0.276,198.251
TOI-4438 b,1,Transit,2024,Published Confirmed,0,7.446295,0.0523,2.4,4.11,0.01293151,30.0346
TOI-444 b,1,Transit,2023,Published Confirmed,0,17.9636,0.133,2.77,,,57.3973
TOI-4443.01,1,Transit,2024,Published Confirmed,0,1.8498567,0.029962645,1.7193265,,,56.0739
TOI-4458 b,1,Transit,2026,Published Confirmed,0,3.9393792,0.0522,12.40834163,552.06794296,1.737,505.432
TOI-4463 A b,1,Transit,2023,Published Confirmed,0,2.8807198,0.04036,13.26022417,252.35575516,0.794,173.117
TOI-4465 b,1,Transit,2025,Published Confirmed,0,101.94054,0.416,14.01122587,1872.00931723,5.89,121.139
TOI-4479 b,1,Transit,2022,Published Confirmed,0,1.1589,0.0164,2.82,,,80.6532
TOI-4487 A b,1,Transit,2025,Published Confirmed,0,3.9540709,0.05448,14.60530185,397.28550875,1.25,479.145
TOI-4495 b,1,Transit,2026,Published Confirmed,0,2.56699,0.03957,2.483,7.7,0.02422691,132.214
TOI-4495 c,1,Transit,2024,Published Confirmed,0,5.18553,0.06323,4.03,23.2,0.07299536,132.214
TOI-4504 b,1,Transit,2024,Published Confirmed,0,2.4261516,0.0338,2.65,140.0,0.45,342.605
TOI-4504 c,1,Transit,2024,Published Confirmed,0,82.819093,0.3593,11.17,821.0,2.58,342.605
TOI-4504 d,1,Transit Timing Variations,2024,Published Confirmed,0,41.2871975,0.2219,11.26,643.0,2.02,342.605
TOI-4507 b,1,Transit,2025,Published Confirmed,0,104.61611,0.456,8.2,20.0,0.06292704,178.26
TOI-451 b,1,Transit,2020,Published Confirmed,0,1.8587033,0.0274,1.84,4.7,0.01478785,123.739
TOI-451 c,1,Transit,2020,Published Confirmed,0,9.192463,0.0795,2.93,3.7,0.0116415,123.739
TOI-451 d,1,Transit,2020,Published Confirmed,0,16.364962,0.1168,3.93,10.2,0.03209279,123.739
TOI-4511 b,1,Transit,2026,Published Confirmed,0,10.98090968596,,2.75304932,,,121.832
TOI-4513 b,1,Transit,2026,Published Confirmed,0,9.76042253684,,2.34587608,,,102.609
TOI-4515 b,1,Transit,2024,Published Confirmed,0,15.266446,0.118,12.17,637.0,2.005,193.499
TOI-4527.01,1,Transit,2024,Published Confirmed,0,0.3994445,0.008332353,0.9086617,,,18.1037
TOI-4529 b,1,Transit,2026,Published Confirmed,0,5.879577,,1.77,4.9,0.01541712,28.384
TOI-4551 b,1,Transit,2023,Published Confirmed,0,9.95581,0.0994,11.85910158,473.56432643,1.49,215.986
TOI-4552 b,1,Transit,2026,Published Confirmed,0,0.30110032,0.0056255,1.11,1.83,0.00575782,27.2684
TOI-4559 b,1,Transit,2024,Published Confirmed,0,3.965991,0.0359,1.415,,,31.6354
TOI-4561 b,1,Transit,2026,Published Confirmed,0,8.93547936706,,1.77789214,,,179.008
TOI-4562 b,1,Transit,2023,Published Confirmed,0,225.1064,,,,,339.605
TOI-4562 c,1,Transit Timing Variations,2024,Published Confirmed,0,3990.0,5.219,,1833.86990839,5.77,339.605
TOI-4578 b,1,Transit,2026,Published Confirmed,0,8.62392630369,,2.26974262,,,182.249
TOI-4582 b,1,Transit,2023,Published Confirmed,0,31.034,,10.53644186,168.44905571,0.53,383.846
TOI-4588 b,1,Transit,2026,Published Confirmed,0,13.11881173651,,2.92922558,,,225.181
TOI-4600 b,1,Transit,2023,Published Confirmed,0,82.6869,0.349,6.8,959.84178914,3.02,216.056
TOI-4600 c,1,Transit,2023,Published Confirmed,0,482.8191,1.152,9.42,2946.26933289,9.27,216.056
TOI-4602.01,1,Transit,2024,Published Confirmed,0,3.9812999,0.04747,2.45,5.53,0.0174,63.0637
TOI-4603 b,1,Transit,2023,Published Confirmed,0,7.24599,0.0888,11.67975789,4096.80816623,12.89,225.643
TOI-4633 c,1,Transit,2024,Published Confirmed,0,271.9445,0.847,3.2,123.0,0.38700128,95.2016
TOI-4638.01,1,Transit,2024,Published Confirmed,0,10.283918787,0.093013,2.933,,,168.248
TOI-4640 b,1,Transit,2026,Published Confirmed,0,2.68566015238,,2.84326517,,,245.089
TOI-4641 b,1,Transit,2023,Published Confirmed,0,22.09341,0.173,8.18255591,1229.99593509,3.87,86.3501
TOI-4662 b,1,Transit,2026,Published Confirmed,0,4.70343764575,,2.87998299,,,111.047
TOI-4666 b,1,Transit,2025,Published Confirmed,0,2.9089165,0.034,12.53164042,155.41809102,0.489,154.749
TOI-469.01,1,Transit,2021,Published Confirmed,0,13.6308205,0.111,3.41,9.1,0.0286318,68.192
TOI-470 b,1,Transit,2023,Published Confirmed,0,12.19148,0.119,4.34,,,130.46
TOI-4734 b,1,Transit,2025,Published Confirmed,0,6.235633,0.074,10.9175472,61.65871096,0.194,563.068
TOI-4747 b,1,Transit,2026,Published Confirmed,0,5.21924158592,,3.95803201,,,304.615
TOI-4773 b,1,Transit,2025,Published Confirmed,0,1.7452851,0.03216,15.22179579,1687.66884117,5.31,492.888
TOI-4791 b,1,Transit,2023,Published Confirmed,0,4.28088,0.0555,12.44196858,734.18362017,2.31,328.802
TOI-4794 b,1,Transit,2025,Published Confirmed,0,3.5658116,0.0492,14.35870428,308.29355479,0.97,543.008
TOI-480 b,1,Transit,2024,Published Confirmed,0,6.866196,0.077,2.85372018,20.8,0.06544412,54.5306
TOI-481 b,1,Transit,2020,Published Confirmed,0,10.33111,0.097,11.09691,486.2799,1.53,179.366
TOI-4860 b,1,Transit,2023,Published Confirmed,0,1.5227591,0.01808,8.7,86.7,0.273,80.1423
TOI-4898 b,1,Transit,2026,Published Confirmed,0,2.76520470167,,3.7197954,,,98.5958
TOI-4914 b,1,Transit,2024,Published Confirmed,0,10.60057,0.098,12.87,227.0,0.71422187,299.89
TOI-4930 b,1,Transit,2026,Published Confirmed,0,6.78130241498,,6.93277225,,,413.757
TOI-4940 b,1,Transit,2025,Published Confirmed,0,25.867811,0.165,6.61,89.0,0.28002532,345.659
TOI-4961 b,1,Transit,2025,Published Confirmed,0,7.479182,0.0726,12.34108775,572.0911326,1.8,213.073
TOI-4994 b,1,Transit,2024,Published Confirmed,0,21.491984,0.1515,8.54124329,88.99195396,0.28,329.304
TOI-500 b,1,Transit,2022,Published Confirmed,0,0.548177,0.01189,1.166,1.42,0.00446782,47.3924
TOI-500 c,1,Radial Velocity,2022,Published Confirmed,0,6.6356,,,5.03,0.01582615,47.3924
TOI-500 d,1,Radial Velocity,2022,Published Confirmed,0,26.233,,,33.12,0.10420717,47.3924
TOI-500 e,1,Radial Velocity,2022,Published Confirmed,0,61.3,,,15.05,0.0473526,47.3924
TOI-5005 b,1,Transit,2024,Published Confirmed,0,6.3085044,0.06614,6.25,32.7,0.103,207.891
TOI-5007 b,1,Transit,2026,Published Confirmed,0,2.543371,0.0307,11.07447293,211.03806225,0.664,203.352
TOI-5027 b,1,Transit,2025,Published Confirmed,0,10.24368,0.093,10.76062147,642.01338214,2.02,204.429
TOI-5076 b,1,Transit,2024,Published Confirmed,0,23.443162,0.1481,3.48935569,16.14568308,0.0508,82.857
TOI-5082.01,1,Transit,2024,Published Confirmed,0,4.240122,0.051204842,2.54811,,,43.1406
TOI-5108 b,1,Transit,2025,Published Confirmed,0,6.753581,0.073,6.6,32.0,0.10068326,130.919
TOI-5110 b,1,Transit,2024,Published Confirmed,0,30.158577,0.2157,11.98240037,921.7023803,2.9,392.259
TOI-512 b,1,Transit,2025,Published Confirmed,0,7.18886,,1.54,3.57,0.01123248,67.3975
TOI-5126 b,1,Transit,2023,Published Confirmed,0,5.4588385,0.06519,4.74,,,160.414
TOI-5126 c,1,Transit,2023,Published Confirmed,0,17.8999,0.1439,3.86,,,160.414
TOI-5143 c,1,Transit,2025,Published Confirmed,0,5.2097118,0.05602,16.25302201,,,181.38
TOI-5153 b,1,Transit,2022,Published Confirmed,0,20.33003,0.158,11.88151954,1036.12060682,3.26,390.484
TOI-5159 b,1,Transit,2026,Published Confirmed,0,5.83639428843,,1.54732112,,,55.1788
TOI-5160 b,1,Transit,2026,Published Confirmed,0,4.280773256,,2.39729851,,,151.465
TOI-5174 b,1,Transit,2022,Published Confirmed,0,12.214286,,5.351,,,197.243
TOI-5181 A b,1,Transit,2025,Published Confirmed,0,3.8922295,0.0522,13.34989601,330.54154328,1.04,480.155
TOI-519 b,1,Transit,2021,Published Confirmed,0,1.2652328,0.0159,11.54525012,147.15455244,0.463,115.557
TOI-5205 b,1,Transit,2023,Published Confirmed,0,1.630757,0.0199,11.6,343.0,1.08,86.4493
TOI-521 b,1,Transit,2025,Published Confirmed,0,1.54285047,0.0195,1.98,5.3,0.01667566,60.9425
TOI-5210 b,1,Transit,2025,Published Confirmed,0,4.5661061,0.0557,10.72699453,81.99972901,0.258,302.086
TOI-5218 b,1,Transit,2024,Published Confirmed,0,4.291452,0.0469,9.86,657.0,2.06715317,377.483
TOI-5232 b,1,Transit,2024,Published Confirmed,0,4.0966692,0.05593,12.778238,743.71847238,2.34,609.388
TOI-5238 b,1,Transit,2022,Published Confirmed,0,4.872171,,5.22,,,290.646
TOI-5261 b,1,Transit,2025,Published Confirmed,0,4.1509768,0.05134,11.60129502,3651.84839643,11.49,377.054
TOI-5292 A b,1,Transit,2026,Published Confirmed,0,2.02191,0.0279,12.64373023,412.85910069,1.299,337.095
TOI-5293 A b,1,Transit,2023,Published Confirmed,0,2.930289,0.034,11.9,170.4,0.54,162.229
TOI-530 b,1,Transit,2021,Published Confirmed,0,6.387597,0.052,9.30345398,127.1313628,0.4,148.762
TOI-5300 b,1,Transit,2025,Published Confirmed,0,2.262196,0.0295,9.86390302,190.6970442,0.6,162.51
TOI-5301 b,1,Transit,2024,Published Confirmed,0,5.858858,0.073,13.09208946,1182.32167404,3.72,629.161
TOI-5319 b,1,Transit,2024,Published Confirmed,0,4.07853,0.0506,2.83,,,61.171
TOI-532 b,1,Transit,2021,Published Confirmed,0,2.3266508,0.0296,5.82,61.5,0.19350064,135.047
TOI-5322 b,1,Transit,2025,Published Confirmed,0,5.4233207,0.0604,16.6117094,184.02264765,0.579,476.899
TOI-5335 b,1,Transit,2026,Published Confirmed,0,3.61365988443,,4.02422162,,,331.289
TOI-5340 b,1,Transit,2025,Published Confirmed,0,4.9394392,0.0628,15.07607904,270.15414595,0.85,532.629
TOI-5344 b,1,Transit,2023,Published Confirmed,0,3.792622,0.04041,10.60369574,130.94530368,0.412,138.367
TOI-5349 b,1,Transit,2026,Published Confirmed,0,3.317921,0.0369,10.2,127.4,0.4,188.336
TOI-5350 b,1,Transit,2025,Published Confirmed,0,7.581367,0.0796,12.41955062,2094.48920213,6.59,277.419
TOI-5380 b,1,Transit,2026,Published Confirmed,0,3.77229247873,,3.48093238,,,286.781
TOI-5386 A b,1,Transit,2025,Published Confirmed,0,3.62156552,0.04856,14.70618268,155.10026262,0.488,394.486
TOI-5388.01,1,Transit,2024,Published Confirmed,0,2.5946748,,0.99,2.2,0.00692197,18.5226
TOI-5398 b,1,Transit,2022,Published Confirmed,0,10.590547,0.098,10.3,58.7,0.18469085,130.855
TOI-5398 c,1,Transit,2023,Published Confirmed,0,4.77271,0.057,3.52,11.8,0.03712695,130.855
TOI-540 b,1,Transit,2020,Published Confirmed,0,1.2391491,0.01223,0.903,,,14.0022
TOI-5422 b,1,Transit,2026,Published Confirmed,0,5.377219,0.0619,9.10169233,8899.195396,28.0,346.141
TOI-544 b,1,Transit,2022,Published Confirmed,0,1.548352,0.0225,2.018,2.89,0.00909296,41.1166
TOI-544 c,1,Radial Velocity,2023,Published Confirmed,0,50.089,,,21.5,0.06764657,41.1166
TOI-5486 b,1,Transit,2026,Published Confirmed,0,2.02470073205,,3.96824928,,,89.6811
TOI-5489 b,1,Transit,2025,Published Confirmed,0,3.15222,,1.4,,,45.0907
TOI-5489 c,1,Transit,2025,Published Confirmed,0,4.92126,,1.28,,,45.0907
TOI-5502 b,1,Transit,2026,Published Confirmed,0,11.62592988285,,4.1287378,,,248.654
TOI-5515 b,1,Transit,2026,Published Confirmed,0,8.59225810839,,2.65362762,,,135.459
TOI-5532 b,1,Transit,2026,Published Confirmed,0,5.6539659431,,2.52763693,,,90.9985
TOI-5542 b,1,Transit,2022,Published Confirmed,0,75.12375,0.332,11.30986153,419.53349724,1.32,348.849
TOI-5573 b,1,Transit,2025,Published Confirmed,0,8.79758977,0.0712,9.75,112.0,0.35,186.562
TOI-558 b,1,Transit,2021,Published Confirmed,0,14.574071,0.1291,12.17295304,1147.36054927,3.61,402.63
TOI-559 b,1,Transit,2021,Published Confirmed,0,6.9839095,0.0723,12.22899794,1910.14872607,6.01,233.266
TOI-5592 b,1,Transit,2025,Published Confirmed,0,2.6085846,0.03935,17.14974047,285.72773789,0.899,597.026
TOI-5595 b,1,Transit,2026,Published Confirmed,0,5.99002553853,,4.73740402,,,136.955
TOI-5599 b,1,Transit,2026,Published Confirmed,0,5.43691503941,,7.1888212,,,547.948
TOI-5605 b,1,Transit,2026,Published Confirmed,0,5.91340454843,,2.52611303,,,95.0735
TOI-561 b,1,Transit,2020,Published Confirmed,0,0.4465697,0.01064,1.397,2.02,0.00635563,85.799
TOI-561 c,1,Transit,2020,Published Confirmed,0,10.778838,0.0889,2.865,5.93,0.01865787,85.799
TOI-561 d,1,Transit,2020,Published Confirmed,1,25.71268,0.1587,2.615,13.33,0.04194087,85.799
TOI-561 e,1,Transit,2020,Published Confirmed,1,77.144,0.33,2.517,12.4,0.03901476,85.799
TOI-5614 b,1,Transit,2026,Published Confirmed,0,4.17221328949,,3.21759316,,,223.016
TOI-5616 b,1,Transit,2024,Published Confirmed,0,2.002849,0.0272,10.78,624.0,1.96332356,390.415
TOI-5624 b,1,Transit,2026,Published Confirmed,0,3.3903473,0.04201,2.314,9.4,0.02957571,101.913
TOI-5624 c,1,Transit,2026,Published Confirmed,0,7.885385,0.07374,2.474,4.8,0.01510249,101.913
TOI-5624 d,1,Transit,2026,Published Confirmed,0,13.731468,0.1067,3.584,4.9,0.01541712,101.913
TOI-5624 e,1,Transit,2026,Published Confirmed,0,21.489936,0.1439,3.247,8.9,0.02800253,101.913
TOI-5624 f,1,Transit Timing Variations,2026,Published Confirmed,0,45.37,0.2366,,13.0,0.04090257,101.913
TOI-5628 A b,1,Transit,2026,Published Confirmed,0,4.3416612,0.0368,8.29464572,28.60455663,0.09,110.03
TOI-5630 b,1,Transit,2026,Published Confirmed,0,3.22118452536,,2.37117553,,,134.047
TOI-5634 A b,1,Transit,2024,Published Confirmed,0,2.2035373,0.0272,10.42,588.0,1.85005489,306.144
TOI-564 b,1,Transit,2020,Published Confirmed,0,1.651144,0.02734,11.43318,464.98529,1.463,199.581
TOI-5678 b,1,Transit,2023,Published Confirmed,0,47.73022,0.249,4.91,20.0,0.06292704,165.393
TOI-5688 A b,1,Transit,2024,Published Confirmed,0,2.94815527,0.03379,10.3,124.0,0.39,226.318
TOI-5704 b,1,Transit,2023,Published Confirmed,0,3.771116,,3.2274,,,89.637
TOI-5713 b,1,Transit,2024,Published Confirmed,0,10.441989,0.06008,1.77,,,40.8668
TOI-5716 b,1,Transit,2025,Published Confirmed,0,6.7663,,0.96,,,39.4122
TOI-5720 b,1,Transit,2024,Published Confirmed,0,1.4344555,0.018288,1.09,4.3,0.01352931,35.8256
TOI-5726.01,1,Transit,2024,Published Confirmed,0,5.491125215,0.062186,2.554,,,108.848
TOI-5728 b,1,Transit,2025,Published Confirmed,0,11.49761,,1.31,,,54.7045
TOI-5734 b,1,Transit,2026,Published Confirmed,0,6.1841876,0.05921,2.1,9.1,0.0286318,32.5102
TOI-5736 b,1,Transit,2025,Published Confirmed,0,0.64899,,1.56,,,92.3604
TOI-5777 b,1,Transit,2026,Published Confirmed,0,6.91716177373,,3.09551273,,,114.277
TOI-5786 b,1,Transit,2025,Published Confirmed,0,12.779107,0.114,8.54,73.0,0.22968369,192.475
TOI-5788 b,1,Transit,2026,Published Confirmed,0,6.340758,0.064,1.528,3.72,0.01170443,97.614
TOI-5788 c,1,Transit,2026,Published Confirmed,0,16.213362,0.1197,2.272,6.4,0.02013665,97.614
TOI-5789 b,1,Radial Velocity,2026,Published Confirmed,0,2.76369,0.03608,,2.12,0.00667027,20.4581
TOI-5789 c,1,Transit,2026,Published Confirmed,0,12.927748,0.1009,2.86,5.0,0.01573176,20.4581
TOI-5789 d,1,Radial Velocity,2026,Published Confirmed,0,29.65,0.1756,,4.29,0.01349785,20.4581
TOI-5789 e,1,Radial Velocity,2026,Published Confirmed,0,62.98,0.2901,,11.61,0.03652915,20.4581
TOI-5795 b,1,Transit,2025,Published Confirmed,0,6.1406325,0.064,5.62,23.66,0.07444269,156.53
TOI-5799 b,1,Transit,2024,Published Confirmed,0,4.164507,0.0348,1.733,,,27.8123
TOI-5799 c,1,Transit,2025,Published Confirmed,0,14.010449,0.0782,1.76,,,27.8123
TOI-5800 b,1,Transit,2025,Published Confirmed,0,2.6278838,0.0344,2.46,9.5,0.02989034,42.9052
TOI-5803 b,1,Transit,2023,Published Confirmed,0,5.38305,,3.2732,,,84.0126
TOI-5817 b,1,Transit,2025,Published Confirmed,0,15.61031,0.1223,3.08,10.3,0.03240742,80.7542
TOI-5882 b,1,Transit,2025,Published Confirmed,0,7.148972,0.0804,11.46678726,6995.40323807,22.01,416.104
TOI-5916 b,1,Transit,2026,Published Confirmed,0,2.367128,0.0262,11.35469745,226.61165419,0.713,199.724
TOI-5926 b,1,Transit,2026,Published Confirmed,0,3.81122794237,,7.56807148,,,275.103
TOI-5938 b,1,Transit,2026,Published Confirmed,0,2.260424,0.0308,3.82,,,114.035
TOI-6000 b,1,Transit,2025,Published Confirmed,0,0.448959,,0.94,,,75.7664
TOI-6002 b,1,Transit,2024,Published Confirmed,0,10.904821,0.05722,1.65,,,32.0266
TOI-6008 b,1,Transit,2024,Published Confirmed,0,0.8574347,0.010777,1.03,4.0,0.01258541,23.1008
TOI-6016 b,1,Transit,2024,Published Confirmed,0,4.023687,0.055,13.67495645,371.85923619,1.17,364.715
TOI-6019 b,1,Transit,2026,Published Confirmed,0,14.547952,0.1212,12.3,149.0,0.46880643,260.342
TOI-6029 b,1,Transit,2024,Published Confirmed,0,5.7987,,14.39233122,519.64944544,1.635,603.119
TOI-6034 b,1,Transit,2024,Published Confirmed,0,2.576184,0.02949,11.92,254.0,0.798,117.992
TOI-6038 A b,1,Transit,2025,Published Confirmed,0,5.8267311,0.069,6.41,78.5,0.24698862,179.147
TOI-6041 b,1,Transit,2025,Published Confirmed,0,26.04945,0.1651,4.55,28.9,0.09092957,72.4731
TOI-6041 c,1,Radial Velocity,2025,Published Confirmed,0,88.0,0.3721,,77.9,0.24510081,72.4731
TOI-6054.01,1,Transit,2024,Published Confirmed,0,7.501428,0.0763,2.64,12.5,0.0393294,79.407
TOI-6054.02,1,Transit,2024,Published Confirmed,0,12.563636,0.1079,2.82,9.3,0.02926107,79.407
TOI-6080 b,1,Transit,2026,Published Confirmed,0,8.05562348084,,3.32424168,,,188.183
TOI-6086 b,1,Transit,2024,Published Confirmed,0,1.3888725,0.01541,1.18,,,31.4566
TOI-6109 b,1,Transit,2025,Published Confirmed,0,5.690476,0.0599,4.8704,,,151.738
TOI-6109 c,1,Transit,2025,Published Confirmed,0,8.538878,0.0786,4.8326,,,151.738
TOI-6130 b,1,Transit,2024,Published Confirmed,0,2.392679,0.036,14.3474953,333.71982735,1.05,220.882
TOI-615 b,1,Transit,2023,Published Confirmed,0,4.6615983,0.0678,18.97680433,138.25535705,0.435,360.408
TOI-620 b,1,Transit,2022,Published Confirmed,0,5.0988179,0.04825,3.76,,,33.0231
TOI-622 b,1,Transit,2023,Published Confirmed,0,6.402513,0.0708,9.2362001,96.30200732,0.303,123.297
TOI-6223 b,1,Transit,2025,Published Confirmed,0,3.855219,0.04018,5.07,,,133.122
TOI-6255 b,1,Transit,2024,Published Confirmed,0,0.23818244,,1.079,1.44,0.00453075,20.3167
TOI-628 b,1,Transit,2021,Published Confirmed,0,3.4095675,0.0486,11.88154,2011.8639,6.33,178.68
TOI-6281 b,1,Transit,2026,Published Confirmed,0,1.05426244177,,1.92416074,,,57.7451
TOI-6303 b,1,Transit,2025,Published Confirmed,0,9.485236,0.0761,11.59,2493.0,7.84,152.219
TOI-6324 b,1,Transit,2025,Published Confirmed,0,0.279221,,1.059,1.17,0.00368123,20.5488
TOI-6330 b,1,Transit,2025,Published Confirmed,0,6.8500246,0.05763,10.89,3179.0,10.0,139.042
TOI-6383 A b,1,Transit,2024,Published Confirmed,0,1.79058695,0.02292,11.29,331.0,1.04,171.319
TOI-6393 b,1,Transit,2026,Published Confirmed,0,9.53176110329,,2.75958542,,,186.229
TOI-640 b,1,Transit,2021,Published Confirmed,0,5.003777,,19.2794468,181.16219199,0.57,341.997
TOI-6420 b,1,Transit,2025,Published Confirmed,0,6.961508,0.0753,11.93756445,2606.1929374,8.2,634.712
TOI-6448 b,1,Transit,2025,Published Confirmed,0,14.844261,0.131,8.47398941,,,386.879
TOI-6478 b,1,Transit,2025,Published Confirmed,0,34.005019,0.1136,4.6,,,38.6057
TOI-654.01,1,Transit,2024,Published Confirmed,0,1.527561,0.01944,2.378,8.71,0.02740472,57.7553
TOI-6564 b,1,Transit,2026,Published Confirmed,0,3.985413,0.0542,16.39873876,222.16205649,0.699,191.372
TOI-6628 b,1,Transit,2025,Published Confirmed,0,18.18424,0.134,10.98480109,235.19302118,0.74,320.527
TOI-663 b,1,Transit,2024,Published Confirmed,0,2.598902,0.0295,2.27,4.45,0.01400127,64.2308
TOI-663 c,1,Transit,2024,Published Confirmed,0,4.6955507,0.0437,2.26,3.65,0.01148418,64.2308
TOI-663 d,1,Transit,2024,Published Confirmed,0,7.1027268,0.0576,1.92,5.2,0.01636103,64.2308
TOI-6651 b,1,Transit,2024,Published Confirmed,0,5.056973,0.0633,5.09,61.0,0.19192746,212.128
TOI-6677 b,1,Transit,2026,Published Confirmed,0,5.45060661625,,5.83507112,,,340.52
TOI-669 b,1,Transit,2023,Published Confirmed,0,3.945152,0.048,2.58606487,10.0,0.03146352,142.867
TOI-6692 b,1,Transit,2026,Published Confirmed,0,131.125,0.512,11.67975789,197.05361234,0.62,312.903
TOI-6695 b,1,Transit,2025,Published Confirmed,0,80.389,0.402,9.52763359,66.74396547,0.21,282.536
TOI-6695 c,1,Radial Velocity,2025,Published Confirmed,0,242.4,0.838,,460.85119015,1.45,282.536
TOI-6699 b,1,Transit,2026,Published Confirmed,0,5.32005926761,,2.32645266,,,85.8463
TOI-6707 b,1,Transit,2026,Published Confirmed,0,3.83479363758,,5.72673066,,,641.467
TOI-6716 b,1,Transit,2026,Published Confirmed,0,4.7185898,0.0319,0.982,,,18.8873
TOI-672 b,1,Transit,2023,Published Confirmed,0,3.633581,0.0376,5.31,50.9,0.16014931,66.9071
TOI-674 b,1,Transit,2021,Published Confirmed,0,1.977143,0.025,5.25,23.6,0.0742539,46.0851
TOI-677 b,1,Transit,2020,Published Confirmed,0,11.2365985,0.1041,13.11450742,392.20025424,1.234,141.812
TOI-682.01,1,Transit,2021,TESS Project Candidate,0,6.8392388,,3.74186,,,83.1548
TOI-6884 b,1,Transit,2026,Published Confirmed,0,4.808264,0.0629,10.39072511,8365.24367224,26.32,562.376
TOI-6894 b,1,Transit,2025,Published Confirmed,0,3.37077196,0.02604,9.5836785,53.39517238,0.168,73.8131
TOI-6954 b,1,Transit,2026,Published Confirmed,0,4.02074127419,,3.63524486,,,190.042
TOI-697 b,1,Transit,2026,Published Confirmed,0,8.60788713593,,2.35859364,,,93.7714
TOI-700 b,1,Transit,2020,Published Confirmed,0,9.977219,0.0677,0.914,,,31.1265
TOI-700 c,1,Transit,2020,Published Confirmed,0,16.051137,0.0929,2.6,,,31.1265
TOI-700 d,1,Transit,2020,Published Confirmed,0,37.42396,0.1633,1.073,,,31.1265
TOI-700 e,1,Transit,2023,Published Confirmed,0,27.80978,0.134,0.953,,,31.1265
TOI-7008 b,1,Transit,2026,Published Confirmed,0,0.84069041367,,4.94735276,,,410.467
TOI-7009 b,1,Transit,2026,Published Confirmed,0,2.3206612,0.0287,3.71,,,184.12
TOI-7041 b,1,Transit,2025,Published Confirmed,0,9.691,,11.43316031,114.41822652,0.36,439.52
TOI-707 b,1,Transit,2026,Published Confirmed,0,52.79918,0.275,2.416,,,130.959
TOI-712 b,1,Transit,2022,Published Confirmed,0,9.531361,0.07928,2.049,,,58.6212
TOI-712 c,1,Transit,2022,Published Confirmed,0,51.69906,0.2447,2.701,,,58.6212
TOI-712 d,1,Transit,2022,Published Confirmed,0,84.8396,0.3405,2.474,,,58.6212
TOI-7149 b,1,Transit,2025,Published Confirmed,0,2.65206166,0.02603,13.2,224.0,0.705,126.126
TOI-715 b,1,Transit,2023,Published Confirmed,0,19.288004,0.083,1.55,,,42.4048
TOI-7155 b,1,Transit,2026,Published Confirmed,0,3.89489711981,,2.40821473,,,144.751
TOI-7166 b,1,Transit,2025,Published Confirmed,0,12.92063621,0.06191,2.01,,,35.4153
TOI-733 b,1,Transit,2023,Published Confirmed,0,4.884765,0.0618,1.992,5.72,0.01799713,75.2092
TOI-7333 b,1,Transit,2026,Published Confirmed,0,6.26449803661,,2.09469416,,,157.217
TOI-7384 b,1,Transit,2026,Published Confirmed,0,6.2340258,0.0439,3.56,,,66.7902
TOI-7510 b,1,Transit,2025,Published Confirmed,0,11.530869,0.1019,7.31,18.1,0.0571,249.006
TOI-7510 c,1,Transit,2025,Published Confirmed,0,22.5687423,0.1595,10.81,131.0,0.412,249.006
TOI-7510 d,1,Transit,2025,Published Confirmed,0,48.864468,0.2672,10.52,190.0,0.597,249.006
TOI-756 b,1,Transit,2025,Published Confirmed,0,1.2392495,0.018,2.81,9.83,0.03092864,86.1759
TOI-756 c,1,Radial Velocity,2025,Published Confirmed,0,149.4,0.439,,1287.20504835,4.05,86.1759
TOI-757 b,1,Transit,2024,Published Confirmed,0,17.46819,0.122,2.5,10.5,0.03303669,60.3418
TOI-762 A b,1,Transit,2024,Published Confirmed,0,3.4716826,0.03418,8.33948164,79.77493016,0.251,98.4458
TOI-763 b,1,Transit,2020,Published Confirmed,0,5.6057,0.06,2.28,9.79,0.03080263,95.1274
TOI-763 c,1,Transit,2020,Published Confirmed,0,12.2737,0.1011,2.63,9.32,0.02932385,95.1274
TOI-771 b,1,Transit,2024,Published Confirmed,0,2.3260155,0.0208,1.36,2.47,0.00777149,25.2788
TOI-771 c,1,Radial Velocity,2025,Published Confirmed,0,7.61,0.046,,2.87,0.00903003,25.2788
TOI-776 b,1,Transit,2020,Published Confirmed,0,8.24662,0.0653,1.798,5.0,0.01573176,27.1701
TOI-776 c,1,Transit,2020,Published Confirmed,0,15.665323,0.1001,2.047,6.9,0.02170983,27.1701
TOI-778 b,1,Transit,2023,Published Confirmed,0,4.633611,0.06,15.4,878.0,2.8,161.743
TOI-782 b,1,Transit,2024,Published Confirmed,0,8.0240015,0.0578,2.734,19.1,0.06009532,52.5122
TOI-784 b,1,Transit,2023,Published Confirmed,0,2.7970365,0.038,1.93,9.67,0.03042522,64.5997
TOI-791 b,1,Transit,2026,Published Confirmed,0,139.29931,0.602,11.13051784,9.5,0.02989034,341.221
TOI-791 c,1,Transit,2026,Published Confirmed,0,232.0157,0.863,12.94637271,18.6,0.05852214,341.221
TOI-799 b,1,Transit,2026,Published Confirmed,0,5.54519139676,,2.06631784,,,158.526
TOI-808 b,1,Transit,2026,Published Confirmed,0,9.73944854026,,2.20344362,,,98.1848
TOI-813 b,1,Transit,2020,Published Confirmed,0,83.8911,0.423,6.71,,,263.145
TOI-815 b,1,Transit,2024,Published Confirmed,0,11.197259,0.0903,2.94,7.6,0.02391227,59.7117
TOI-815 c,1,Transit,2024,Published Confirmed,0,34.976145,0.193,2.62,23.5,0.07393927,59.7117
TOI-824 b,1,Transit,2020,Published Confirmed,0,1.392978,0.02177,2.926,18.467,0.05810339,63.9262
TOI-833 b,1,Transit,2022,Published Confirmed,0,1.0418777,0.0171,1.27,,,41.7148
TOI-836 b,1,Transit,2023,Published Confirmed,0,3.81673,0.0422,1.704,4.53,0.01425297,27.5024
TOI-836.01,1,Transit,2021,Published Confirmed,0,8.59545,0.075,2.587,9.6,0.03020498,27.5024
TOI-837 b,1,Transit,2020,Published Confirmed,0,8.3249113,0.0888,9.16894621,120.45696625,0.379,142.488
TOI-849 b,1,Transit,2020,Published Confirmed,0,0.765548,0.0155,3.64,41.8,0.13151751,225.734
TOI-858 B b,1,Transit,2023,Published Confirmed,0,3.2797178,0.04435,14.06727078,349.6112477,1.1,250.489
TOI-871 b,1,Transit,2024,Published Confirmed,0,14.362565,0.1054,1.664,,,68.0473
TOI-880 c,1,Transit,2025,Published Confirmed,0,6.3872703,0.0635,4.95,,,60.6679
TOI-880.02,1,Transit,2024,Published Confirmed,0,2.57571,0.0349,2.19,,,60.6679
TOI-883 b,1,Transit,2026,Published Confirmed,0,10.05771848538,,7.17166228,,,102.637
TOI-892 b,1,Transit,2020,Published Confirmed,0,10.62656,0.092,11.99363,301.9385,0.95,340.543
TOI-904 b,1,Transit,2023,Published Confirmed,0,10.8772,0.056,2.426,,,46.0891
TOI-904 c,1,Transit,2023,Published Confirmed,0,83.9997,0.312,2.167,,,46.0891
TOI-905 b,1,Transit,2020,Published Confirmed,0,3.739494,0.04666,13.125739,211.99261,0.667,158.649
TOI-907.01,1,Transit,2024,Published Confirmed,0,4.5849129,0.055225481,9.6158851,,,312.529
TOI-908 b,1,Transit,2023,Published Confirmed,0,3.183792,0.041657,3.186,16.137,0.05077268,175.748
TOI-912 b,1,Transit,2025,Published Confirmed,0,4.6780691,0.041,1.93,5.1,0.01604639,26.1072
TOI-913 b,1,Transit,2023,Published Confirmed,0,11.098644,,2.4528,,,65.1769
TOI-921 b,1,Transit,2026,Published Confirmed,0,5.12871907628,,3.53409617,,,294.015
TOI-929 b,1,Transit,2026,Published Confirmed,0,5.83015366944,,2.68983343,,,114.421
TOI-938 b,1,Transit,2026,Published Confirmed,0,8.80733882211,,4.82401567,,,215.034
TOI-941 b,1,Transit,2026,Published Confirmed,0,8.51460888787,,6.51165317,,,263.386
TOI-942 b,1,Transit,2020,Published Confirmed,0,4.32421,0.04866,3.89,,,152.601
TOI-942 c,1,Transit,2020,Published Confirmed,0,10.156272,0.08598,4.67,,,152.601
TOI-954 b,1,Transit,2020,Published Confirmed,0,3.6849729,0.04963,9.550068,55.30242,0.174,238.768
TOI-969 b,1,Transit,2022,Published Confirmed,0,1.8237305,0.02636,2.765,9.1,0.0286318,77.2554
TOI-969 c,1,Radial Velocity,2022,Published Confirmed,0,1700.0,2.52,,3591.4609991,11.3,77.2554
TRAPPIST-1 b,1,Transit,2016,Published Confirmed,0,1.510826,0.01154,1.116,1.374,0.00432309,
TRAPPIST-1 c,1,Transit,2016,Published Confirmed,0,2.421937,0.0158,1.097,1.308,0.00411543,
TRAPPIST-1 d,1,Transit,2016,Published Confirmed,0,4.049219,0.02227,0.788,0.388,0.00122078,
TRAPPIST-1 e,1,Transit,2017,Published Confirmed,0,6.101013,0.02925,0.92,0.692,0.00217728,
TRAPPIST-1 f,1,Transit,2017,Published Confirmed,0,9.20754,0.03849,1.045,1.039,0.00326906,
TRAPPIST-1 g,1,Transit,2017,Published Confirmed,0,12.352446,0.04683,1.129,1.321,0.00415633,
TRAPPIST-1 h,1,Transit,2017,Published Confirmed,0,18.772866,0.06189,0.755,0.326,0.00102571,
TWA 7 b,1,Imaging,2025,Published Confirmed,0,,52.0,,108.06165838,0.34,33.9958
TYC 0434-04538-1 b,1,Radial Velocity,2021,Published Confirmed,0,193.2,0.66,,1938.763,6.1,613.422
TYC 1422-614-1 b,1,Radial Velocity,2014,Published Confirmed,0,198.4,0.69,,794.5,2.5,672.41
TYC 1422-614-1 c,1,Radial Velocity,2014,Published Confirmed,0,559.3,1.37,,3178.0,10.0,672.41
TYC 2187-512-1 b,1,Radial Velocity,2022,Published Confirmed,0,691.9,1.22,,104.88337431,0.33,15.4744
TYC 3318-01333-1 b,1,Radial Velocity,2018,Published Confirmed,0,562.0,1.414,,1086.9786,3.42,490.61
TYC 3667-1280-1 b,1,Radial Velocity,2016,Published Confirmed,0,26.468,0.21,,1716.282,5.4,477.516
TYC 4282-00605-1 b,1,Radial Velocity,2017,Published Confirmed,0,101.54,0.422,,3426.2074,10.78,464.128
TYC 8998-760-1 b,1,Imaging,2020,Published Confirmed,1,,146.0,,,,94.6177
TYC 8998-760-1 c,1,Imaging,2020,Published Confirmed,0,,320.0,12.3299,1906.98,6.0,94.6177
Teegarden's Star b,1,Radial Velocity,2019,Published Confirmed,0,4.90634,0.0259,,1.16,0.00364977,3.83078
Teegarden's Star c,1,Radial Velocity,2019,Published Confirmed,0,11.416,0.0455,,1.05,0.00330367,3.83078
Teegarden's Star d,1,Radial Velocity,2024,Published Confirmed,0,26.13,0.0791,,0.82,0.00258001,3.83078
TrES-1 b,1,Transit,2004,Published Confirmed,0,3.03007,,12.66617,266.9772,0.84,159.658
TrES-2 b,1,Transit,2006,Published Confirmed,0,2.47063,,15.24424,473.5667,1.49,215.32
TrES-3 b,1,Transit,2007,Published Confirmed,0,1.30618581,0.02282,14.975,607.03,1.91,231.337
TrES-4 b,1,Transit,2007,Published Confirmed,0,3.55395,,18.04649,247.9074,0.78,515.98
TrES-5 b,1,Transit,2011,Published Confirmed,0,1.48224686,0.02459,13.383546,568.9157,1.79,360.313
UCAC3 113-933 b,1,Imaging,2024,Published Confirmed,0,,6100.0,,6674.396547,21.0,52.5829
UCAC4 328-061594 b,1,Imaging,2024,Published Confirmed,0,,19000.0,,6674.396547,21.0,39.9089
UKIRT-2017-BLG-001L b,1,Microlensing,2018,Published Confirmed,0,,4.18,,407.0,1.28,6300.0
USco CTIO 108 b,1,Imaging,2008,Published Confirmed,0,,670.0,,4449.62,14.0,144.019
USco1556 b,1,Imaging,2019,Published Confirmed,0,,3500.0,,4767.45,15.0,140.635
USco1621 b,1,Imaging,2019,Published Confirmed,0,,2880.0,,5085.28,16.0,137.901
UZ For b,1,Eclipse Timing Variations,2011,Published Confirmed,0,5840.0,5.9,,2002.2,6.3,
UZ For c,1,Eclipse Timing Variations,2011,Published Confirmed,0,1916.25,2.8,,2447.2,7.7,
V0391 Peg b,1,Pulsation Timing Variations,2007,Published Confirmed,0,1170.0,1.7,,1017.056,3.2,1195.98
V1298 Tau b,1,Transit,2019,Published Confirmed,0,24.140006,0.1685,9.41,13.1,0.04121721,108.199
V1298 Tau c,1,Transit,2019,Published Confirmed,0,8.249164,0.0824,5.08,4.7,0.01478785,108.199
V1298 Tau d,1,Transit,2019,Published Confirmed,0,12.401394,0.1081,6.53,6.0,0.01887811,108.199
V1298 Tau e,1,Transit,2019,Published Confirmed,0,48.677714,0.2689,10.17,15.3,0.04813918,108.199
V2376 Ori b,1,Imaging,2025,Published Confirmed,0,,71.0,87.20586985,6356.56814,20.0,
V830 Tau b,1,Radial Velocity,2016,Published Confirmed,1,4.927,0.057,,222.481,0.7,130.111
VHS J125601.92-125723.9 b,1,Imaging,2015,Published Confirmed,0,5800000.0,350.0,13.67495645,5085.254512,16.0,
WASP-1 b,1,Transit,2007,Published Confirmed,0,2.5199454,0.03889,16.623,271.415,0.854,393.072
WASP-10 b,1,Transit,2008,Published Confirmed,0,3.0927616,0.03781,12.106,1001.12,3.15,140.998
WASP-100 b,1,Transit,2014,Published Confirmed,0,2.84938,,14.90797,400.4658,1.26,364.411
WASP-101 b,1,Transit,2014,Published Confirmed,0,3.58572,,16.02887,162.0933,0.51,201.224
WASP-102 b,1,Transit,2025,Published Confirmed,0,2.709813,0.041,14.90794433,197.68926915,0.622,535.689
WASP-103 b,1,Transit,2014,Published Confirmed,0,0.925542,0.01985,17.127,473.547,1.49,375.647
WASP-104 b,1,Transit,2014,Published Confirmed,0,1.7554137,0.02918,12.745,404.263,1.272,185.932
WASP-105 b,1,Transit,2017,Published Confirmed,0,7.87288,0.075,10.76064,572.094,1.8,169.272
WASP-106 b,1,Transit,2014,Published Confirmed,0,9.28969,0.0901,12.10569916,613.40882551,1.93,352.181
WASP-107 b,1,Transit,2017,Published Confirmed,0,5.7214876,,,30.51152707,0.096,64.7414
WASP-107 c,1,Radial Velocity,2020,Published Confirmed,0,1066.0,,,111.23994245,0.35,64.7414
WASP-108 b,1,Transit,2020,Published Confirmed,0,,,15.13212395,,,258.777
WASP-11 b,1,Transit,2008,Published Confirmed,0,3.72247,,12.44199,251.0857,0.79,124.73
WASP-110 b,1,Transit,2021,Published Confirmed,0,3.7784022,,13.19297028,154.78243421,0.487,274.96
WASP-113 b,1,Transit,2016,Published Confirmed,0,4.54216874538,0.05885,15.793481,150.96925,0.475,435.156
WASP-114 b,1,Transit,2016,Published Confirmed,0,1.5487743,0.02851,15.008851,562.24127,1.769,523.337
WASP-116 b,1,Transit,2025,Published Confirmed,0,6.6132,0.065,13.67495645,203.41018048,0.64,559.243
WASP-117 b,1,Transit,2014,Published Confirmed,0,10.02165,,11.88154,95.349,0.3,157.963
WASP-118 b,1,Transit,2016,Published Confirmed,0,4.0460435,0.05453,16.14096,163.36462,0.514,376.658
WASP-119 b,1,Transit,2016,Published Confirmed,0,2.49979,0.0363,15.6926,390.9309,1.23,302.448
WASP-12 b,1,Transit,2008,Published Confirmed,0,1.091418901,0.0234,22.02564708,,,427.246
WASP-120 b,1,Transit,2016,Published Confirmed,0,,,15.58048317,,,381.174
WASP-121 b,1,Transit,2016,Published Confirmed,0,1.27492504,0.02571,19.52604438,371.85923619,1.17,269.898
WASP-123 b,1,Transit,2016,Published Confirmed,0,,,15.13212395,,,197.996
WASP-124 b,1,Transit,2016,Published Confirmed,0,3.37265,0.0449,13.89916,190.698,0.6,448.637
WASP-126 b,1,Transit,2016,Published Confirmed,0,3.28883,,,90.3,0.28411415,216.526
WASP-126 c,1,Transit Timing Variations,2019,Published Confirmed,0,7.63,,,64.2,0.20199478,216.526
WASP-127 b,1,Transit,2016,Published Confirmed,0,4.17806203,0.0484,14.694999,52.346601,0.1647,159.507
WASP-129 b,1,Transit,2016,Published Confirmed,0,5.748145,0.0628,10.42437,317.83,1.0,301.462
WASP-13 b,1,Transit,2009,Published Confirmed,0,4.35301,,13.67498,114.4188,0.36,227.537
WASP-130 b,1,Transit,2016,Published Confirmed,0,11.55098,0.1012,9.97601,390.9309,1.23,172.256
WASP-131 b,1,Transit,2016,Published Confirmed,0,5.3220125,0.0608,13.74221034,86.76715511,0.273,200.075
WASP-132 b,1,Transit,2016,Published Confirmed,0,7.1335164,0.0674,10.09929161,136.0305582,0.428,122.91
WASP-132 c,1,Transit,2022,Published Confirmed,0,1.01153624,0.01833,1.841,6.26,0.01969616,122.91
WASP-132 d,1,Radial Velocity,2024,Published Confirmed,0,1816.6,2.71,,1639.99458012,5.16,122.91
WASP-133 b,1,Transit,2016,Published Confirmed,0,2.176423,0.0345,13.56289,368.6828,1.16,559.084
WASP-135 b,1,Transit,2015,Published Confirmed,0,1.4013794,0.0243,14.5717,603.877,1.9,298.214
WASP-136 b,1,Transit,2016,Published Confirmed,0,,,16.81347105,,,275.587
WASP-138 b,1,Transit,2016,Published Confirmed,0,3.634433,0.0494,12.21781,387.7526,1.22,414.234
WASP-139 b,1,Transit,2016,Published Confirmed,0,5.924262,0.062,8.9672,37.18611,0.117,212.472
WASP-14 b,1,Transit,2008,Published Confirmed,0,2.24375,,15.46842,2809.6172,8.84,161.997
WASP-140 b,1,Transit,2016,Published Confirmed,0,,,14.23540549,,,117.598
WASP-141 b,1,Transit,2016,Published Confirmed,0,3.310651,0.0469,13.56289,854.9627,2.69,516.543
WASP-142 b,1,Transit,2016,Published Confirmed,0,2.052868,0.0347,17.14977,266.9772,0.84,730.933
WASP-144 b,1,Transit,2018,Published Confirmed,0,2.2783152,0.0316,9.52765,139.8452,0.44,355.513
WASP-145 A b,1,Transit,2018,Published Confirmed,0,1.7690381,0.0261,10.0881,282.8687,0.89,91.299
WASP-147 b,1,Transit,2018,Published Confirmed,0,4.60273,0.0549,12.498035,87.40325,0.275,436.098
WASP-148 b,1,Transit,2020,Published Confirmed,0,8.803809,0.08215,8.47398941,91.21675281,0.287,246.353
WASP-148 c,1,Radial Velocity,2020,Published Confirmed,0,34.524,0.2044,,124.58873554,0.392,246.353
WASP-149 b,1,Transit,2025,Published Confirmed,0,1.332813,0.024,15.24421375,314.96795134,0.991,211.73
WASP-15 b,1,Transit,2009,Published Confirmed,0,3.7521,,15.80469,171.6282,0.54,282.091
WASP-150 b,1,Transit,2020,Published Confirmed,0,5.644207,0.0694,11.99363,2688.8418,8.46,527.995
WASP-151 b,1,Transit,2017,Published Confirmed,0,4.5334775,0.055,13.30506009,100.43377661,0.316,453.099
WASP-153 b,1,Transit,2017,Published Confirmed,0,3.332609,0.048,17.37395,123.9537,0.39,610.176
WASP-154 b,1,Transit,2025,Published Confirmed,0,3.811678,0.044,10.76062147,198.96058278,0.626,215.501
WASP-155 b,1,Transit,2025,Published Confirmed,0,3.110413,0.043,13.45077684,276.8285425,0.871,399.63
WASP-156 b,1,Transit,2017,Published Confirmed,0,3.8361629,0.046,6.15,42.0,0.13214678,122.066
WASP-157 b,1,Transit,2016,Published Confirmed,0,3.951623,0.0499,11.19,,,334.037
WASP-158 b,1,Transit,2018,Published Confirmed,0,3.656333,0.0517,11.99363,886.7457,2.79,524.993
WASP-159 b,1,Transit,2018,Published Confirmed,0,3.840401,0.0538,15.46842,174.8065,0.55,715.383
WASP-16 b,1,Transit,2009,Published Confirmed,0,3.1186,,13.67498,394.1092,1.24,194.134
WASP-160 B b,1,Transit,2018,Published Confirmed,0,3.7684952,0.0452,12.21781,88.35674,0.278,288.326
WASP-161 b,1,Transit,2018,Published Confirmed,0,5.4060425,0.0673,12.811887,791.3967,2.49,343.08
WASP-162 b,1,Transit,2018,Published Confirmed,0,9.62468,0.0871,11.209,1652.716,5.2,310.841
WASP-163 b,1,Transit,2018,Published Confirmed,0,1.6096884,0.0266,13.473218,594.3421,1.87,261.386
WASP-164 b,1,Transit,2018,Published Confirmed,0,1.7771255,0.02818,12.643752,676.9779,2.13,327.506
WASP-165 b,1,Transit,2018,Published Confirmed,0,3.465509,0.04823,14.12334,209.13214,0.658,602.236
WASP-166 b,1,Transit,2019,Published Confirmed,0,5.44354,0.0641,7.06167,32.10083,0.101,114.173
WASP-167 b,1,Transit,2017,Published Confirmed,0,2.0219596,0.0365,17.71022,2542.64,8.0,423.552
WASP-168 b,1,Transit,2018,Published Confirmed,0,4.153658,0.0519,16.8135,133.4886,0.42,303.941
WASP-169 b,1,Transit,2019,Published Confirmed,0,5.6114118,0.0681,14.616536,178.30263,0.561,627.066
WASP-17 b,1,Transit,2009,Published Confirmed,0,3.73543,,20.96083,247.9074,0.78,405.908
WASP-170 b,1,Transit,2018,Published Confirmed,0,2.34478022,0.0337,12.285064,508.528,1.6,305.603
WASP-171 b,1,Transit,2019,Published Confirmed,0,3.8186244,0.0504,10.98482,344.52772,1.084,757.84
WASP-172 b,1,Transit,2018,Published Confirmed,0,5.477433,0.0694,17.59813,149.3801,0.47,538.11
WASP-173 A b,1,Transit,2018,Published Confirmed,0,1.38665318,0.0248,13.4508,1172.7927,3.69,232.98
WASP-174 b,1,Transit,2018,Published Confirmed,0,4.2337005,0.05503,16.10730527,104.88337431,0.33,410.149
WASP-175 b,1,Transit,2019,Published Confirmed,0,3.0652907,0.04403,13.540472,314.6517,0.99,539.36
WASP-176 b,1,Transit,2020,Published Confirmed,0,3.899052,0.0535,16.869545,271.74465,0.855,568.42
WASP-177 b,1,Transit,2019,Published Confirmed,0,3.071722,0.03957,17.71022,161.45764,0.508,176.818
WASP-178 b,1,Transit,2019,Published Confirmed,0,3.3448285,0.0558,20.28829,527.5978,1.66,427.678
WASP-18 b,1,Transit,2009,Published Confirmed,0,0.94145223,0.02024,13.89913607,3241.8497514,10.2,123.483
WASP-180 A b,1,Transit,2019,Published Confirmed,0,3.409264,0.048,13.89916,286.047,0.9,253.985
WASP-181 b,1,Transit,2019,Published Confirmed,0,4.5195064,0.05427,13.271456,95.03117,0.299,437.495
WASP-182 b,1,Transit,2019,Published Confirmed,0,3.3769848,0.0451,9.52765,47.03884,0.148,327.602
WASP-183 b,1,Transit,2019,Published Confirmed,0,4.1117771,0.04632,16.47723,159.55066,0.502,325.377
WASP-184 b,1,Transit,2019,Published Confirmed,0,5.1817,0.0627,14.90797,181.1631,0.57,663.231
WASP-185 b,1,Transit,2019,Published Confirmed,0,9.38755,0.0904,14.01125,311.4734,0.98,279.35
WASP-186 b,1,Transit,2020,Published Confirmed,0,5.026799,0.06,12.44199,1341.2426,4.22,278.514
WASP-187 b,1,Transit,2020,Published Confirmed,0,5.147878,0.0653,18.38276,254.264,0.8,371.414
WASP-188 b,1,Transit,2025,Published Confirmed,0,5.748916,0.072,14.81827249,458.6263913,1.443,675.281
WASP-189 b,1,Transit,2020,Published Confirmed,0,2.724033,0.05053,18.14733975,632.47852993,1.99,99.731
WASP-19 b,1,Transit,2009,Published Confirmed,0,0.78883852,0.01652,15.86070769,366.77398168,1.154,268.325
WASP-190 b,1,Transit,2019,Published Confirmed,0,5.367753,0.0663,12.89035,317.83,1.0,542.251
WASP-192 b,1,Transit,2019,Published Confirmed,0,2.8786765,0.0408,13.78707,731.009,2.3,508.885
WASP-193 b,1,Transit,2023,Published Confirmed,0,6.2463475,0.0668,14.78464554,35.59678158,0.112,362.087
WASP-194 b,1,Transit,2025,Published Confirmed,0,3.183387,0.047,15.47960235,373.13054982,1.174,476.831
WASP-195 b,1,Transit,2025,Published Confirmed,0,5.051928,0.063,10.31226224,33.05415433,0.104,484.852
WASP-197 b,1,Transit,2025,Published Confirmed,0,5.167228,0.065,14.44837612,403.32424848,1.269,483.675
WASP-2 b,1,Transit,2007,Published Confirmed,0,2.152175,0.03144,12.116929,295.89973,0.931,153.242
WASP-20 b,1,Transit,2015,Published Confirmed,0,,,15.46839337,,,211.877
WASP-21 b,1,Transit,2010,Published Confirmed,0,4.322482,0.052,11.99,95.345,0.3,258.426
WASP-22 b,1,Transit,2010,Published Confirmed,0,3.53269,,13.78707,212.9461,0.67,317.652
WASP-23 b,1,Transit,2010,Published Confirmed,0,2.9444256,0.0376,10.783,280.95,0.884,207.49
WASP-24 b,1,Transit,2010,Published Confirmed,0,2.34121,,15.46842,394.1092,1.24,322.114
WASP-25 b,1,Transit,2010,Published Confirmed,0,3.7648337,,13.80946422,179.25522155,0.564,211.416
WASP-26 b,1,Transit,2010,Published Confirmed,0,2.7566,,13.56289,270.1555,0.85,252.759
WASP-28 b,1,Transit,2014,Published Confirmed,0,3.40883495,0.0442,13.66374747,282.54945382,0.889,348.494
WASP-29 b,1,Transit,2010,Published Confirmed,0,3.92273,,8.63093,73.1009,0.23,87.5953
WASP-3 b,1,Transit,2007,Published Confirmed,0,1.84683,,15.91678,772.3269,2.43,231.161
WASP-31 b,1,Transit,2010,Published Confirmed,0,3.4059096,0.04659,17.363,151.916,0.478,383.829
WASP-32 b,1,Transit,2010,Published Confirmed,0,2.71866,,10.76064,835.8929,2.63,275.994
WASP-33 b,1,Transit,2010,Published Confirmed,0,1.21987,0.0239,17.855937,665.21819,2.093,121.944
WASP-34 b,1,Transit,2010,Published Confirmed,0,4.31768,,11.209,177.9848,0.56,132.096
WASP-35 b,1,Transit,2011,Published Confirmed,0,3.16158,,14.5717,225.6593,0.71,202.218
WASP-36 b,1,Transit,2011,Published Confirmed,0,1.53736596,0.02677,14.874343,750.39663,2.361,386.346
WASP-37 b,1,Transit,2010,Published Confirmed,0,3.577469,0.0446,13.002,572.07,1.8,392.791
WASP-38 b,1,Transit,2010,Published Confirmed,0,6.87188,,13.78707,1093.3352,3.44,136.24
WASP-39 b,1,Transit,2011,Published Confirmed,0,4.0552941,0.04828,14.336311,89.31023,0.281,213.982
WASP-4 b,1,Transit,2007,Published Confirmed,0,1.338230994,0.02261,15.12091496,381.3940884,1.2,267.206
WASP-41 b,1,Transit,2011,Published Confirmed,0,3.0524,,12.3299,270.1555,0.85,163.371
WASP-41 c,1,Radial Velocity,2015,Published Confirmed,0,421.0,1.07,,1010.6994,3.18,163.371
WASP-42 b,1,Transit,2012,Published Confirmed,0,4.9816819,0.0561,12.576498,167.49641,0.527,177.291
WASP-43 b,1,Transit,2011,Published Confirmed,0,0.813475,0.0142,10.424,565.714,1.78,86.7467
WASP-44 b,1,Transit,2011,Published Confirmed,0,2.423804,0.03453,12.3299,276.5121,0.87,364.512
WASP-45 b,1,Transit,2011,Published Confirmed,0,3.126089,0.03963,10.603714,306.38812,0.964,211.196
WASP-46 b,1,Transit,2011,Published Confirmed,0,1.43036763,0.02335,13.159366,607.0553,1.91,375.31
WASP-47 b,1,Transit,2012,Published Confirmed,0,4.159151,,12.86,374.0,1.1767356,264.78
WASP-47 c,1,Radial Velocity,2015,Published Confirmed,0,589.57,,,447.0,1.40641928,264.78
WASP-47 d,1,Transit,2015,Published Confirmed,0,9.030501,,3.65,15.5,0.04876845,264.78
WASP-47 e,1,Transit,2015,Published Confirmed,0,0.78961,,1.83,9.0,0.02831717,264.78
WASP-48 b,1,Transit,2011,Published Confirmed,0,2.14363,,16.8135,254.264,0.8,454.144
WASP-49 b,1,Transit,2012,Published Confirmed,0,2.78174,,12.44199,117.5971,0.37,194.553
WASP-5 b,1,Transit,2008,Published Confirmed,0,1.6284279,0.0267,12.184,502.15,1.58,309.137
WASP-50 b,1,Transit,2011,Published Confirmed,0,1.9551,0.0293,13.069694,466.828704,1.4688,184.848
WASP-52 b,1,Transit,2012,Published Confirmed,0,1.7497798,0.0272,14.24,146.2,0.46,174.818
WASP-53 b,1,Transit,2017,Published Confirmed,0,3.3098443,0.04101,12.038466,677.61356,2.132,201.338
WASP-53 c,1,Radial Velocity,2017,Published Confirmed,0,2840.0,3.73,,5196.5205,16.35,201.338
WASP-54 b,1,Transit,2012,Published Confirmed,0,3.69364,,17.71022,187.5197,0.59,251.303
WASP-55 b,1,Transit,2012,Published Confirmed,0,4.465631,,14.72860064,186.2474465,0.586,297.462
WASP-56 b,1,Transit,2012,Published Confirmed,0,4.6171,,10.53646,143.0235,0.45,321.084
WASP-57 b,1,Transit,2012,Published Confirmed,0,2.83891856,0.03769,11.76945,204.68252,0.644,398.276
WASP-58 b,1,Transit,2012,Published Confirmed,0,5.01718,,16.02887,308.2951,0.97,290.404
WASP-59 b,1,Transit,2012,Published Confirmed,0,7.919585,0.0697,8.687,274.276,0.863,115.936
WASP-6 b,1,Transit,2009,Published Confirmed,0,3.3610026,,12.5428494,148.42586607,0.467,197.119
WASP-60 b,1,Transit,2012,Published Confirmed,0,4.305,,9.86392,174.8065,0.55,431.052
WASP-61 b,1,Transit,2012,Published Confirmed,0,3.8559,,15.80469,851.7844,2.68,488.66
WASP-62 b,1,Transit,2012,Published Confirmed,0,4.41195,,14.79588,165.2716,0.52,175.631
WASP-63 b,1,Transit,2012,Published Confirmed,0,4.37808,,15.80469,117.5971,0.37,290.684
WASP-64 b,1,Transit,2012,Published Confirmed,0,1.5732918,0.02648,14.247,403.945,1.271,369.926
WASP-65 b,1,Transit,2013,Published Confirmed,0,2.3114243,0.0334,12.464,492.62,1.55,273.703
WASP-66 b,1,Transit,2012,Published Confirmed,0,4.08605,,15.6926,746.9005,2.35,500.258
WASP-67 b,1,Transit,2012,Published Confirmed,0,4.61442,,12.89035,136.6669,0.43,189.469
WASP-68 b,1,Transit,2014,Published Confirmed,0,5.0843,,14.79588,343.2564,1.08,226.399
WASP-69 b,1,Transit,2014,Published Confirmed,0,3.86813881,0.0453,11.21,82.58,0.26,49.9605
WASP-7 b,1,Transit,2008,Published Confirmed,0,4.9546416,0.0617,14.90797,305.1168,0.96,162.303
WASP-70 A b,1,Transit,2014,Published Confirmed,0,3.7130203,0.04853,13.047,187.512,0.59,222.355
WASP-71 b,1,Transit,2012,Published Confirmed,0,2.90367,,13.22662,441.7837,1.39,362.715
WASP-72 b,1,Transit,2012,Published Confirmed,0,2.21673,,14.45961,731.009,2.3,434.754
WASP-73 b,1,Transit,2014,Published Confirmed,0,4.08722,,15.91678,908.9938,2.86,316.678
WASP-74 b,1,Transit,2015,Published Confirmed,0,2.13775,,15.24424,228.8376,0.72,149.216
WASP-75 b,1,Transit,2013,Published Confirmed,0,2.484193,0.0375,14.235,340.06,1.07,294.001
WASP-76 b,1,Transit,2016,Published Confirmed,0,1.80988198,0.033,20.78145022,284.13859586,0.894,194.459
WASP-77 A b,1,Transit,2012,Published Confirmed,0,1.360029395,0.023233633,,529.31142902,1.6654,105.166
WASP-78 b,1,Transit,2012,Published Confirmed,0,2.17518,,21.63337,352.7913,1.11,754.258
WASP-79 b,1,Transit,2012,Published Confirmed,0,3.662392,0.0519,17.14974047,270.15414595,0.85,246.69
WASP-8 b,1,Transit,2010,Published Confirmed,0,8.15872,,12.66617,807.2882,2.54,89.9606
WASP-8 c,1,Radial Velocity,2013,Published Confirmed,0,4323.0,5.28,,3003.37,9.45,89.9606
WASP-80 b,1,Transit,2012,Published Confirmed,0,3.06785234,0.0344,11.197791,170.99254,0.538,49.7876
WASP-81 b,1,Transit,2017,Published Confirmed,0,2.7164762,0.03908,16.017661,231.69807,0.729,398.505
WASP-82 b,1,Transit,2015,Published Confirmed,0,2.70579,,18.15858,371.8611,1.17,275.664
WASP-83 b,1,Transit,2015,Published Confirmed,0,4.971252,0.059,11.65736,95.349,0.3,271.103
WASP-84 b,1,Transit,2014,Published Confirmed,0,8.52349648,0.0778,10.72,220.0,0.692,100.588
WASP-84 c,1,Transit,2023,Published Confirmed,0,1.4468849,0.02359,1.95,15.2,0.048,100.588
WASP-85 A b,1,Transit,2016,Published Confirmed,0,2.6556777,0.039,13.89916,402.05495,1.265,141.887
WASP-87 b,1,Transit,2016,Published Confirmed,0,1.682795,0.02946,15.524465,692.8694,2.18,298.392
WASP-88 b,1,Transit,2014,Published Confirmed,0,4.954,,16.36514,133.4886,0.42,523.756
WASP-89 b,1,Transit,2015,Published Confirmed,0,3.3564227,0.0427,11.65736,1875.197,5.9,290.946
WASP-90 b,1,Transit,2016,Published Confirmed,0,3.916243,0.0562,18.27067,200.2329,0.63,466.433
WASP-91 b,1,Transit,2017,Published Confirmed,0,2.798581,0.037,11.54527,425.8922,1.34,149.942
WASP-92 b,1,Transit,2016,Published Confirmed,0,2.1746742,0.0348,16.376349,255.85315,0.805,575.889
WASP-93 b,1,Transit,2016,Published Confirmed,0,2.7325321,0.04211,17.900773,467.2101,1.47,370.284
WASP-94 A b,1,Transit,2014,Published Confirmed,0,3.95019,,17.71022,158.915,0.5,211.211
WASP-94 B b,1,Radial Velocity,2014,Published Confirmed,0,2.00839,0.0335,,196.411,0.618,208.696
WASP-95 b,1,Transit,2014,Published Confirmed,0,2.18467,,13.78707,457.6752,1.44,137.544
WASP-96 b,1,Transit,2014,Published Confirmed,0,3.4252602,0.0453,13.45,152.55,0.48,352.464
WASP-97 b,1,Transit,2014,Published Confirmed,0,2.07276,,12.77826,432.2488,1.36,151.068
WASP-98 b,1,Transit,2014,Published Confirmed,0,2.96264036,0.03762,12.823096,293.03926,0.922,281.742
WASP-99 b,1,Transit,2014,Published Confirmed,0,5.75251,,11.43318,772.3269,2.43,158.66
WD 0806-661 b,1,Imaging,2011,Published Confirmed,0,,,12.10569916,2224.798849,7.0,19.2444
WD 1856+534 b,1,Transit,2020,Published Confirmed,0,1.4079405,0.0204,10.4,4386.054,13.8,24.7359
WISE J033605.05-014350.4 b,1,Imaging,2023,Published Confirmed,0,2560.0,0.97,,2622.08435775,8.25,
WISEP J121756.91+162640.2 A b,1,Imaging,2012,Published Confirmed,0,,8.0,10.468,6992.0,22.0,
WISPIT 1 b,1,Imaging,2025,Published Confirmed,0,,338.0,,3305.4154328,10.4,230.007
WISPIT 1 c,1,Imaging,2025,Published Confirmed,0,,840.0,,1684.4905571,5.3,230.007
WISPIT 2 b,1,Imaging,2025,Published Confirmed,0,,57.0,,1541.46777395,4.85,134.907
WISPIT 2 c,1,Imaging,2026,Published Confirmed,0,,14.0,17.93436912,3178.28407,10.0,134.907
WTS-1 b,1,Transit,2012,Published Confirmed,0,3.352057,0.047,16.7,1274.44,4.01,2346.01
WTS-2 b,1,Transit,2014,Published Confirmed,0,1.0187068,0.01855,15.277867,355.9696,1.12,
Wendelstein-1 b,1,Transit,2020,Published Confirmed,0,2.663416,0.0282,11.5609626,188.15536,0.592,305.3
Wendelstein-2 b,1,Transit,2020,Published Confirmed,0,1.7522239,0.0234,12.9934728,232.33373,0.731,565.541
Wolf 1061 b,1,Radial Velocity,2015,Published Confirmed,0,4.8869,0.0375,,1.91,0.0060095,4.30592
Wolf 1061 c,1,Radial Velocity,2015,Published Confirmed,0,17.8719,0.089,,3.41,0.01072901,4.30592
Wolf 1061 d,1,Radial Velocity,2015,Published Confirmed,0,217.21,0.47,,7.7,0.02422679,4.30592
Wolf 1069 b,1,Radial Velocity,2023,Published Confirmed,0,15.564,0.0672,,1.26,0.0039644,9.58341
Wolf 327 b,1,Transit,2024,Published Confirmed,0,0.5734745,0.01,1.24,2.53,0.00796027,28.5321
Wolf 503 b,1,Transit,2018,Published Confirmed,0,6.00127,0.05706,2.043,6.26,0.01969616,44.526
XO-1 b,1,Transit,2006,Published Confirmed,0,3.94153,,12.77826,263.7989,0.83,163.553
XO-2 N b,1,Transit,2007,Published Confirmed,0,2.61585906,0.03666,,188.79007376,0.594,154.273
XO-2 S b,1,Radial Velocity,2014,Published Confirmed,0,18.22,0.1347,,82.63538582,0.26,151.398
XO-2 S c,1,Radial Velocity,2014,Published Confirmed,0,120.059,0.4737,,438.60320166,1.38,151.398
XO-2 S d,1,Radial Velocity,2024,Published Confirmed,0,4696.0,5.46,,1179.14338997,3.71,151.398
XO-3 b,1,Transit,2007,Published Confirmed,0,3.19152309,0.04815,14.79585452,4217.58296089,13.27,213.053
XO-4 b,1,Transit,2010,Published Confirmed,0,4.12508,,14.01125,451.3186,1.42,272.655
XO-5 b,1,Transit,2008,Published Confirmed,0,4.1877558,0.0515,12.78,378.2,1.19,276.211
XO-6 b,1,Transit,2016,Published Confirmed,0,3.7650007,0.0815,23.20263,1398.452,4.4,235.479
XO-7 b,1,Transit,2019,Published Confirmed,0,2.8641424,0.04421,15.389957,225.34147,0.709,234.149
YZ Cet b,1,Radial Velocity,2017,Published Confirmed,0,2.02087,0.01634,,0.7,0.00220245,3.71207
YZ Cet c,1,Radial Velocity,2017,Published Confirmed,0,3.05989,0.02156,,1.14,0.00358684,3.71207
YZ Cet d,1,Radial Velocity,2017,Published Confirmed,0,4.65626,0.02851,,1.09,0.00342952,3.71207
ZTF J1230-2655 b,1,Transit,2025,Published Confirmed,0,0.23597766,,13.78704626,7024.0077947,22.1,186.69
ZTF J1828+2308 b,1,Transit,2025,Published Confirmed,0,0.1120067,,11.13051784,6356.56814,20.0,201.827
alf Ari b,1,Radial Velocity,2010,Published Confirmed,0,380.8,1.2,,572.07,1.8,20.21019
alf Tau b,1,Radial Velocity,2015,Published Confirmed,1,628.96,1.46,,2056.3601,6.47,20.4332
b Cen AB b,1,Imaging,2021,Published Confirmed,0,1790000.0,556.0,,3464.3296363,10.9,98.0935
bet Cnc b,1,Radial Velocity,2014,Published Confirmed,0,605.2,1.7,,2479.0,7.8,89.0472
bet Pic b,1,Imaging,2008,Published Confirmed,0,8682.0,10.07,,2765.1071409,8.7,19.7442
bet Pic c,1,Radial Velocity,2019,Published Confirmed,0,1202.0,2.7,,2765.1071409,8.7,19.7442
bet Pic d,1,Imaging,2026,Published Confirmed,0,33200.0,26.0,14.12331568,762.7881768,2.4,19.7442
bet UMi b,1,Radial Velocity,2014,Published Confirmed,0,522.3,1.4,,1938.7,6.1,38.77472
eps CrB b,1,Radial Velocity,2012,Published Confirmed,0,417.9,1.3,,2129.461,6.7,69.8683
eps Eri b,1,Radial Velocity,2000,Published Confirmed,0,2680.0,3.53,,317.828407,1.0,3.2026
eps Ind A b,1,Radial Velocity,2019,Published Confirmed,0,25450.0,15.76,,2065.8846455,6.5,3.63857
eps Tau b,1,Radial Velocity,2006,Published Confirmed,0,585.82,1.878,,2285.18624633,7.19,47.52852
gam Cep b,1,Radial Velocity,2003,Published Confirmed,0,913.0,,,2097.6674862,6.6,14.1024
gam Lib b,1,Radial Velocity,2018,Published Confirmed,0,414.88,1.319,,357.87478628,1.126,47.4017
gam Lib c,1,Radial Velocity,2018,Published Confirmed,0,966.49,2.318,,1662.56039702,5.231,47.4017
gam Psc b,1,Radial Velocity,2021,Published Confirmed,0,555.1,1.32,,425.89006538,1.34,41.3107
gam1 Leo b,1,Radial Velocity,2009,Published Confirmed,0,428.5,1.19,,2790.43,8.78,39.8883
iot Dra b,1,Radial Velocity,2002,Published Confirmed,0,510.8544,1.453,,3756.73177074,11.82,31.32832
iot Dra c,1,Radial Velocity,2021,Published Confirmed,0,25000.0,19.4,,4958.1231492,15.6,31.32832
kap And b,1,Imaging,2012,Published Confirmed,0,,,15.91675259,5498.4314411,17.3,50.0177
kap CrB b,1,Radial Velocity,2007,Published Confirmed,0,1253.68,2.5,,483.73483545,1.522,30.0651
mu Leo b,1,Radial Velocity,2014,Published Confirmed,0,357.8,1.1,,762.8,2.4,32.6081
mu2 Sco b,1,Imaging,2022,Published Confirmed,0,,242.4,,4576.7290608,14.4,
nu Oct A b,1,Radial Velocity,2016,Published Confirmed,1,402.4,1.24,,696.04421133,2.19,21.1999
nu Oph b,1,Radial Velocity,2012,Published Confirmed,0,529.93,1.765,,6848.56651404,21.548,46.2107
nu Oph c,1,Radial Velocity,2012,Published Confirmed,0,3180.6,5.829,,7530.30844705,23.693,46.2107
ome Ser b,1,Radial Velocity,2013,Published Confirmed,0,278.59,0.838,,233.92170755,0.736,76.7556
omi CrB b,1,Radial Velocity,2012,Published Confirmed,0,187.01,0.699,,355.96781584,1.12,84.7883
omi UMa b,1,Radial Velocity,2012,Published Confirmed,0,1569.81,3.691,,1160.39151396,3.651,54.9149
pi Men c,1,Transit,2018,Published Confirmed,0,6.2678399,,2.0189,,,18.2702
pi Men d,1,Radial Velocity,2022,Published Confirmed,0,124.64,,,13.38,0.04209819,18.2702
psi1 Dra B b,1,Radial Velocity,2015,Published Confirmed,0,3117.0,4.43,,486.2799,1.53,22.7188
rho CrB b,1,Radial Velocity,1997,Published Confirmed,1,39.849,,,347.995,1.09491472,17.4671
rho CrB c,1,Radial Velocity,2016,Published Confirmed,0,102.036,,,27.442,0.08634219,17.4671
rho CrB e,1,Radial Velocity,2023,Published Confirmed,0,12.904,,,3.71,0.01167297,17.4671
tau Boo b,1,Radial Velocity,1996,Published Confirmed,0,3.3124568,0.049,,1373.0256,4.32,15.6521
tau Cet f,1,Radial Velocity,2017,Published Confirmed,1,636.13,1.334,,3.93,0.0123651,3.60304
tau Cet g,1,Radial Velocity,2017,Published Confirmed,1,20.0,0.133,,1.75,0.00550609,3.60304
tau Cet h,1,Radial Velocity,2017,Published Confirmed,1,49.41,0.243,,1.83,0.0057578,3.60304
tau Gem b,1,Radial Velocity,2013,Published Confirmed,0,305.5,1.17,,6547.0,20.6,112.537
ups And b,1,Radial Velocity,1996,Published Confirmed,0,4.617033,0.05922166,,218.531,0.6876,13.4054
ups And c,1,Radial Velocity,1999,Published Confirmed,0,241.258,0.827774,,629.595,1.981,13.4054
ups And d,1,Radial Velocity,1999,Published Confirmed,0,1276.46,2.51329,,1313.22,4.132,13.4054
ups Leo b,1,Radial Velocity,2021,Published Confirmed,0,385.2,1.18,,162.09248757,0.51,52.5973
xi Aql b,1,Radial Velocity,2007,Published Confirmed,0,136.97,0.625,,616.90493799,1.941,56.1858
