planet_name,default_flag,discovery_method,discovery_year,solution_type,pl_controv_flag,orbital_period_days,orbital_distance_au,planet_mass_earth,planet_mass_jupiter
11 Com b,1,Radial Velocity,2007,Published Confirmed,0,323.21,1.178,4914.89848585,15.464
11 UMi b,1,Radial Velocity,2009,Published Confirmed,0,516.21997,1.53,4684.8142,14.74
14 And b,1,Radial Velocity,2008,Published Confirmed,0,186.76,0.775,1131.15130051,3.559
14 Her b,1,Radial Velocity,2002,Published Confirmed,0,,2.839,2828.6728223,8.9
16 Cyg B b,1,Radial Velocity,1996,Published Confirmed,0,798.5,1.66,565.7374,1.78
17 Sco b,1,Radial Velocity,2020,Published Confirmed,0,578.38,1.45,1373.01871824,4.32
18 Del b,1,Radial Velocity,2008,Published Confirmed,0,982.85,2.476,2926.24614325,9.207
24 Boo b,1,Radial Velocity,2018,Published Confirmed,0,30.33,0.194,280.64248338,0.883
24 Sex b,1,Radial Velocity,2010,Published Confirmed,0,452.8,1.333,632.46,1.99
24 Sex c,1,Radial Velocity,2010,Published Confirmed,0,883.0,2.08,273.32,0.86
2MASS J04414489+2301513 b,1,Imaging,2010,Published Confirmed,0,,15.0,2383.6,7.5
4 UMa b,1,Radial Velocity,2006,Published Confirmed,0,270.27,0.877,2511.48007211,7.902
47 UMa b,1,Radial Velocity,1996,Published Confirmed,0,1078.0,2.1,804.08,2.53
47 UMa c,1,Radial Velocity,2001,Published Confirmed,0,2391.0,3.6,171.621,0.54
47 UMa d,1,Radial Velocity,2009,Published Confirmed,0,14002.0,11.6,521.22,1.64
51 Eri b,1,Imaging,2015,Published Confirmed,0,9100.0,10.4,3464.3296363,10.9
51 Peg b,1,Radial Velocity,1995,Published Confirmed,0,4.2307966,0.052,193.87532827,0.61
55 Cnc B b,1,Radial Velocity,2025,Published Confirmed,0,6.7994,0.044,3.5,0.01101223
55 Cnc B c,1,Radial Velocity,2025,Published Confirmed,0,33.747,0.13,5.3,0.01667566
55 Cnc b,1,Radial Velocity,1996,Published Confirmed,0,14.651552,0.118,276.0,0.86839311
55 Cnc c,1,Radial Velocity,2004,Published Confirmed,0,44.3936,0.247,56.6,0.17808352
55 Cnc d,1,Radial Velocity,2002,Published Confirmed,0,4799.0,5.6,1214.10451474,3.82
55 Cnc e,1,Radial Velocity,2004,Published Confirmed,0,0.7365474,0.01544,7.99,0.02513923
55 Cnc f,1,Radial Velocity,2007,Published Confirmed,0,260.58,0.802,48.5,0.15259807
6 Lyn b,1,Radial Velocity,2008,Published Confirmed,0,919.86,2.028,597.83523357,1.881
61 Vir b,1,Radial Velocity,2009,Published Confirmed,0,4.215,0.050201,5.1,0.016
61 Vir c,1,Radial Velocity,2009,Published Confirmed,0,38.021,0.2175,18.2,0.057
61 Vir d,1,Radial Velocity,2009,Published Confirmed,0,123.01,0.476,22.9,0.072
7 CMa b,1,Radial Velocity,2011,Published Confirmed,0,735.1,1.758,587.9855,1.85
7 CMa c,1,Radial Velocity,2019,Published Confirmed,0,996.0,2.153,276.5121,0.87
70 Vir b,1,Radial Velocity,1996,Published Confirmed,0,116.688,0.481,2357.02728,7.416
75 Cet b,1,Radial Velocity,2012,Published Confirmed,0,696.62,1.912,787.89662095,2.479
75 Cet c,1,Radial Velocity,2023,Published Confirmed,0,2051.62,3.929,289.85950718,0.912
8 UMi b,1,Radial Velocity,2015,Published Confirmed,0,93.31,0.462,524.41687155,1.65
81 Cet b,1,Radial Velocity,2008,Published Confirmed,0,1005.57,2.104,1051.05854195,3.307
91 Aqr b,1,Radial Velocity,2013,Published Confirmed,0,181.4,0.7,1017.0,3.2
AF Lep b,1,Imaging,2023,Published Confirmed,0,8905.0,8.996,1147.36054927,3.61
AT2021ueyL b,1,Microlensing,2025,Published Confirmed,0,4168.69,4.01,425.89006538,1.34
AU Mic b,1,Transit,2020,Published Confirmed,0,8.463446,0.07,8.99,0.0282857
AU Mic c,1,Transit,2021,Published Confirmed,0,18.859023,0.119,14.46,0.04549625
BD+03 2562 b,1,Radial Velocity,2017,Published Confirmed,0,481.9,1.3,2034.112,6.4
BD+05 4868 A b,1,Transit,2025,Published Confirmed,0,1.271869,0.0208,6.2,0.01950738
BD+14 4559 b,1,Radial Velocity,2009,Published Confirmed,0,268.94,0.78,330.5432,1.04
BD+15 2375 b,1,Radial Velocity,2016,Published Confirmed,0,153.22,0.576,337.21763,1.061
BD+15 2940 b,1,Radial Velocity,2013,Published Confirmed,0,137.48,0.539,352.78,1.11
BD+20 2457 b,1,Radial Velocity,2009,Published Confirmed,0,379.63,1.45,6807.63,21.42
BD+20 2457 c,1,Radial Velocity,2009,Published Confirmed,0,621.99,2.01,3963.17,12.47
BD+20 274 b,1,Radial Velocity,2012,Published Confirmed,0,578.2,1.3,1334.886,4.2
BD+37 3172 b,1,Radial Velocity,2023,Published Confirmed,0,1887.76,4.65,3368.9811142,10.6
BD+42 2315 b,1,Radial Velocity,2023,Published Confirmed,0,123.05,0.54,174.80562385,0.55
BD+45 564 b,1,Radial Velocity,2021,Published Confirmed,0,307.88,0.83,432.24663352,1.36
BD+48 738 b,1,Radial Velocity,2011,Published Confirmed,0,392.6,1.0,289.2253,0.91
BD+48 740 b,1,Radial Velocity,2018,Published Confirmed,0,733.0,1.7,540.311,1.7
BD+49 828 b,1,Radial Velocity,2015,Published Confirmed,0,2590.0,4.2,508.5,1.6
BD+55 362 b,1,Radial Velocity,2021,Published Confirmed,0,265.59,0.78,228.83645304,0.72
BD+63 1405 b,1,Radial Velocity,2021,Published Confirmed,0,1198.48,2.06,1258.60049172,3.96
BD-06 1339 b,1,Radial Velocity,2013,Published Confirmed,1,3.8728,0.0428,8.5,0.027
BD-06 1339 c,1,Radial Velocity,2013,Published Confirmed,0,125.94,0.435,53.0,0.17
BD-08 2823 b,1,Radial Velocity,2009,Published Confirmed,0,5.6,0.06,12.7132,0.04
BD-08 2823 c,1,Radial Velocity,2009,Published Confirmed,0,237.6,0.68,104.0,0.33
BD-10 3166 b,1,Radial Velocity,2000,Published Confirmed,0,3.48777,0.04,187.5197,0.59
BD-11 4672 b,1,Radial Velocity,2014,Published Confirmed,0,1634.0,2.36,206.5895,0.65
BD-11 4672 c,1,Radial Velocity,2020,Published Confirmed,0,74.2,0.3,15.37,0.04835919
BD-13 2130 b,1,Radial Velocity,2007,Published Confirmed,0,714.29999,1.66,3108.3774,9.78
BD-14 3065 b,1,Transit,2024,Published Confirmed,0,4.2889731,0.0656,3932.0,12.37
BD-210397 b,1,Radial Velocity,2023,Published Confirmed,0,1891.0,2.63,214.0,0.7
BD-210397 c,1,Radial Velocity,2023,Published Confirmed,0,6240.0,5.9,1525.5763536,4.8
BEBOP-3 b,1,Radial Velocity,2025,Published Confirmed,0,547.0,1.444,177.34825111,0.558
BEBOP-4 AB b,1,Radial Velocity,2025,Published Confirmed,0,1823.5,3.634,8358.8871041,26.3
Barnard b,1,Radial Velocity,2024,Published Confirmed,0,3.1542,0.0229,0.299,0.00094076
Barnard c,1,Radial Velocity,2025,Published Confirmed,0,4.1244,0.0274,0.335,0.00105403
Barnard d,1,Radial Velocity,2025,Published Confirmed,0,2.3402,0.0188,0.263,0.00082749
Barnard e,1,Radial Velocity,2025,Published Confirmed,0,6.7392,0.0381,0.193,0.00060725
CD Cet b,1,Radial Velocity,2020,Published Confirmed,0,2.2907,0.0185,3.95,0.01242809
CFBDSIR J145829+101343 b,1,Imaging,2011,Published Confirmed,0,10037.5,2.6,3337.1,10.5
CI Tau c,1,Radial Velocity,2024,Published Confirmed,0,25.2,0.17,1144.1822652,3.6
CWISEP J193518.59-154620.3 b,1,Imaging,2025,Published Confirmed,0,,2.48,4926.3403085,15.5
CoRoT-10 b,1,Transit,2010,Published Confirmed,0,13.2406,0.1055,874.0,2.75
CoRoT-11 b,1,Transit,2010,Published Confirmed,0,2.99433,0.0436,740.51,2.33
CoRoT-12 b,1,Transit,2010,Published Confirmed,0,2.828042,0.04016,291.438,0.917
CoRoT-13 b,1,Transit,2010,Published Confirmed,0,4.03519,0.051,415.704,1.308
CoRoT-14 b,1,Transit,2010,Published Confirmed,0,1.51214,0.027,2415.4,7.6
CoRoT-16 b,1,Transit,2011,Published Confirmed,0,5.35227,0.0618,170.032,0.535
CoRoT-17 b,1,Transit,2011,Published Confirmed,0,3.7681,0.0461,772.29,2.43
CoRoT-18 b,1,Transit,2011,Published Confirmed,0,1.9000693,0.0295,1102.82,3.47
CoRoT-19 b,1,Transit,2011,Published Confirmed,0,3.89713,0.0518,352.78,1.11
CoRoT-2 b,1,Transit,2008,Published Confirmed,0,1.7429935,0.02798,1102.82,3.47
CoRoT-20 b,1,Transit,2011,Published Confirmed,0,9.24285,0.09,1366.669,4.3
CoRoT-20 c,1,Radial Velocity,2018,Published Confirmed,0,1675.0,2.9,5403.11,17.0
CoRoT-21 b,1,Transit,2012,Published Confirmed,0,2.72474,0.0417,718.2958,2.26
CoRoT-22 b,1,Transit,2014,Published Confirmed,0,9.75598,0.092,12.2,0.038
CoRoT-23 b,1,Transit,2011,Published Confirmed,0,3.6313,0.048,889.9,2.8
CoRoT-24 b,1,Transit,2014,Published Confirmed,0,5.1134,0.056,5.7,0.018
CoRoT-24 c,1,Transit,2014,Published Confirmed,0,11.759,0.098,28.0,0.088
CoRoT-25 b,1,Transit,2013,Published Confirmed,0,4.86069,0.0578,85.81,0.27
CoRoT-26 b,1,Transit,2013,Published Confirmed,0,4.20474,0.0526,165.26,0.52
CoRoT-27 b,1,Transit,2014,Published Confirmed,0,3.57532,0.0476,3302.11,10.39
CoRoT-28 b,1,Transit,2015,Published Confirmed,0,5.20851,0.0603,153.82972,0.484
CoRoT-29 b,1,Transit,2015,Published Confirmed,0,2.85057,0.0386,270.1555,0.85
CoRoT-30 b,1,Transit,2020,Published Confirmed,0,9.06005,0.0844,921.707,2.9
CoRoT-31 b,1,Transit,2020,Published Confirmed,0,4.62941,0.0586,266.9772,0.84
CoRoT-32 b,1,Transit,2018,Published Confirmed,0,6.71837,0.071,47.6745,0.15
CoRoT-35 b,1,Transit,2022,Published Confirmed,0,3.22748,0.0429,349.6112477,1.1
CoRoT-36 b,1,Transit,2022,Published Confirmed,0,5.616531,0.066,216.12331676,0.68
CoRoT-4 b,1,Transit,2008,Published Confirmed,0,9.20205,0.09,228.83,0.72
CoRoT-5 b,1,Transit,2009,Published Confirmed,0,4.0378962,0.04947,148.42,0.467
CoRoT-6 b,1,Transit,2009,Published Confirmed,0,8.886593,0.0855,940.74,2.96
CoRoT-7 c,1,Radial Velocity,2009,Published Confirmed,0,3.698,0.046,8.4,0.02642922
CoRoT-8 b,1,Transit,2010,Published Confirmed,0,6.21229,0.063,69.92,0.22
CoRoT-9 b,1,Transit,2009,Published Confirmed,0,95.272656,0.4021,266.9772,0.84
DE CVn b,1,Eclipse Timing Variations,2018,Published Confirmed,1,4098.1,5.75,3823.27330161,12.02930278
DENIS-P J082303.1-491201 b,1,Astrometry,2013,Published Confirmed,0,246.36,0.36,9057.77,28.5
DMPP-1 b,1,Radial Velocity,2019,Published Confirmed,0,17.812,0.1423,16.8,0.05285871
DMPP-1 c,1,Radial Velocity,2019,Published Confirmed,0,10.03,0.0973,10.94,0.03442109
DMPP-1 d,1,Radial Velocity,2019,Published Confirmed,0,3.1417,0.04467,4.72,0.01485078
DMPP-1 e,1,Radial Velocity,2019,Published Confirmed,0,5.516,0.0651,4.13,0.01299437
DMPP-2 b,1,Radial Velocity,2019,Published Confirmed,0,5.203,0.06638,171.48,0.53953642
DMPP-2 c,1,Radial Velocity,2026,Published Confirmed,0,3.168,0.04789,51.79,0.16294956
DMPP-2 d,1,Radial Velocity,2026,Published Confirmed,0,16.491,0.1432,91.79,0.28880364
DMPP-3 A b,1,Radial Velocity,2019,Published Confirmed,0,5.59,0.05958,2.67,0.00840076
DMPP-4 b,1,Radial Velocity,2023,Published Confirmed,0,3.4982,0.04853,12.2,0.03838549
DMPP-6 b,1,Radial Velocity,2026,Published Confirmed,0,7.6027,0.0779,5.8,0.01824884
DMPP-6 c,1,Radial Velocity,2026,Published Confirmed,0,36.441,0.2206,13.47,0.04238136
DMPP-7 b,1,Radial Velocity,2026,Published Confirmed,0,4.984,0.05873,61.39,0.19315454
DMPP-8 b,1,Radial Velocity,2026,Published Confirmed,0,62.915,0.3098,81.09,0.25513767
DMPP-9 b,1,Radial Velocity,2026,Published Confirmed,0,12.733,0.1097,14.43,0.04540186
DP Leo b,1,Eclipse Timing Variations,2009,Published Confirmed,0,10220.0,8.19,1922.79,6.05
EPIC 201170410.02,1,Transit,2020,Published Confirmed,0,6.7987,0.0349,,
EPIC 201595106 b,1,Transit,2021,Published Confirmed,0,0.87724,0.0177,7.67,0.02413252
EPIC 201757695.02,1,Transit,2020,Published Confirmed,0,2.0478,0.0296,,
EPIC 201841433 b,1,Transit,2019,Published Confirmed,0,4.1698,0.035,,
EPIC 211822797 b,1,Transit,2016,Published Confirmed,0,21.1701963,0.1195,,
EPIC 211945201 b,1,Transit,2018,Published Confirmed,0,19.49221,0.1493,,
EPIC 212737443 b,1,Transit,2019,Published Confirmed,0,13.603,0.098,,
EPIC 212737443 c,1,Transit,2019,Published Confirmed,0,65.55,0.28,,
EPIC 220674823 b,1,Transit,2016,Published Confirmed,0,0.57130782,0.0132,7.54,0.02372349
EPIC 220674823 c,1,Transit,2016,Published Confirmed,0,13.340603,0.1078,7.9,0.02485618
EPIC 229004835 b,1,Transit,2023,Published Confirmed,0,16.141132,0.1237,10.4,0.03272206
EPIC 246851721 b,1,Transit,2018,Published Confirmed,0,6.180235,0.07229,953.49,3.0
EPIC 248847494 b,1,Transit,2018,Published Confirmed,0,3650.0,4.5,4131.79,13.0
EPIC 249893012 b,1,Transit,2020,Published Confirmed,0,3.5951,0.047,8.75,0.02753044
EPIC 249893012 c,1,Transit,2020,Published Confirmed,0,15.624,0.13,14.67,0.04615675
EPIC 249893012 d,1,Transit,2020,Published Confirmed,0,35.747,0.22,10.18,0.0320297
G 192-15 b,1,Radial Velocity,2025,Published Confirmed,0,2.27476,0.01723,1.03,0.00324074
G 192-15 c,1,Radial Velocity,2025,Published Confirmed,0,1219.0,1.137,14.3,0.04499283
G 261-6 b,1,Radial Velocity,2025,Published Confirmed,0,5.4536,0.02971,1.37,0.0043105
G 264-012 b,1,Radial Velocity,2021,Published Confirmed,0,2.30538,0.02279,2.5,0.00786588
G 264-012 c,1,Radial Velocity,2021,Published Confirmed,0,8.0518,0.0525,3.75,0.01179882
G 268-110 b,1,Radial Velocity,2025,Published Confirmed,0,1.43263,0.01283,1.52,0.00478245
G 9-40 b,1,Transit,2019,Published Confirmed,0,5.7459982,0.0418,4.0,0.01258541
GJ 1002 b,1,Radial Velocity,2022,Published Confirmed,0,10.3465,0.0457,1.08,0.00339806
GJ 1002 c,1,Radial Velocity,2022,Published Confirmed,0,21.202,0.0738,1.36,0.00427904
GJ 1061 b,1,Radial Velocity,2020,Published Confirmed,0,3.2073,0.021,1.11,0.00349245
GJ 1061 c,1,Radial Velocity,2020,Published Confirmed,0,6.6821,0.0342,1.81,0.0056949
GJ 1061 d,1,Radial Velocity,2020,Published Confirmed,0,13.066,0.054,1.67,0.00525441
GJ 1132 b,1,Transit,2015,Published Confirmed,0,1.62892911,0.0157,1.83704819,0.00578
GJ 1137 c,1,Radial Velocity,2026,Published Confirmed,0,9.6412,0.0835,5.12,0.01610932
GJ 1148 b,1,Radial Velocity,2010,Published Confirmed,0,41.38,0.166,96.7,0.3042507
GJ 1148 c,1,Radial Velocity,2017,Published Confirmed,0,532.58,0.912,68.06,0.21413963
GJ 1151 c,1,Radial Velocity,2023,Published Confirmed,0,389.7,0.5714,10.62,0.03341426
GJ 1214 b,1,Transit,2009,Published Confirmed,0,1.580404531,0.01505,8.41,0.02646082
GJ 1265 b,1,Radial Velocity,2018,Published Confirmed,0,3.6511,0.026,7.4,0.02328289
GJ 1289 b,1,Radial Velocity,2024,Published Confirmed,0,111.74,0.27,6.27,0.01972763
GJ 143 b,1,Transit,2019,Published Confirmed,0,35.61253,0.1915,22.7,0.07142183
GJ 15 A b,1,Radial Velocity,2014,Published Confirmed,1,11.4407,0.072,3.03,0.0095334
GJ 15 A c,1,Radial Velocity,2018,Published Confirmed,0,7600.0,5.4,36.0,0.1132681
GJ 160.2 b,1,Radial Velocity,2014,Published Confirmed,0,5.2354,0.053,10.2,0.03209263
GJ 163 b,1,Radial Velocity,2013,Published Confirmed,0,8.63182,0.0607,10.6,0.03335116
GJ 163 c,1,Radial Velocity,2013,Published Confirmed,0,25.63058,0.1254,6.8,0.02139509
GJ 163 d,1,Radial Velocity,2013,Published Confirmed,0,603.95116,1.0304,29.4,0.09250228
GJ 179 b,1,Radial Velocity,2009,Published Confirmed,0,2288.0,2.41,260.61,0.82
GJ 180 b,1,Radial Velocity,2014,Published Confirmed,0,17.133,0.092,6.49,0.02041972
GJ 180 c,1,Radial Velocity,2014,Published Confirmed,0,24.329,0.129,6.4,0.02013655
GJ 180 d,1,Radial Velocity,2020,Published Confirmed,0,106.3,0.309,7.56,0.0237863
GJ 2030 b,1,Radial Velocity,2022,Published Confirmed,0,2.38129,0.034,4.76742611,0.015
GJ 2030 c,1,Radial Velocity,2022,Published Confirmed,0,25533.11353,16.761,4069.15709482,12.803
GJ 2056 b,1,Radial Velocity,2020,Published Confirmed,0,69.971,0.283,16.2,0.05097064
GJ 2126 b,1,Radial Velocity,2025,Published Confirmed,0,272.7,0.71,413.1769291,1.3
GJ 229 A c,1,Radial Velocity,2020,Published Confirmed,1,121.93268,0.384,8.58136699,0.027
GJ 229 b,1,Radial Velocity,2014,Published Confirmed,1,579.47495,1.086,14.93793513,0.047
GJ 238 b,1,Transit,2024,Published Confirmed,0,1.7446999,0.02123,,
GJ 251 b,1,Radial Velocity,2020,Published Confirmed,0,14.237,0.0808,3.85,0.01211345
GJ 251 c,1,Radial Velocity,2025,Published Confirmed,0,53.647,0.196,3.88,0.01220785
GJ 27.1 b,1,Radial Velocity,2014,Published Confirmed,0,15.819,0.101,13.0,0.04090237
GJ 273 b,1,Radial Velocity,2017,Published Confirmed,0,18.6498,0.091101,2.89,0.00909291
GJ 273 c,1,Radial Velocity,2017,Published Confirmed,0,4.7234,0.036467,1.18,0.00371268
GJ 3021 b,1,Radial Velocity,2000,Published Confirmed,0,133.71,0.49,1071.04,3.37
GJ 3082 b,1,Radial Velocity,2020,Published Confirmed,0,11.949,0.079,8.2,0.02579996
GJ 3090 b,1,Transit,2022,Published Confirmed,0,2.85310198,0.0316,4.52,0.01422151
GJ 3090 c,1,Radial Velocity,2026,Published Confirmed,0,15.9407,0.0997,10.0,0.03146352
GJ 3138 b,1,Radial Velocity,2017,Published Confirmed,0,1.22003,0.0197,1.78,0.00560048
GJ 3138 c,1,Radial Velocity,2017,Published Confirmed,0,5.974,0.057,4.18,0.01315168
GJ 3138 d,1,Radial Velocity,2017,Published Confirmed,0,257.8,0.698,10.5,0.03303653
GJ 317 b,1,Radial Velocity,2007,Published Confirmed,0,695.69,1.138,536.49435102,1.688
GJ 317 c,1,Radial Velocity,2016,Published Confirmed,0,6500.0,5.04,454.49462201,1.43
GJ 3222 b,1,Radial Velocity,2022,Published Confirmed,0,10.66669,0.091,11.44182265,0.036
GJ 328 b,1,Radial Velocity,2013,Published Confirmed,0,3771.0,4.11,797.74930157,2.51
GJ 328 c,1,Radial Velocity,2023,Published Confirmed,0,241.8,0.657,21.4,0.06733193
GJ 3293 b,1,Radial Velocity,2015,Published Confirmed,0,30.5987,0.14339,23.54,0.07406475
GJ 3293 c,1,Radial Velocity,2015,Published Confirmed,0,122.6196,0.36175,21.09,0.06635623
GJ 3293 d,1,Radial Velocity,2017,Published Confirmed,0,48.1345,0.19394,7.6,0.02391215
GJ 3293 e,1,Radial Velocity,2017,Published Confirmed,0,13.2543,0.08208,3.28,0.01031998
GJ 3323 b,1,Radial Velocity,2017,Published Confirmed,0,5.3636,0.03282,2.02,0.0063556
GJ 3323 c,1,Radial Velocity,2017,Published Confirmed,0,40.54,0.1264,2.31,0.00726804
GJ 3341 b,1,Radial Velocity,2015,Published Confirmed,0,14.207,0.089,6.6,0.0208
GJ 3378 b,1,Radial Velocity,2026,Published Confirmed,0,21.45,0.09673,2.3,0.00723661
GJ 338 B b,1,Radial Velocity,2020,Published Confirmed,0,24.422,0.142,10.6,0.03335133
GJ 3470 b,1,Radial Velocity,2012,Published Confirmed,0,3.3366496,0.0355,13.9,0.04373407
GJ 3473 b,1,Transit,2020,Published Confirmed,0,1.1980035,0.01589,1.86,0.00585219
GJ 3473 c,1,Radial Velocity,2020,Published Confirmed,0,15.509,0.0876,7.41,0.02331435
GJ 3512 b,1,Radial Velocity,2019,Published Confirmed,0,203.109,0.3376,146.51889563,0.461
GJ 3512 c,1,Radial Velocity,2020,Published Confirmed,0,2354.0,1.731,143.97626837,0.453
GJ 357 b,1,Transit,2019,Published Confirmed,0,3.9306,0.036,,
GJ 357 c,1,Radial Velocity,2019,Published Confirmed,0,9.1247,0.061,3.4,0.01069754
GJ 357 d,1,Radial Velocity,2019,Published Confirmed,0,55.661,0.204,6.1,0.01919265
GJ 3634 b,1,Radial Velocity,2010,Published Confirmed,0,2.64561,0.0287,8.4,0.026
GJ 3779 b,1,Radial Velocity,2018,Published Confirmed,0,3.0232,0.026,8.0,0.02517069
GJ 3929 b,1,Transit,2022,Published Confirmed,0,2.616235,0.0252,1.75,0.00550612
GJ 3929 c,1,Radial Velocity,2022,Published Confirmed,0,15.04,0.081,5.71,0.01796567
GJ 393 b,1,Radial Velocity,2021,Published Confirmed,0,7.02679,0.05402,1.71,0.00538026
GJ 3942 b,1,Radial Velocity,2017,Published Confirmed,0,6.905,0.0608,7.14,0.02246484
GJ 3988 b,1,Radial Velocity,2023,Published Confirmed,0,6.9442,0.0405,3.69,0.01161004
GJ 3998 b,1,Radial Velocity,2016,Published Confirmed,0,2.65033,0.03,2.5,0.00786588
GJ 3998 c,1,Radial Velocity,2016,Published Confirmed,0,13.727,0.09,6.82,0.02145812
GJ 3998 d,1,Radial Velocity,2025,Published Confirmed,0,41.78,0.189,6.07,0.01909836
GJ 411 b,1,Radial Velocity,2019,Published Confirmed,0,12.9394,0.07879,2.69,0.00846369
GJ 414 A b,1,Radial Velocity,2021,Published Confirmed,0,50.8,0.2324,7.6,0.02391215
GJ 414 A c,1,Radial Velocity,2021,Published Confirmed,0,749.83,1.4,53.83,0.16936727
GJ 422 b,1,Radial Velocity,2014,Published Confirmed,0,20.129,0.111,11.07,0.03482994
GJ 4274 b,1,Radial Velocity,2026,Published Confirmed,0,1.6339,0.0153,2.97,0.00934467
GJ 4274 c,1,Radial Velocity,2026,Published Confirmed,0,69.57,0.186,8.39,0.02639789
GJ 4276 b,1,Radial Velocity,2019,Published Confirmed,0,13.352,0.082,16.57,0.05213479
GJ 433 b,1,Radial Velocity,2013,Published Confirmed,0,7.3705,0.062,6.043,0.01901331
GJ 433 c,1,Radial Velocity,2014,Published Confirmed,0,5094.105,4.819,32.422,0.10201051
GJ 433 d,1,Radial Velocity,2020,Published Confirmed,0,36.059,0.178,5.223,0.01643331
GJ 436 b,1,Radial Velocity,2004,Published Confirmed,0,2.64388312,0.0291,22.1,0.07
GJ 463 b,1,Radial Velocity,2022,Published Confirmed,0,3459.0,3.53,524.09904314,1.649
GJ 480 b,1,Radial Velocity,2020,Published Confirmed,0,9.5536,0.068,8.8,0.0276879
GJ 486 b,1,Radial Velocity,2021,Published Confirmed,0,1.46712127,0.01714,2.77,0.00871539
GJ 508.2 b,1,Radial Velocity,2025,Published Confirmed,0,5300.0,4.85,587.98255295,1.85
GJ 514 b,1,Radial Velocity,2022,Published Confirmed,0,140.43,0.422,5.2,0.01636103
GJ 536 b,1,Radial Velocity,2016,Published Confirmed,0,8.70874,0.0668,6.37,0.02004226
GJ 536 c,1,Radial Velocity,2025,Published Confirmed,0,32.761,0.1617,5.89,0.01853201
GJ 581 b,1,Radial Velocity,2005,Published Confirmed,0,5.3686,0.0399,20.5,0.06450021
GJ 581 c,1,Radial Velocity,2007,Published Confirmed,0,12.9211,0.0718,6.81,0.02142666
GJ 581 e,1,Radial Velocity,2009,Published Confirmed,0,3.1481,0.02799,2.48,0.00780295
GJ 625 b,1,Radial Velocity,2017,Published Confirmed,0,14.628,0.078361,2.82,0.00887267
GJ 649 b,1,Radial Velocity,2009,Published Confirmed,0,600.1,1.112,81.99972901,0.258
GJ 667 C c,1,Radial Velocity,2013,Published Confirmed,0,28.14,0.125,3.8,0.012
GJ 667 C e,1,Radial Velocity,2013,Published Confirmed,1,62.24,0.213,2.7,0.008
GJ 667 C f,1,Radial Velocity,2013,Published Confirmed,1,39.026,0.156,2.7,0.008
GJ 667 C g,1,Radial Velocity,2013,Published Confirmed,1,256.2,0.549,4.6,0.014
GJ 674 b,1,Radial Velocity,2007,Published Confirmed,0,4.6938,0.039,11.09,0.035
GJ 676 A b,1,Radial Velocity,2010,Published Confirmed,0,1051.44521,1.735,1840.86213334,5.792
GJ 676 A c,1,Radial Velocity,2016,Published Confirmed,0,13921.42302,9.726,4288.14086724,13.492
GJ 676 A d,1,Radial Velocity,2012,Published Confirmed,0,3.60076,0.039,3.81394088,0.012
GJ 676 A e,1,Radial Velocity,2012,Published Confirmed,0,35.47358,0.181,6.67439655,0.021
GJ 680 b,1,Radial Velocity,2022,Published Confirmed,0,17281.66514,10.138,7977.4930157,25.1
GJ 682 b,1,Radial Velocity,2014,Published Confirmed,0,17.478,0.08,4.4,0.01384388
GJ 682 c,1,Radial Velocity,2014,Published Confirmed,0,57.32,0.176,8.7,0.02737312
GJ 685 b,1,Radial Velocity,2019,Published Confirmed,0,24.16,0.1344,9.0,0.02831702
GJ 687 b,1,Radial Velocity,2014,Published Confirmed,0,38.142,0.163,17.2,0.05411698
GJ 687 c,1,Radial Velocity,2020,Published Confirmed,0,727.562,1.165,16.0,0.05034138
GJ 720 A b,1,Radial Velocity,2021,Published Confirmed,0,19.466,0.119,13.64,0.04291624
GJ 724 b,1,Radial Velocity,2023,Published Confirmed,0,5.101284,0.04685,10.75,0.03382328
GJ 740 b,1,Radial Velocity,2021,Published Confirmed,0,2.37756,0.029,2.96,0.00931315
GJ 806 b,1,Transit,2023,Published Confirmed,0,0.9263237,0.01406,1.9,0.00597807
GJ 806 c,1,Radial Velocity,2023,Published Confirmed,0,6.64064,0.0523,5.8,0.01824884
GJ 832 b,1,Radial Velocity,2008,Published Confirmed,0,3853.0,3.7,314.65012293,0.99
GJ 849 b,1,Radial Velocity,2006,Published Confirmed,0,1925.31,2.32,283.82076745,0.893
GJ 849 c,1,Radial Velocity,2014,Published Confirmed,0,5990.0,4.95,314.65012293,0.99
GJ 86 b,1,Radial Velocity,1999,Published Confirmed,0,15.76491,0.11,1404.8086,4.42
GJ 876 b,1,Radial Velocity,1998,Published Confirmed,0,61.1166,0.208317,723.2235,2.2756
GJ 876 c,1,Radial Velocity,2000,Published Confirmed,0,30.0881,0.12959,226.9846,0.7142
GJ 876 d,1,Radial Velocity,2005,Published Confirmed,0,1.93778,0.02080665,6.83,0.021
GJ 876 e,1,Radial Velocity,2010,Published Confirmed,0,124.26,0.3343,14.6,0.046
GJ 887 b,1,Radial Velocity,2020,Published Confirmed,0,9.2619,0.0683,3.9,0.01227077
GJ 887 c,1,Radial Velocity,2020,Published Confirmed,0,21.784,0.121,6.5,0.02045129
GJ 887 d,1,Radial Velocity,2026,Published Confirmed,0,50.77,0.212,6.1,0.01919275
GJ 887 e,1,Radial Velocity,2026,Published Confirmed,0,4.4249,0.0417,1.46,0.00459367
GJ 896 A b,1,Astrometry,2022,Published Confirmed,0,284.39,0.63965,718.29219982,2.26
GJ 9066 c,1,Radial Velocity,2020,Published Confirmed,0,771.36,0.88,66.74396547,0.21
GJ 9404 b,1,Radial Velocity,2023,Published Confirmed,0,13.4586,0.0943,11.9,0.03744159
GJ 96 b,1,Radial Velocity,2018,Published Confirmed,0,73.94,0.291,19.66,0.06185697
GJ 9689 b,1,Radial Velocity,2020,Published Confirmed,0,18.27,0.1139,9.65,0.0303623
GJ 9714 b,1,Radial Velocity,2022,Published Confirmed,0,19240.75467,12.319,2988.54051102,9.403
GJ 9773 b,1,Radial Velocity,2025,Published Confirmed,0,2965.0,2.921,172.580825,0.543
GJ 9827 b,1,Transit,2017,Published Confirmed,0,1.208974,0.0189,4.28,0.01346639
GJ 9827 c,1,Transit,2017,Published Confirmed,0,3.648103,0.0395,1.86,0.00585221
GJ 9827 d,1,Transit,2017,Published Confirmed,0,6.20183,0.053,3.02,0.00950198
GPX-1 b,1,Transit,2021,Published Confirmed,0,1.744579,0.0338,6261.2196179,19.7
Gaia-1 b,1,Transit,2022,Published Confirmed,0,3.052524,0.04047,533.95172376,1.68
Gaia-2 b,1,Transit,2022,Published Confirmed,0,3.6915224,0.0467,259.66580852,0.817
Gaia22dkvL b,1,Microlensing,2024,Published Confirmed,0,,1.4,187.83658854,0.591
Gaia23braL b,1,Microlensing,2026,Published Confirmed,0,,4.847,518.06030341,1.63
Gl 378 b,1,Radial Velocity,2019,Published Confirmed,0,3.822,0.039435,13.02,0.0409653
Gl 410 b,1,Radial Velocity,2025,Published Confirmed,0,6.02,0.0531,8.4,0.02642936
Gl 49 b,1,Radial Velocity,2019,Published Confirmed,0,13.8508,0.0905,5.63,0.01771387
Gl 686 b,1,Radial Velocity,2018,Published Confirmed,0,15.53,0.091,6.624,0.02084133
Gl 725 A b,1,Radial Velocity,2025,Published Confirmed,0,11.2201,0.068,2.78,0.00874686
Gliese 48 b,1,Radial Velocity,2026,Published Confirmed,0,39.6299,0.1752,8.11,0.02551691
HAT-P-1 b,1,Transit,2006,Published Confirmed,0,4.46529976,0.05561,166.86075,0.525
HAT-P-11 b,1,Transit,2010,Published Confirmed,0,4.888,0.05258,23.51930212,0.074
HAT-P-11 c,1,Radial Velocity,2018,Published Confirmed,0,3361.0,4.1,851.78013076,2.68
HAT-P-12 b,1,Transit,2009,Published Confirmed,0,3.2130598,0.0384,67.059,0.211
HAT-P-17 c,1,Radial Velocity,2012,Published Confirmed,0,5584.0,5.6,1080.6,3.4
HAT-P-18 b,1,Transit,2010,Published Confirmed,0,5.508023,0.0559,62.61,0.197
HAT-P-19 b,1,Transit,2010,Published Confirmed,0,4.00878322,0.04599,88.03846874,0.277
HAT-P-2 b,1,Transit,2007,Published Confirmed,0,5.6335158,0.06814,2739.6946,8.62
HAT-P-20 b,1,Transit,2010,Published Confirmed,0,2.875317,0.0361,2302.899,7.246
HAT-P-23 b,1,Transit,2010,Published Confirmed,0,1.212884,0.0232,664.237,2.09
HAT-P-25 b,1,Transit,2012,Published Confirmed,0,3.65281514,0.0466,180.84527,0.569
HAT-P-27 b,1,Transit,2011,Published Confirmed,0,3.039577,0.04,197.05,0.62
HAT-P-28 b,1,Transit,2011,Published Confirmed,0,3.257215,0.0434,198.953,0.626
HAT-P-32 b,1,Transit,2011,Published Confirmed,0,2.1500082,0.03397,216.1244,0.68
HAT-P-34 b,1,Transit,2011,Published Confirmed,0,5.452654,0.06774,1058.3739,3.33
HAT-P-35 b,1,Transit,2011,Published Confirmed,0,3.646706,0.04978,335.62848,1.056
HAT-P-36 b,1,Transit,2011,Published Confirmed,0,1.32734683,0.0241,587.413406,1.8482
HAT-P-37 b,1,Transit,2011,Published Confirmed,0,2.797436,0.0379,371.528,1.169
HAT-P-38 b,1,Transit,2012,Published Confirmed,0,4.640382,0.0523,84.857,0.267
HAT-P-39 b,1,Transit,2012,Published Confirmed,0,3.54387,0.0509,190.372,0.599
HAT-P-4 b,1,Transit,2007,Published Confirmed,0,3.056536,0.04438,213.255,0.671
HAT-P-42 b,1,Transit,2012,Published Confirmed,0,4.641878,0.0575,331.801,1.044
HAT-P-43 b,1,Transit,2012,Published Confirmed,0,3.3326414,0.0444,,
HAT-P-44 b,1,Transit,2014,Published Confirmed,0,4.301219,0.0507,111.871,0.352
HAT-P-44 c,1,Radial Velocity,2014,Published Confirmed,0,872.2,1.752,1271.3,4.0
HAT-P-45 b,1,Transit,2014,Published Confirmed,0,3.128992,0.0452,283.492,0.892
HAT-P-46 b,1,Transit,2014,Published Confirmed,0,4.463129,0.0577,156.684,0.493
HAT-P-50 b,1,Transit,2015,Published Confirmed,0,3.1220109,0.0453,429.0705,1.35
HAT-P-51 b,1,Transit,2015,Published Confirmed,0,4.21802091,0.05042,97.57332095,0.307
HAT-P-52 b,1,Transit,2015,Published Confirmed,0,2.7535953,0.03694,259.98494,0.818
HAT-P-53 b,1,Transit,2015,Published Confirmed,0,1.9616241,0.03159,471.65972,1.484
HAT-P-54 b,1,Transit,2015,Published Confirmed,0,3.799847,0.04117,241.5508,0.76
HAT-P-55 b,1,Transit,2015,Published Confirmed,0,3.5852313,0.04628,189.42573057,0.596
HAT-P-58 b,1,Transit,2021,Published Confirmed,0,4.0138379,0.04994,118.2321674,0.372
HAT-P-59 b,1,Transit,2021,Published Confirmed,0,4.1419771,0.05064,489.45574678,1.54
HAT-P-60 b,1,Transit,2021,Published Confirmed,0,4.7947813,0.06277,182.43350562,0.574
HAT-P-61 b,1,Transit,2021,Published Confirmed,0,1.90231289,0.0301,335.9446262,1.057
HAT-P-62 b,1,Transit,2021,Published Confirmed,0,2.6453235,0.03772,241.86741773,0.761
HAT-P-63 b,1,Transit,2021,Published Confirmed,0,3.377728,0.04294,195.1466419,0.614
HAT-P-64 b,1,Transit,2021,Published Confirmed,0,4.007232,0.05387,184.34047606,0.58
HAT-P-65 b,1,Transit,2016,Published Confirmed,0,2.60544751,0.04042,176.07693748,0.554
HAT-P-66 b,1,Transit,2016,Published Confirmed,0,2.972086,0.04363,248.86089,0.783
HAT-P-68 b,1,Transit,2020,Published Confirmed,0,2.29840551,0.02996,230.10892,0.724
HAT-P-69 b,1,Transit,2019,Published Confirmed,0,4.7869491,0.06555,1137.8314,3.58
HAT-P-70 b,1,Transit,2019,Published Confirmed,0,2.74432452,0.04739,2154.8874,6.78
HAT-P-9 b,1,Transit,2008,Published Confirmed,0,3.92281072,0.05287,238.05467,0.749
HATS-1 b,1,Transit,2012,Published Confirmed,0,3.446459,0.0444,589.55,1.855
HATS-10 b,1,Transit,2015,Published Confirmed,0,3.312846,0.04491,167.17858,0.526
HATS-11 b,1,Transit,2016,Published Confirmed,0,3.619188,0.0507,,
HATS-12 b,1,Transit,2016,Published Confirmed,0,3.142702,0.0441,,
HATS-13 b,1,Transit,2015,Published Confirmed,0,3.0440499,0.04057,172.58169,0.543
HATS-14 b,1,Transit,2015,Published Confirmed,0,2.7667641,0.03815,340.39593,1.071
HATS-15 b,1,Transit,2016,Published Confirmed,0,1.74748753,0.02712,689.6911,2.17
HATS-16 b,1,Transit,2016,Published Confirmed,0,2.686502,0.03744,1039.3041,3.27
HATS-17 b,1,Transit,2016,Published Confirmed,0,16.254611,0.1308,425.25654,1.338
HATS-18 b,1,Transit,2016,Published Confirmed,0,0.83784,0.0174,629.144485,1.9795
HATS-2 b,1,Transit,2013,Published Confirmed,0,1.35413379,0.02317,435.42491759,1.37
HATS-22 b,1,Transit,2017,Published Confirmed,0,4.7228124,0.05025,870.8542,2.74
HATS-23 b,1,Transit,2017,Published Confirmed,0,2.1605156,0.03397,467.2101,1.47
HATS-24 b,1,Transit,2017,Published Confirmed,0,1.3484978,0.0238,718.2958,2.26
HATS-25 b,1,Transit,2016,Published Confirmed,0,4.2986432,0.05163,194.82979,0.613
HATS-26 b,1,Transit,2016,Published Confirmed,0,3.3023881,0.04735,206.5895,0.65
HATS-27 b,1,Transit,2016,Published Confirmed,0,4.637038,0.0611,168.4499,0.53
HATS-28 b,1,Transit,2016,Published Confirmed,0,3.1810781,0.04131,213.58176,0.672
HATS-29 b,1,Transit,2016,Published Confirmed,0,4.6058749,0.05475,207.54299,0.653
HATS-3 b,1,Transit,2013,Published Confirmed,0,3.547851,0.0485,340.382,1.071
HATS-30 b,1,Transit,2016,Published Confirmed,0,3.1743516,0.04354,224.38798,0.706
HATS-31 b,1,Transit,2016,Published Confirmed,0,3.37796,0.0478,279.6904,0.88
HATS-32 b,1,Transit,2016,Published Confirmed,0,2.8126548,0.04024,292.4036,0.92
HATS-33 b,1,Transit,2016,Published Confirmed,0,2.5495551,0.03727,378.85336,1.192
HATS-34 b,1,Transit,2016,Published Confirmed,0,2.1061607,0.03166,299.07803,0.941
HATS-35 b,1,Transit,2016,Published Confirmed,0,1.8209993,0.03199,388.38826,1.222
HATS-36 b,1,Transit,2018,Published Confirmed,0,4.175186,0.0523,,
HATS-37 A b,1,Transit,2020,Published Confirmed,0,4.3315366,0.04913,31.46517,0.099
HATS-38 b,1,Transit,2020,Published Confirmed,0,4.375021,0.05036,23.51942,0.074
HATS-39 b,1,Transit,2018,Published Confirmed,0,4.5776348,0.06007,200.2329,0.63
HATS-4 b,1,Transit,2014,Published Confirmed,0,2.516729,0.0362,420.471,1.323
HATS-40 b,1,Transit,2018,Published Confirmed,0,3.2642736,0.04997,505.3497,1.59
HATS-41 b,1,Transit,2018,Published Confirmed,0,4.193649,0.0583,3082.951,9.7
HATS-42 b,1,Transit,2018,Published Confirmed,0,2.292102,0.03689,597.5204,1.88
HATS-43 b,1,Transit,2018,Published Confirmed,0,4.3888497,0.04944,82.95363,0.261
HATS-44 b,1,Transit,2018,Published Confirmed,0,2.7439004,0.03649,177.9848,0.56
HATS-45 b,1,Transit,2018,Published Confirmed,0,4.1876244,0.05511,222.481,0.7
HATS-46 b,1,Transit,2018,Published Confirmed,0,4.7423729,0.05367,54.98459,0.173
HATS-47 b,1,Transit,2020,Published Confirmed,0,3.9228038,0.04269,117.27927,0.369
HATS-48 A b,1,Transit,2020,Published Confirmed,0,3.1316666,0.03769,77.23269,0.243
HATS-49 b,1,Transit,2020,Published Confirmed,0,4.1480467,0.04515,112.19399,0.353
HATS-5 b,1,Transit,2014,Published Confirmed,0,4.763387,0.0542,75.323,0.237
HATS-50 b,1,Transit,2017,Published Confirmed,0,3.8297015,0.05046,123.9537,0.39
HATS-51 b,1,Transit,2017,Published Confirmed,0,3.3488702,0.04639,244.09344,0.768
HATS-52 b,1,Transit,2017,Published Confirmed,0,1.36665436,0.02498,711.9392,2.24
HATS-53 b,1,Transit,2017,Published Confirmed,0,3.8537768,0.04753,189.10885,0.595
HATS-54 b,1,Transit,2019,Published Confirmed,0,2.5441765,0.037,239.32479047,0.753
HATS-55 b,1,Transit,2019,Published Confirmed,0,4.2042001,0.05412,292.72143,0.921
HATS-56 b,1,Transit,2019,Published Confirmed,0,4.324799,0.06043,191.33366,0.602
HATS-57 b,1,Transit,2019,Published Confirmed,0,2.350621,0.03493,1000.21101,3.147
HATS-58 A b,1,Transit,2019,Published Confirmed,0,4.2180896,0.05798,327.3649,1.03
HATS-59 b,1,Transit,2018,Published Confirmed,0,5.416081,0.06112,256.17098,0.806
HATS-59 c,1,Radial Velocity,2018,Published Confirmed,0,1422.0,2.504,4036.441,12.7
HATS-6 b,1,Transit,2015,Published Confirmed,0,3.3252725,0.03623,101.38777,0.319
HATS-60 b,1,Transit,2018,Published Confirmed,0,3.560829,0.04708,210.40346,0.662
HATS-61 b,1,Transit,2018,Published Confirmed,0,7.817953,0.07908,1080.622,3.4
HATS-62 b,1,Transit,2018,Published Confirmed,0,3.2768837,0.04163,56.89157,0.179
HATS-63 b,1,Transit,2018,Published Confirmed,0,3.0566527,0.04026,305.1168,0.96
HATS-64 b,1,Transit,2018,Published Confirmed,0,4.908897,0.06562,305.1168,0.96
HATS-65 b,1,Transit,2018,Published Confirmed,0,3.105161,0.04497,260.93843,0.821
HATS-66 b,1,Transit,2018,Published Confirmed,0,3.1414391,0.04714,1694.0339,5.33
HATS-67 b,1,Transit,2018,Published Confirmed,0,1.6091788,0.03032,460.8535,1.45
HATS-68 b,1,Transit,2018,Published Confirmed,0,3.5862202,0.05071,410.0007,1.29
HATS-69 b,1,Transit,2018,Published Confirmed,0,2.2252577,0.03211,183.38791,0.577
HATS-7 b,1,Transit,2015,Published Confirmed,0,3.185315,0.04012,38.1396,0.12
HATS-70 b,1,Transit,2019,Published Confirmed,0,1.8882378,0.03632,4100.007,12.9
HATS-71 b,1,Transit,2020,Published Confirmed,0,3.7955202,0.03745,117.5971,0.37
HATS-72 b,1,Transit,2020,Published Confirmed,0,7.3279474,0.066517,39.855882,0.1254
HATS-74 A b,1,Transit,2021,Published Confirmed,0,1.73185606,0.02384,464.02947422,1.46
HATS-75 b,1,Transit,2021,Published Confirmed,0,2.7886556,0.032742,156.05374784,0.491
HATS-76 b,1,Transit,2021,Published Confirmed,0,1.9416423,0.02658,835.570882,2.629
HATS-77 b,1,Transit,2021,Published Confirmed,0,3.0876262,0.03607,436.69623122,1.374
HATS-8 b,1,Transit,2015,Published Confirmed,0,3.583893,0.04667,43.86054,0.138
HATS-9 b,1,Transit,2015,Published Confirmed,0,1.915291,0.0312,,
HD 100508 b,1,Radial Velocity,2026,Published Confirmed,0,5681.0,6.11,381.3940884,1.2
HD 100655 b,1,Radial Velocity,2011,Published Confirmed,0,157.57001,0.68,511.7063,1.61
HD 100777 b,1,Radial Velocity,2007,Published Confirmed,0,383.0,1.06,390.92894061,1.23
HD 101581 b,1,Transit,2025,Published Confirmed,0,4.46569,0.046,,
HD 101581 c,1,Transit,2025,Published Confirmed,0,6.20401,0.0573,,
HD 10180 c,1,Radial Velocity,2010,Published Confirmed,0,5.75969,0.06412,13.221728,0.0416
HD 10180 d,1,Radial Velocity,2010,Published Confirmed,0,16.357,0.12859,12.013974,0.0378
HD 10180 e,1,Radial Velocity,2010,Published Confirmed,0,49.748,0.2699,25.585315,0.0805
HD 10180 f,1,Radial Velocity,2010,Published Confirmed,0,122.744,0.4929,22.947326,0.0722
HD 10180 g,1,Radial Velocity,2010,Published Confirmed,0,604.67,1.427,23.265156,0.0732
HD 10180 h,1,Radial Velocity,2010,Published Confirmed,0,2205.0,3.381,65.663678,0.2066
HD 101930 b,1,Radial Velocity,2005,Published Confirmed,0,70.46,0.3,79.4575,0.25
HD 102117 b,1,Radial Velocity,2005,Published Confirmed,0,20.8133,0.15,54.0311,0.17
HD 102195 b,1,Radial Velocity,2006,Published Confirmed,0,4.11377,0.05,130.3103,0.41
HD 102272 b,1,Radial Velocity,2008,Published Confirmed,0,127.58,0.51,1570.0802,4.94
HD 102329 b,1,Radial Velocity,2011,Published Confirmed,0,778.09998,1.81,2593.4928,8.16
HD 102843 b,1,Radial Velocity,2019,Published Confirmed,0,3090.942,4.074,113.9,0.35836768
HD 102888 b,1,Radial Velocity,2025,Published Confirmed,0,252.06,1.05,1808.44363583,5.69
HD 102956 b,1,Radial Velocity,2010,Published Confirmed,0,6.4947,0.0807,305.1168,0.96
HD 103197 b,1,Radial Velocity,2011,Published Confirmed,0,47.84,0.25,28.6047,0.09
HD 103720 b,1,Radial Velocity,2014,Published Confirmed,0,4.5557,0.0498,197.046,0.62
HD 103774 b,1,Radial Velocity,2013,Published Confirmed,0,5.8881,0.07,116.0,0.367
HD 103891 b,1,Radial Velocity,2022,Published Confirmed,0,1919.0,3.27,457.67290608,1.44
HD 103949 b,1,Radial Velocity,2019,Published Confirmed,0,120.878,0.439,11.2,0.03523896
HD 104067 b,1,Radial Velocity,2011,Published Confirmed,0,55.851,0.2674,62.1,0.19538845
HD 104067 c,1,Radial Velocity,2024,Published Confirmed,0,13.8992,0.1058,13.2,0.04153184
HD 10442 b,1,Radial Velocity,2014,Published Confirmed,0,1032.3,2.01,472.61321,1.487
HD 104985 b,1,Radial Velocity,2003,Published Confirmed,0,199.68,0.715,1766.80811451,5.559
HD 105618 b,1,Radial Velocity,2022,Published Confirmed,0,10.02245,0.091,25.42627256,0.08
HD 105779 b,1,Radial Velocity,2022,Published Confirmed,0,2412.0,3.38,203.41018048,0.64
HD 106252 b,1,Radial Velocity,2002,Published Confirmed,0,1535.0,2.655,3178.28407,10.0
HD 106270 b,1,Radial Velocity,2011,Published Confirmed,0,1888.0,3.34,3219.6179,10.13
HD 106315 b,1,Transit,2017,Published Confirmed,0,9.55237,0.0907,12.6,0.03964383
HD 106315 c,1,Transit,2017,Published Confirmed,0,21.05704,0.1536,15.2,0.04782431
HD 10647 b,1,Radial Velocity,2006,Published Confirmed,0,989.2,2.015,298.75,0.94
HD 106515 A b,1,Radial Velocity,2012,Published Confirmed,0,3626.0,4.48,6006.9568923,18.9
HD 10697 b,1,Radial Velocity,1999,Published Confirmed,0,1075.3799,2.051,1825.2885414,5.743
HD 107148 b,1,Radial Velocity,2005,Published Confirmed,0,48.056,0.269,66.741,0.21
HD 107148 c,1,Radial Velocity,2021,Published Confirmed,0,18.3267,0.1407,19.89605828,0.0626
HD 108147 b,1,Radial Velocity,2002,Published Confirmed,0,10.8985,0.102,82.95,0.261
HD 108202 b,1,Radial Velocity,2023,Published Confirmed,0,2990.0,3.7,953.485221,3.0
HD 108236 b,1,Transit,2020,Published Confirmed,0,3.795963,0.04527,,
HD 108236 c,1,Transit,2020,Published Confirmed,0,6.203449,0.062,,
HD 108236 e,1,Transit,2020,Published Confirmed,0,19.590025,0.1367,,
HD 108236 f,1,Transit,2021,Published Confirmed,0,29.54115,0.1758,,
HD 108341 b,1,Radial Velocity,2014,Published Confirmed,0,1129.0,2.0,1112.4,3.5
HD 108863 b,1,Radial Velocity,2011,Published Confirmed,0,437.7,1.32,767.24162,2.414
HD 108874 b,1,Radial Velocity,2002,Published Confirmed,0,394.48123,1.04,451.3186,1.42
HD 108874 c,1,Radial Velocity,2005,Published Confirmed,0,1624.0,2.659,314.64,0.99
HD 109246 b,1,Radial Velocity,2010,Published Confirmed,0,68.27,0.33,273.3338,0.86
HD 109271 b,1,Radial Velocity,2013,Published Confirmed,0,7.8543,0.079,17.162,0.054
HD 109271 c,1,Radial Velocity,2013,Published Confirmed,0,30.93,0.196,24.154,0.076
HD 109286 b,1,Radial Velocity,2021,Published Confirmed,0,520.1,1.259,950.30693693,2.99
HD 109749 b,1,Radial Velocity,2005,Published Confirmed,0,5.239891,0.0615,85.8141,0.27
HD 10975 b,1,Radial Velocity,2021,Published Confirmed,0,283.8,0.95,143.02278315,0.45
HD 109988 b,1,Radial Velocity,2022,Published Confirmed,0,17132.15854,12.518,6935.33366915,21.821
HD 110014 b,1,Radial Velocity,2009,Published Confirmed,0,835.477,2.14,3524.59,11.09
HD 110067 b,1,Transit,2023,Published Confirmed,0,9.113678,0.0793,5.69,0.01790274
HD 110067 c,1,Transit,2023,Published Confirmed,0,13.673694,0.1039,6.3,0.01982202
HD 110067 d,1,Transit,2023,Published Confirmed,0,20.519617,0.1362,8.52,0.02680692
HD 110067 e,1,Transit,2023,Published Confirmed,0,30.793091,0.1785,3.9,0.01227077
HD 110067 f,1,Transit,2023,Published Confirmed,0,41.05854,0.2163,5.04,0.01585761
HD 110067 g,1,Transit,2023,Published Confirmed,0,54.76992,0.2621,8.4,0.02642936
HD 110082 b,1,Transit,2021,Published Confirmed,0,10.18271,0.113,,
HD 110113 b,1,Transit,2021,Published Confirmed,0,2.541,0.035,4.55,0.01431583
HD 110113 c,1,Radial Velocity,2021,Published Confirmed,0,6.744,0.068,10.5,0.03303653
HD 110537 b,1,Radial Velocity,2022,Published Confirmed,0,24469.67342,16.714,8612.83200129,27.099
HD 11112 b,1,Radial Velocity,2022,Published Confirmed,0,17244.90764,13.38,2598.56505563,8.176
HD 111232 b,1,Radial Velocity,2003,Published Confirmed,0,1169.13202,2.148,2531.50326176,7.965
HD 111232 c,1,Radial Velocity,2022,Published Confirmed,0,26472.44623,17.25,5740.93451564,18.063
HD 111591 b,1,Radial Velocity,2017,Published Confirmed,0,1056.4,2.5,1398.452,4.4
HD 111998 b,1,Radial Velocity,2016,Published Confirmed,0,810.0,1.91,1525.5763536,4.8
HD 112300 b,1,Radial Velocity,2023,Published Confirmed,0,466.63,1.33,5031.22368281,15.83
HD 112570 b,1,Radial Velocity,2023,Published Confirmed,0,2615.0,3.9,1086.97315194,3.42
HD 112640 b,1,Radial Velocity,2020,Published Confirmed,0,613.2,1.7,1589.15,5.0
HD 113337 b,1,Radial Velocity,2013,Published Confirmed,0,317.58639,1.022,1035.80277841,3.259
HD 113337 c,1,Radial Velocity,2020,Published Confirmed,0,5429.93477,6.805,6299.67685515,19.821
HD 11343 c,1,Radial Velocity,2022,Published Confirmed,0,228.53731,0.923,255.53403923,0.804
HD 113538 b,1,Radial Velocity,2010,Published Confirmed,0,663.2,1.24,114.41,0.36
HD 113538 c,1,Radial Velocity,2010,Published Confirmed,0,1818.0,2.44,295.57,0.93
HD 113996 b,1,Radial Velocity,2017,Published Confirmed,0,610.2,1.6,2002.329,6.3
HD 114082 b,1,Radial Velocity,2022,Published Confirmed,0,109.75,0.5109,2542.627256,8.0
HD 114386 b,1,Radial Velocity,2003,Published Confirmed,0,937.70001,1.73,362.3262,1.14
HD 114386 c,1,Radial Velocity,2026,Published Confirmed,0,444.0,1.05,117.59651059,0.37
HD 114729 b,1,Radial Velocity,2002,Published Confirmed,0,1121.79,2.067,262.20975,0.825
HD 114783 b,1,Radial Velocity,2001,Published Confirmed,0,493.7,1.16,349.6,1.1
HD 114783 c,1,Radial Velocity,2016,Published Confirmed,0,4352.0,5.0,603.8739733,1.9
HD 11506 b,1,Radial Velocity,2007,Published Confirmed,0,1617.7,2.885,1525.5763536,4.8
HD 11506 c,1,Radial Velocity,2008,Published Confirmed,0,223.92,0.771,127.1313628,0.4
HD 11506 d,1,Radial Velocity,2022,Published Confirmed,0,26500.0,18.2,4068.2036096,12.8
HD 115404 A b,1,Radial Velocity,2022,Published Confirmed,0,10.49488,0.088,30.82935548,0.097
HD 115404 A c,1,Radial Velocity,2022,Published Confirmed,0,15319.22517,11.364,3279.67133183,10.319
HD 115954 b,1,Radial Velocity,2021,Published Confirmed,0,3700.0,5.0,2634.79749403,8.29
HD 116029 b,1,Radial Velocity,2011,Published Confirmed,0,670.0,1.65,444.962,1.4
HD 117207 b,1,Radial Velocity,2004,Published Confirmed,0,2621.75,3.787,612.14058,1.926
HD 11755 b,1,Radial Velocity,2015,Published Confirmed,0,433.70001,1.09,1789.3829,5.63
HD 117618 b,1,Radial Velocity,2004,Published Confirmed,0,25.8,0.18,55.30242,0.174
HD 118203 b,1,Radial Velocity,2005,Published Confirmed,0,6.1349779,0.0713,680.15279098,2.14
HD 118203 c,1,Radial Velocity,2024,Published Confirmed,0,5103.0,6.28,3747.19691853,11.79
HD 11964 b,1,Radial Velocity,2005,Published Confirmed,0,1945.0,3.16,198.0,0.622
HD 11964 c,1,Radial Velocity,2008,Published Confirmed,0,37.91,0.229,25.0,0.0788
HD 11977 b,1,Radial Velocity,2005,Published Confirmed,0,711.0,1.93,2080.0,6.54
HD 120084 b,1,Radial Velocity,2013,Published Confirmed,0,2142.0,4.21,2034.1018048,6.4
HD 121504 b,1,Radial Velocity,2003,Published Confirmed,0,63.33,0.33,479.9233,1.51
HD 12235 b,1,Radial Velocity,2022,Published Confirmed,0,4.36305,0.054,10.48833743,0.033
HD 122562 c,1,Radial Velocity,2022,Published Confirmed,0,84.96276,0.406,73.10053361,0.23
HD 124330 b,1,Radial Velocity,2021,Published Confirmed,0,270.66,0.86,238.37130525,0.75
HD 12484 b,1,Radial Velocity,2016,Published Confirmed,0,58.83,0.297,947.1334,2.98
HD 125271 b,1,Radial Velocity,2022,Published Confirmed,0,14901.99295,10.817,3465.60094993,10.904
HD 125390 b,1,Radial Velocity,2019,Published Confirmed,0,1757.39151,3.496,8646.20398403,27.204
HD 125595 b,1,Radial Velocity,2011,Published Confirmed,0,9.6737,0.08,6.3566,0.02
HD 125612 b,1,Radial Velocity,2007,Published Confirmed,0,557.69994,1.349,945.22168242,2.974
HD 125612 c,1,Radial Velocity,2009,Published Confirmed,0,4.15466,0.051,15.57359194,0.049
HD 125612 d,1,Radial Velocity,2009,Published Confirmed,0,2822.72698,3.982,2281.37230545,7.178
HD 126105 b,1,Radial Velocity,2026,Published Confirmed,0,524.0,1.36,530.77343969,1.67
HD 12648 b,1,Radial Velocity,2015,Published Confirmed,0,133.60001,0.54,622.9468,1.96
HD 126525 b,1,Radial Velocity,2018,Published Confirmed,0,960.41,1.837,75.32571,0.237
HD 12661 b,1,Radial Velocity,2000,Published Confirmed,0,262.70862,0.84,772.3269,2.43
HD 12661 c,1,Radial Velocity,2002,Published Confirmed,0,1708.0,2.8145,575.884,1.812
HD 126614 b,1,Radial Velocity,2009,Published Confirmed,0,1257.25303,2.249,107.74382997,0.339
HD 127506 b,1,Radial Velocity,2022,Published Confirmed,0,65.78395,0.287,27.333243,0.086
HD 128311 b,1,Radial Velocity,2002,Published Confirmed,0,453.019,1.084,562.24127,1.769
HD 128311 c,1,Radial Velocity,2005,Published Confirmed,0,921.538,1.74,1204.25787,3.789
HD 128356 b,1,Radial Velocity,2016,Published Confirmed,0,298.2,0.87,282.8687,0.89
HD 128717 b,1,Astrometry,2025,Published Confirmed,0,3420.0,4.85,6293.0024586,19.8
HD 129445 b,1,Radial Velocity,2009,Published Confirmed,0,1840.0,2.9,508.507,1.6
HD 130322 b,1,Radial Velocity,1999,Published Confirmed,0,10.70871,0.0925,365.49,1.15
HD 131496 b,1,Radial Velocity,2011,Published Confirmed,0,896.0,2.01,572.094,1.8
HD 13167 b,1,Radial Velocity,2018,Published Confirmed,0,2613.0,4.1,1052.0173,3.31
HD 13189 b,1,Radial Velocity,2005,Published Confirmed,0,471.60001,1.25,3480.2385,10.95
HD 132563 b,1,Radial Velocity,2011,Published Confirmed,0,1544.0,2.62,473.547,1.49
HD 133131 A b,1,Radial Velocity,2016,Published Confirmed,0,649.0,1.44,451.3186,1.42
HD 133131 A c,1,Radial Velocity,2016,Published Confirmed,0,3568.0,4.49,133.4886,0.42
HD 133131 B b,1,Radial Velocity,2016,Published Confirmed,0,5769.0,6.15,794.575,2.5
HD 134060 b,1,Radial Velocity,2019,Published Confirmed,0,3.2696,0.0444,10.1,0.0318
HD 134060 c,1,Radial Velocity,2019,Published Confirmed,0,1291.5646,2.3928,29.29,0.0922
HD 134606 b,1,Radial Velocity,2024,Published Confirmed,0,12.089,0.1046,9.09,0.02860034
HD 134606 c,1,Radial Velocity,2024,Published Confirmed,0,58.883,0.3007,11.31,0.03558524
HD 134606 d,1,Radial Velocity,2024,Published Confirmed,0,966.5,1.941,44.8,0.14095656
HD 134606 e,1,Radial Velocity,2024,Published Confirmed,0,4.3203,0.0527,2.34,0.00736246
HD 134606 f,1,Radial Velocity,2024,Published Confirmed,0,26.915,0.1784,5.63,0.01771396
HD 134987 b,1,Radial Velocity,1999,Published Confirmed,0,258.17999,0.81,511.7063,1.61
HD 134987 c,1,Radial Velocity,2009,Published Confirmed,0,5000.0,5.8,260.0,0.82
HD 135344 A b,1,Imaging,2025,Published Confirmed,0,,16.5,3178.28407,10.0
HD 135625 b,1,Radial Velocity,2023,Published Confirmed,0,4055.0,5.4,731.0053361,2.3
HD 135694 b,1,Transit,2023,Published Confirmed,0,15.923475568,0.124695,,
HD 135872 b,1,Radial Velocity,2022,Published Confirmed,0,2422.32597,4.172,1744.56012602,5.489
HD 136118 b,1,Radial Velocity,2022,Published Confirmed,0,1187.59765,2.327,4164.18778851,13.102
HD 136352 b,1,Radial Velocity,2019,Published Confirmed,0,11.57797,0.0964,4.72,0.01485078
HD 136352 c,1,Radial Velocity,2019,Published Confirmed,0,27.59221,0.1721,11.24,0.03536499
HD 136352 d,1,Radial Velocity,2019,Published Confirmed,0,107.245,0.425,8.82,0.02775082
HD 136418 b,1,Radial Velocity,2009,Published Confirmed,0,464.29999,1.29,680.1562,2.14
HD 136925 b,1,Radial Velocity,2021,Published Confirmed,0,4540.0,5.13,266.97586188,0.84
HD 13724 c,1,Radial Velocity,2022,Published Confirmed,0,142.22895,0.534,50.85254512,0.16
HD 137388 b,1,Radial Velocity,2011,Published Confirmed,0,330.0,0.89,63.566,0.2
HD 137496 b,1,Transit,2021,Published Confirmed,0,1.62116,0.02732,4.04,0.01271126
HD 137496 c,1,Radial Velocity,2021,Published Confirmed,0,479.9,1.2163,2434.56559762,7.66
HD 13808 b,1,Radial Velocity,2021,Published Confirmed,0,14.1815,0.10519,11.2,0.03523896
HD 13808 c,1,Radial Velocity,2021,Published Confirmed,0,53.753,0.2554,9.96,0.03133751
HD 13908 b,1,Radial Velocity,2013,Published Confirmed,0,19.382,0.154,274.91,0.865
HD 13908 c,1,Radial Velocity,2013,Published Confirmed,0,931.0,2.03,1630.4,5.13
HD 13931 b,1,Radial Velocity,2009,Published Confirmed,0,4218.0,5.15,699.226,2.2
HD 139357 b,1,Radial Velocity,2008,Published Confirmed,0,1124.79139,2.949,6315.5682755,19.871
HD 1397 b,1,Transit,2018,Published Confirmed,0,11.53533,0.1097,131.89945,0.415
HD 14067 b,1,Radial Velocity,2014,Published Confirmed,0,2744.0,5.15,4862.7746271,15.3
HD 140901 b,1,Radial Velocity,2022,Published Confirmed,1,9.02378,0.085,15.57359194,0.049
HD 140901 c,1,Radial Velocity,2022,Published Confirmed,0,14386.0,11.8,572.0911326,1.8
HD 141004 b,1,Radial Velocity,2021,Published Confirmed,0,15.5083,0.1238,13.63483866,0.0429
HD 141399 b,1,Radial Velocity,2014,Published Confirmed,0,94.44,0.415,143.34133,0.451
HD 141399 c,1,Radial Velocity,2014,Published Confirmed,0,201.99,0.689,422.7139,1.33
HD 141399 d,1,Radial Velocity,2014,Published Confirmed,0,1069.8,2.09,375.0394,1.18
HD 141399 e,1,Radial Velocity,2014,Published Confirmed,0,5000.0,5.0,209.7678,0.66
HD 141937 b,1,Radial Velocity,2002,Published Confirmed,0,662.37,1.54,3591.4609991,11.3
HD 142 A d,1,Radial Velocity,2022,Published Confirmed,0,108.45299,0.474,82.63538582,0.26
HD 142 b,1,Radial Velocity,2001,Published Confirmed,0,351.43394,1.039,396.96768034,1.249
HD 142 c,1,Radial Velocity,2012,Published Confirmed,0,10159.64279,9.811,3464.64746471,10.901
HD 142022 A b,1,Radial Velocity,2005,Published Confirmed,0,1928.0,2.93,1411.1652,4.44
HD 142245 b,1,Radial Velocity,2011,Published Confirmed,0,1299.0,2.78,975.7381,3.07
HD 142415 b,1,Radial Velocity,2003,Published Confirmed,0,386.29999,1.06,530.7761,1.67
HD 143105 b,1,Radial Velocity,2016,Published Confirmed,0,2.1974,0.0379,384.5743,1.21
HD 143361 b,1,Radial Velocity,2008,Published Confirmed,0,1039.15,1.988,1122.57556,3.532
HD 144899 b,1,Radial Velocity,2022,Published Confirmed,0,40.43914,0.242,20.34101805,0.064
HD 145377 b,1,Radial Velocity,2008,Published Confirmed,0,103.95,0.45,1913.3366,6.02
HD 145457 b,1,Radial Velocity,2010,Published Confirmed,0,176.13,0.762,888.01256916,2.794
HD 145934 b,1,Radial Velocity,2015,Published Confirmed,0,2751.53433,4.89,658.5404593,2.072
HD 1461 b,1,Radial Velocity,2010,Published Confirmed,0,5.77152,0.0634,6.44,0.0202624
HD 1461 c,1,Radial Velocity,2015,Published Confirmed,0,13.5052,0.1117,5.59,0.01758802
HD 147018 b,1,Radial Velocity,2009,Published Confirmed,0,44.236,0.2388,674.0,2.12
HD 147018 c,1,Radial Velocity,2009,Published Confirmed,0,1008.0,1.922,2080.0,6.56
HD 147513 b,1,Radial Velocity,2003,Published Confirmed,1,528.4,1.32,385.0,1.21
HD 14787 b,1,Radial Velocity,2018,Published Confirmed,0,676.6,1.7,356.28743,1.121
HD 147873 b,1,Radial Velocity,2016,Published Confirmed,0,116.596,0.522,1633.6462,5.14
HD 147873 c,1,Radial Velocity,2016,Published Confirmed,0,491.54,1.36,731.009,2.3
HD 148156 b,1,Radial Velocity,2009,Published Confirmed,0,1027.0,2.45,270.144,0.85
HD 148164 b,1,Radial Velocity,2018,Published Confirmed,0,328.55,0.993,390.9309,1.23
HD 148164 c,1,Radial Velocity,2018,Published Confirmed,0,5062.0,6.15,1640.0028,5.16
HD 148427 b,1,Radial Velocity,2009,Published Confirmed,1,331.9,1.11,381.3940884,1.2
HD 149143 b,1,Radial Velocity,2005,Published Confirmed,0,4.07182,0.053,422.7139,1.33
HD 149806 b,1,Radial Velocity,2022,Published Confirmed,0,16521.52778,12.404,4003.68444298,12.597
HD 150010 b,1,Radial Velocity,2022,Published Confirmed,0,562.0,1.4,762.7881768,2.4
HD 1502 b,1,Radial Velocity,2011,Published Confirmed,0,428.5,1.262,874.0325,2.75
HD 150706 b,1,Radial Velocity,2012,Published Confirmed,0,5894.0,6.7,861.28,2.71
HD 151450 b,1,Radial Velocity,2022,Published Confirmed,0,21.89288,0.16,38.45723725,0.121
HD 151450 c,1,Radial Velocity,2022,Published Confirmed,0,18144.76236,14.131,1636.18063924,5.148
HD 152079 b,1,Radial Velocity,2009,Published Confirmed,0,2918.92,4.187,845.74563,2.661
HD 152581 b,1,Radial Velocity,2011,Published Confirmed,0,686.5,1.66,594.02427,1.869
HD 152843 b,1,Transit,2021,Published Confirmed,0,11.62071,0.1049,9.82,0.03089718
HD 152843 c,1,Transit,2021,Published Confirmed,0,19.502104,0.1482,9.67,0.03042522
HD 153557 b,1,Radial Velocity,2022,Published Confirmed,0,7.29903,0.068,20.34101805,0.064
HD 153557 c,1,Radial Velocity,2022,Published Confirmed,0,15.27018,0.111,17.48056238,0.055
HD 153950 b,1,Radial Velocity,2008,Published Confirmed,0,499.39999,1.28,937.5985,2.95
HD 154088 b,1,Radial Velocity,2021,Published Confirmed,0,18.56,0.134,6.6,0.02076592
HD 154345 b,1,Radial Velocity,2006,Published Confirmed,0,3280.0,4.158,376.9444907,1.186
HD 154391 b,1,Radial Velocity,2023,Published Confirmed,0,5163.0,7.46,2892.2385037,9.1
HD 154672 b,1,Radial Velocity,2008,Published Confirmed,0,163.94,0.6,1706.7471,5.37
HD 154857 b,1,Radial Velocity,2004,Published Confirmed,0,408.60001,1.29,778.6835,2.45
HD 154857 c,1,Radial Velocity,2014,Published Confirmed,0,3452.0,5.36,819.97,2.58
HD 155193 b,1,Radial Velocity,2021,Published Confirmed,0,352.65,1.04,238.37130525,0.75
HD 155358 b,1,Radial Velocity,2007,Published Confirmed,0,194.3,0.63,314.6517,0.99
HD 155358 c,1,Radial Velocity,2007,Published Confirmed,0,391.9,1.02,261.0,0.82
HD 155918 b,1,Radial Velocity,2022,Published Confirmed,0,1.87567,0.03,7.62788177,0.024
HD 155918 c,1,Radial Velocity,2022,Published Confirmed,0,17202.19446,13.183,1878.04805696,5.909
HD 156098 b,1,Radial Velocity,2022,Published Confirmed,0,21.85849,0.167,15.89142035,0.05
HD 156098 c,1,Radial Velocity,2022,Published Confirmed,0,7841.5839,8.415,1661.6069118,5.228
HD 156279 b,1,Radial Velocity,2011,Published Confirmed,0,133.40355,0.502,2997.75753482,9.432
HD 156279 c,1,Radial Velocity,2016,Published Confirmed,0,4818.25358,5.486,3098.82696825,9.75
HD 156411 b,1,Radial Velocity,2009,Published Confirmed,0,842.2,1.88,235.18,0.74
HD 156668 b,1,Radial Velocity,2010,Published Confirmed,0,4.6455,0.05,4.15,0.013
HD 156668 c,1,Radial Velocity,2021,Published Confirmed,0,811.3,1.57,31.49679513,0.0991
HD 156846 b,1,Radial Velocity,2007,Published Confirmed,0,359.51001,1.12,3391.2461,10.67
HD 158038 b,1,Radial Velocity,2011,Published Confirmed,0,521.0,1.5,486.2799,1.53
HD 158996 b,1,Radial Velocity,2018,Published Confirmed,0,820.2,2.1,4449.62,14.0
HD 15906 b,1,Transit,2023,Published Confirmed,0,10.924709,0.09,,
HD 15906 c,1,Transit,2023,Published Confirmed,0,21.583298,0.141,,
HD 159243 b,1,Radial Velocity,2013,Published Confirmed,0,12.62,0.11,359.13,1.13
HD 159243 c,1,Radial Velocity,2013,Published Confirmed,0,248.4,0.8,603.9,1.9
HD 159868 b,1,Radial Velocity,2006,Published Confirmed,0,1184.1,2.32,704.94694,2.218
HD 159868 c,1,Radial Velocity,2012,Published Confirmed,0,351.0,1.032,244.09344,0.768
HD 1605 b,1,Radial Velocity,2015,Published Confirmed,0,577.2,1.492,296.85322,0.934
HD 1605 c,1,Radial Velocity,2015,Published Confirmed,0,2149.0,3.584,1150.5446,3.62
HD 161178 b,1,Radial Velocity,2021,Published Confirmed,0,279.3,0.85,181.16219199,0.57
HD 16141 b,1,Radial Velocity,2000,Published Confirmed,0,75.523,0.36,82.6358,0.26
HD 16175 b,1,Radial Velocity,2009,Published Confirmed,0,990.0,2.12,1620.933,5.1
HD 162020 b,1,Radial Velocity,2002,Published Confirmed,0,8.4282,0.08,3127.4472,9.84
HD 163607 b,1,Radial Velocity,2012,Published Confirmed,0,75.2203,0.362,249.051588,0.7836
HD 163607 c,1,Radial Velocity,2012,Published Confirmed,0,1272.0,2.39,699.54383,2.201
HD 16417 b,1,Radial Velocity,2008,Published Confirmed,0,17.24,0.14,22.1,0.0696
HD 164509 b,1,Radial Velocity,2012,Published Confirmed,0,280.17,0.87,140.79869,0.443
HD 164595 b,1,Radial Velocity,2015,Published Confirmed,0,40.0,0.23,16.14,0.05078186
HD 164604 b,1,Radial Velocity,2009,Published Confirmed,0,653.9,1.362,4195.3349724,13.2
HD 164604 c,1,Radial Velocity,2026,Published Confirmed,0,5387.0,5.556,3019.3698665,9.5
HD 164922 b,1,Radial Velocity,2005,Published Confirmed,0,1207.0,2.16,116.0,0.36497499
HD 164922 c,1,Radial Velocity,2016,Published Confirmed,0,75.74,0.341,13.0,0.04090237
HD 164922 d,1,Radial Velocity,2020,Published Confirmed,0,12.458,0.103,4.0,0.01258534
HD 164922 e,1,Radial Velocity,2021,Published Confirmed,0,41.763,0.2292,10.52012027,0.0331
HD 165131 b,1,Radial Velocity,2023,Published Confirmed,0,2342.6,3.54,5943.3912109,18.7
HD 165155 b,1,Radial Velocity,2016,Published Confirmed,0,434.5,1.13,918.5287,2.89
HD 1666 b,1,Radial Velocity,2015,Published Confirmed,0,270.0,0.94,2040.0,6.43
HD 166724 b,1,Radial Velocity,2012,Published Confirmed,0,5144.0,5.42,1121.89,3.53
HD 167042 b,1,Radial Velocity,2007,Published Confirmed,0,417.67,1.22,444.00628458,1.397
HD 16760 b,1,Radial Velocity,2009,Published Confirmed,1,466.08,1.156,6833.3107505,21.5
HD 167677 b,1,Radial Velocity,2023,Published Confirmed,0,1820.0,2.877,905.81095995,2.85
HD 167768 b,1,Radial Velocity,2022,Published Confirmed,0,20.6532,0.1512,270.15414595,0.85
HD 168009 b,1,Radial Velocity,2021,Published Confirmed,0,15.1479,0.1192,9.53485221,0.03
HD 168443 b,1,Radial Velocity,1998,Published Confirmed,0,58.11187,0.292,2424.3950886,7.628
HD 168443 c,1,Radial Velocity,2000,Published Confirmed,0,1753.1096,2.842,5500.33841154,17.306
HD 168746 b,1,Radial Velocity,2002,Published Confirmed,0,6.404,0.07,85.8141,0.27
HD 168863 b,1,Radial Velocity,2022,Published Confirmed,0,14773.93272,10.961,2154.87659946,6.78
HD 1690 b,1,Radial Velocity,2010,Published Confirmed,0,533.0,1.36,2793.7257,8.79
HD 16905 b,1,Radial Velocity,2022,Published Confirmed,0,10256.0,8.8,3591.4609991,11.3
HD 169830 b,1,Radial Velocity,2000,Published Confirmed,0,225.67372,0.765,804.42369812,2.531
HD 169830 c,1,Radial Velocity,2003,Published Confirmed,0,1818.82339,3.075,2437.42605328,7.669
HD 170469 b,1,Radial Velocity,2007,Published Confirmed,0,1145.0,2.24,209.7678,0.66
HD 17092 b,1,Radial Velocity,2007,Published Confirmed,0,359.89999,1.31,3219.6179,10.13
HD 171028 b,1,Radial Velocity,2007,Published Confirmed,0,550.0,1.32,832.7146,2.62
HD 171238 b,1,Radial Velocity,2009,Published Confirmed,0,1515.0,2.518,2796.8899816,8.8
HD 17156 b,1,Radial Velocity,2007,Published Confirmed,0,21.2164294,0.1632,1036.12060682,3.26
HD 173416 b,1,Radial Velocity,2008,Published Confirmed,0,322.03,1.158,585.12209729,1.841
HD 174205 b,1,Radial Velocity,2022,Published Confirmed,0,582.0,1.7,1334.8793094,4.2
HD 175541 b,1,Radial Velocity,2007,Published Confirmed,0,298.43,0.975,190.06234,0.598
HD 17674 b,1,Radial Velocity,2017,Published Confirmed,0,623.8,1.42,276.5121,0.87
HD 176986 b,1,Radial Velocity,2017,Published Confirmed,0,6.49164,0.062956,5.36,0.01686445
HD 176986 c,1,Radial Velocity,2017,Published Confirmed,0,16.8124,0.11873,9.75,0.03067693
HD 176986 d,1,Radial Velocity,2026,Published Confirmed,0,61.376,0.28149,6.76,0.02126934
HD 177565 b,1,Radial Velocity,2017,Published Confirmed,0,44.505,0.246,15.1,0.04750967
HD 177830 b,1,Radial Velocity,1999,Published Confirmed,0,410.10001,1.14,537.1327,1.69
HD 177830 c,1,Radial Velocity,2010,Published Confirmed,0,110.9,0.5137,47.6725,0.15
HD 178911 B b,1,Radial Velocity,2001,Published Confirmed,0,71.484,0.34,2552.1749,8.03
HD 179079 b,1,Radial Velocity,2008,Published Confirmed,0,14.479,0.1214,25.74423,0.081
HD 179949 b,1,Radial Velocity,2000,Published Confirmed,0,3.092514,0.0443,291.12,0.916
HD 180053 b,1,Radial Velocity,2018,Published Confirmed,0,213.72,0.843,697.31902,2.194
HD 18015 b,1,Radial Velocity,2018,Published Confirmed,0,2278.0,3.87,1010.6994,3.18
HD 180314 b,1,Radial Velocity,2010,Published Confirmed,0,394.73,1.448,7216.92963775,22.707
HD 180617 b,1,Radial Velocity,2018,Published Confirmed,0,105.911,0.343,12.214,0.03842935
HD 180902 b,1,Radial Velocity,2009,Published Confirmed,0,510.9,1.4,535.54355,1.685
HD 181234 b,1,Radial Velocity,2019,Published Confirmed,0,7593.40512,7.427,2980.91262925,9.379
HD 181342 b,1,Radial Velocity,2009,Published Confirmed,0,564.1,1.592,807.2882,2.54
HD 18143 b,1,Radial Velocity,2022,Published Confirmed,0,10.2851,0.088,10.80616584,0.034
HD 18143 c,1,Radial Velocity,2022,Published Confirmed,0,28982.41764,17.53,3177.64841319,9.998
HD 181433 b,1,Radial Velocity,2008,Published Confirmed,0,9.3745,0.0828,7.22,0.02271666
HD 181433 c,1,Radial Velocity,2008,Published Confirmed,0,1018.5,1.885,235.5,0.74096586
HD 181433 d,1,Radial Velocity,2008,Published Confirmed,0,6896.1,6.74,206.91,0.65101166
HD 181720 b,1,Radial Velocity,2009,Published Confirmed,0,956.0,1.85,127.132,0.4
HD 183263 b,1,Radial Velocity,2004,Published Confirmed,0,624.87404,1.46,1103.1824007,3.471
HD 183263 c,1,Radial Velocity,2008,Published Confirmed,0,4667.97841,5.585,2958.98246917,9.31
HD 183579 b,1,Transit,2021,Published Confirmed,0,17.471291,0.1322,20.4,0.06418558
HD 184010 b,1,Radial Velocity,2022,Published Confirmed,0,286.6,0.94,98.52680617,0.31
HD 184010 c,1,Radial Velocity,2022,Published Confirmed,0,484.3,1.334,95.3485221,0.3
HD 184010 d,1,Radial Velocity,2022,Published Confirmed,0,836.4,1.92,143.02278315,0.45
HD 18438 b,1,Radial Velocity,2023,Published Confirmed,0,803.0,2.1,6674.396547,21.0
HD 185269 b,1,Radial Velocity,2006,Published Confirmed,0,6.83776,0.077,321.0083,1.01
HD 185283 b,1,Radial Velocity,2023,Published Confirmed,0,4060.0,4.6,413.1769291,1.3
HD 18599 b,1,Transit,2022,Published Confirmed,0,4.1374354,0.048,24.1,0.07582708
HD 187085 b,1,Radial Velocity,2006,Published Confirmed,0,1019.74,2.1,265.70588,0.836
HD 187123 b,1,Radial Velocity,1998,Published Confirmed,0,3.0965828,0.0426,166.218,0.523
HD 187123 c,1,Radial Velocity,2008,Published Confirmed,0,3810.0,4.89,632.46,1.99
HD 18742 b,1,Radial Velocity,2011,Published Confirmed,0,766.0,1.82,1080.622,3.4
HD 188015 b,1,Radial Velocity,2004,Published Confirmed,0,461.2,1.203,476.72,1.5
HD 188641 b,1,Radial Velocity,2022,Published Confirmed,0,14583.81038,12.027,9333.03117155,29.365
HD 189567 b,1,Radial Velocity,2021,Published Confirmed,0,14.288,0.111,8.5,0.02674399
HD 189567 c,1,Radial Velocity,2021,Published Confirmed,0,33.688,0.197,7.0,0.02202446
HD 190228 b,1,Radial Velocity,2022,Published Confirmed,0,1143.59858,2.406,1598.67688721,5.03
HD 190360 b,1,Radial Velocity,2003,Published Confirmed,0,2887.5,3.965,537.0,1.68959095
HD 190360 c,1,Radial Velocity,2005,Published Confirmed,0,17.11625,0.1298,26.2,0.08243442
HD 190360 d,1,Radial Velocity,2026,Published Confirmed,0,88.69,0.3886,11.9,0.03744159
HD 190647 b,1,Radial Velocity,2007,Published Confirmed,0,1176.45,2.231,630.89255,1.985
HD 190984 b,1,Radial Velocity,2009,Published Confirmed,0,4885.0,5.5,985.2,3.1
HD 191806 b,1,Radial Velocity,2016,Published Confirmed,0,1603.38923,2.749,2966.61035094,9.334
HD 191939 b,1,Transit,2020,Published Confirmed,0,8.8803256,0.0804,10.0,0.03146352
HD 191939 c,1,Transit,2020,Published Confirmed,0,28.579743,0.1752,8.0,0.02517081
HD 191939 d,1,Transit,2020,Published Confirmed,0,38.353037,0.2132,2.8,0.00880979
HD 191939 e,1,Radial Velocity,2022,Published Confirmed,0,101.12,0.407,112.2,0.35302068
HD 191939 f,1,Radial Velocity,2022,Published Confirmed,0,2898.0,3.71,915.34581216,2.88
HD 191939 g,1,Radial Velocity,2022,Published Confirmed,0,284.0,0.812,13.5,0.04247575
HD 192263 b,1,Radial Velocity,1999,Published Confirmed,0,24.3556,0.15,177.9848,0.56
HD 192310 b,1,Radial Velocity,2011,Published Confirmed,0,74.72,0.32,16.9,0.0532
HD 192310 c,1,Radial Velocity,2011,Published Confirmed,0,525.8,1.18,24.0,0.076
HD 192699 b,1,Radial Velocity,2007,Published Confirmed,0,340.94,1.063,666.17168,2.096
HD 194490 b,1,Radial Velocity,2022,Published Confirmed,0,13092.18348,11.116,3561.90295725,11.207
HD 195019 b,1,Radial Velocity,1998,Published Confirmed,0,18.20132,0.14,1264.9634,3.98
HD 196050 b,1,Radial Velocity,2002,Published Confirmed,0,1392.0,2.65,1493.7935129,4.7
HD 196067 b,1,Radial Velocity,2012,Published Confirmed,0,3413.7,4.71,3623.2438398,11.4
HD 19615 b,1,Radial Velocity,2022,Published Confirmed,0,402.0,1.1,2701.5414595,8.5
HD 196885 A b,1,Radial Velocity,2007,Published Confirmed,0,1333.0,2.37,819.97,2.58
HD 197037 b,1,Radial Velocity,2012,Published Confirmed,0,1035.7,2.07,251.0,0.79
HD 199509 b,1,Radial Velocity,2022,Published Confirmed,0,99.62167,0.426,43.22466335,0.136
HD 19994 b,1,Radial Velocity,2003,Published Confirmed,0,466.2,1.305,435.41,1.37
HD 20003 b,1,Radial Velocity,2019,Published Confirmed,0,11.8482,0.0974,11.66,0.0367
HD 20003 c,1,Radial Velocity,2019,Published Confirmed,0,33.9239,0.1964,14.44,0.0454
HD 200964 b,1,Radial Velocity,2010,Published Confirmed,0,606.3,1.565,508.21017,1.599
HD 200964 c,1,Radial Velocity,2010,Published Confirmed,0,852.5,1.96,385.84562,1.214
HD 202206 c,1,Radial Velocity,2004,Published Confirmed,0,1260.0,2.41,5689.157,17.9
HD 202696 b,1,Radial Velocity,2019,Published Confirmed,0,517.8,1.566,634.38868,1.996
HD 202696 c,1,Radial Velocity,2019,Published Confirmed,0,946.6,2.342,592.43512,1.864
HD 202772 A b,1,Transit,2019,Published Confirmed,0,3.3088775,0.05208,323.54931833,1.018
HD 20329 b,1,Transit,2022,Published Confirmed,0,0.926118,0.018,7.42,0.02334593
HD 203387 b,1,Radial Velocity,2022,Published Confirmed,0,512.5352,1.771,1106.04285636,3.48
HD 203387 c,1,Radial Velocity,2022,Published Confirmed,0,2481.07227,5.067,2378.9456264,7.485
HD 2039 b,1,Radial Velocity,2002,Published Confirmed,0,1120.0,2.2,1999.1507,6.29
HD 204313 b,1,Radial Velocity,2010,Published Confirmed,0,2041.11539,3.185,1466.7780983,4.615
HD 204313 c,1,Radial Velocity,2015,Published Confirmed,0,34.95875,0.211,17.16273398,0.054
HD 204313 e,1,Radial Velocity,2022,Published Confirmed,0,7325.64666,7.457,4868.17771002,15.317
HD 204941 b,1,Radial Velocity,2011,Published Confirmed,0,1733.0,2.55,73.1009,0.23
HD 205158 b,1,Radial Velocity,2022,Published Confirmed,0,25.33798,0.177,124.58873554,0.392
HD 205739 b,1,Radial Velocity,2008,Published Confirmed,0,279.8,0.896,435.41,1.37
HD 206255 b,1,Radial Velocity,2019,Published Confirmed,0,96.045,0.461,34.2,0.10760469
HD 206610 b,1,Radial Velocity,2009,Published Confirmed,0,673.2,1.74,647.10188,2.036
HD 206893 b,1,Imaging,2021,Published Confirmed,0,11100.0,10.75,6197.6539365,19.5
HD 206893 c,1,Imaging,2022,Published Confirmed,0,2290.0,3.74,3527.8953177,11.1
HD 207496 b,1,Transit,2023,Published Confirmed,0,6.441008,0.0629,6.1,0.01919275
HD 20781 b,1,Radial Velocity,2019,Published Confirmed,0,5.3135,0.0529,1.93,0.0061
HD 20781 c,1,Radial Velocity,2019,Published Confirmed,0,13.8905,0.1004,5.33,0.0168
HD 20781 d,1,Radial Velocity,2019,Published Confirmed,0,29.158,0.1647,10.61,0.0334
HD 20781 e,1,Radial Velocity,2019,Published Confirmed,0,85.5073,0.3374,14.03,0.0442
HD 20782 b,1,Radial Velocity,2006,Published Confirmed,0,597.0643,1.3649,472.83,1.4878
HD 207832 b,1,Radial Velocity,2012,Published Confirmed,0,160.07,0.586,177.9848,0.56
HD 207832 c,1,Radial Velocity,2012,Published Confirmed,0,1155.7,2.112,232.0159,0.73
HD 207897 b,1,Transit,2021,Published Confirmed,0,16.20166,0.117,14.8,0.04656601
HD 20794 b,1,Radial Velocity,2011,Published Confirmed,0,18.314,0.1257,2.15,0.00676466
HD 20794 d,1,Radial Velocity,2011,Published Confirmed,0,89.68,0.3625,2.98,0.00937613
HD 20794 e,1,Radial Velocity,2017,Published Confirmed,1,147.02,0.509,4.77,0.01500802
HD 20794 f,1,Radial Velocity,2025,Published Confirmed,0,647.6,1.3541,5.82,0.01831177
HD 208487 b,1,Radial Velocity,2004,Published Confirmed,0,129.36,0.53,146.20106722,0.46
HD 208527 b,1,Radial Velocity,2012,Published Confirmed,0,875.5,2.1,3146.4,9.9
HD 20868 b,1,Radial Velocity,2008,Published Confirmed,0,380.85001,0.95,397.2875,1.25
HD 208897 b,1,Radial Velocity,2017,Published Confirmed,0,358.27,1.063,379.48711796,1.194
HD 210193 b,1,Radial Velocity,2019,Published Confirmed,0,649.918,1.487,153.1,0.48170406
HD 210277 b,1,Radial Velocity,1998,Published Confirmed,0,442.19,1.13,410.0007,1.29
HD 210702 b,1,Radial Velocity,2007,Published Confirmed,0,355.5,1.079,481.5100366,1.515
HD 211403 b,1,Radial Velocity,2021,Published Confirmed,0,223.8,0.768,1760.76937478,5.54
HD 211810 b,1,Radial Velocity,2018,Published Confirmed,0,1558.0,2.656,212.9461,0.67
HD 211970 b,1,Radial Velocity,2019,Published Confirmed,0,25.201,0.143,13.0,0.04090237
HD 212301 b,1,Radial Velocity,2005,Published Confirmed,0,2.24571,0.03,162.0933,0.51
HD 212771 b,1,Radial Velocity,2009,Published Confirmed,0,380.7,1.19,759.6137,2.39
HD 213240 b,1,Radial Velocity,2001,Published Confirmed,0,882.70001,1.89,1773.4914,5.58
HD 213472 b,1,Radial Velocity,2021,Published Confirmed,0,17000.0,13.0,1112.3994245,3.5
HD 213519 b,1,Radial Velocity,2022,Published Confirmed,0,11.12214,0.099,9.2170238,0.029
HD 213885 b,1,Transit,2019,Published Confirmed,0,1.008035,0.02012,8.83,0.02778215
HD 213885 c,1,Radial Velocity,2019,Published Confirmed,0,4.78503,0.056798,19.95,0.06276941
HD 21411 b,1,Radial Velocity,2019,Published Confirmed,0,84.288,0.362,65.9,0.20734355
HD 214823 b,1,Radial Velocity,2016,Published Confirmed,0,1854.84424,3.08,5914.78665427,18.61
HD 215152 b,1,Radial Velocity,2018,Published Confirmed,0,5.75999,0.057638,1.819,0.00572319
HD 215152 c,1,Radial Velocity,2018,Published Confirmed,0,7.28243,0.067393,1.72,0.0054117
HD 215152 d,1,Radial Velocity,2018,Published Confirmed,0,10.86499,0.08799,2.801,0.00881289
HD 215152 e,1,Radial Velocity,2018,Published Confirmed,0,25.1967,0.15417,2.877,0.00905201
HD 21520 b,1,Transit,2024,Published Confirmed,0,25.1292,0.1726,17.7,0.05569043
HD 215497 b,1,Radial Velocity,2009,Published Confirmed,0,3.93404,0.05,6.3566,0.02
HD 215497 c,1,Radial Velocity,2009,Published Confirmed,0,566.0,1.31,111.23994245,0.35
HD 216435 b,1,Radial Velocity,2002,Published Confirmed,0,1311.0,2.56,400.4,1.26
HD 216437 b,1,Radial Velocity,2002,Published Confirmed,0,1359.0,2.57,1334.8793094,4.2
HD 216520 b,1,Radial Velocity,2020,Published Confirmed,0,35.45,0.198,10.26,0.03228141
HD 216520 c,1,Radial Velocity,2020,Published Confirmed,0,154.43,0.528,9.44,0.02970141
HD 216536 b,1,Radial Velocity,2015,Published Confirmed,0,148.60001,0.61,333.7215,1.05
HD 216770 b,1,Radial Velocity,2003,Published Confirmed,0,118.45,0.46,181.1631,0.57
HD 21693 b,1,Radial Velocity,2019,Published Confirmed,0,22.6786,0.1455,8.23,0.0259
HD 21693 c,1,Radial Velocity,2019,Published Confirmed,0,53.7357,0.2586,17.37,0.0547
HD 217107 b,1,Radial Velocity,1998,Published Confirmed,0,7.1270166,0.07359,459.57987652,1.446
HD 217107 c,1,Radial Velocity,2005,Published Confirmed,0,5138.7,5.922,1388.91013859,4.37
HD 21749 c,1,Transit,2019,Published Confirmed,0,7.78993,0.0695,3.7,0.01164144
HD 217786 b,1,Radial Velocity,2011,Published Confirmed,0,1301.36009,2.446,4402.55909376,13.852
HD 217786 c,1,Radial Velocity,2022,Published Confirmed,0,2.52221,0.038,7.31005336,0.023
HD 217958 b,1,Radial Velocity,2022,Published Confirmed,0,2560.19774,3.758,166.54208527,0.524
HD 218566 b,1,Radial Velocity,2010,Published Confirmed,0,225.7,0.69,63.566,0.2
HD 219077 b,1,Radial Velocity,2012,Published Confirmed,0,5478.68861,5.935,3057.50927534,9.62
HD 219134 b,1,Radial Velocity,2015,Published Confirmed,0,3.092926,0.03876,4.74,0.01491363
HD 219134 c,1,Radial Velocity,2015,Published Confirmed,0,6.76458,0.0653,4.36,0.01371803
HD 219134 d,1,Radial Velocity,2015,Published Confirmed,0,46.859,0.237,16.17,0.05087625
HD 219134 f,1,Radial Velocity,2015,Published Confirmed,1,22.717,0.1463,7.3,0.02296825
HD 219134 g,1,Radial Velocity,2015,Published Confirmed,1,94.2,0.3753,10.80622,0.034
HD 219134 h,1,Radial Velocity,2015,Published Confirmed,0,2247.0,3.11,108.0622,0.34
HD 219139 b,1,Radial Velocity,2021,Published Confirmed,0,275.5,0.94,247.90615746,0.78
HD 219415 b,1,Radial Velocity,2012,Published Confirmed,0,2093.3,3.2,317.83,1.0
HD 219828 b,1,Radial Velocity,2007,Published Confirmed,0,3.83483,0.049,19.06970442,0.06
HD 219828 c,1,Radial Velocity,2016,Published Confirmed,0,4789.87297,5.657,5102.41724598,16.054
HD 220074 b,1,Radial Velocity,2012,Published Confirmed,0,672.09998,1.6,5288.6912,16.64
HD 220197 b,1,Radial Velocity,2018,Published Confirmed,0,1728.0,2.729,63.566,0.2
HD 220689 b,1,Radial Velocity,2012,Published Confirmed,0,2266.4,3.396,355.33394,1.118
HD 220773 b,1,Radial Velocity,2011,Published Confirmed,0,3724.7,4.94,460.8,1.45
HD 220842 b,1,Radial Velocity,2016,Published Confirmed,0,218.47,0.74,1010.6994,3.18
HD 221287 b,1,Radial Velocity,2007,Published Confirmed,0,456.1,1.25,982.05,3.09
HD 221416 b,1,Transit,2019,Published Confirmed,0,14.2767,0.1228,60.5,0.19
HD 221420 b,1,Radial Velocity,2019,Published Confirmed,0,10090.0,10.15,7278.2705203,22.9
HD 221585 b,1,Radial Velocity,2016,Published Confirmed,0,1173.0,2.306,511.7063,1.61
HD 222076 b,1,Radial Velocity,2016,Published Confirmed,0,871.0,1.83,495.8148,1.56
HD 222155 b,1,Radial Velocity,2011,Published Confirmed,0,3999.0,5.14,673.7996,2.12
HD 222237 b,1,Radial Velocity,2024,Published Confirmed,0,14892.0,10.8,1649.52943233,5.19
HD 222582 b,1,Radial Velocity,1999,Published Confirmed,0,572.38,1.34,2660.2371,8.37
HD 224018 b,1,Radial Velocity,2025,Published Confirmed,0,10.6413,0.0952,4.1,0.01290004
HD 224018 c,1,Transit,2025,Published Confirmed,0,36.57669,0.217,10.4,0.03272206
HD 224018 d,1,Transit,2025,Published Confirmed,0,138.0731,0.53,4.2,0.01321468
HD 224538 b,1,Radial Velocity,2016,Published Confirmed,0,1202.05199,2.375,2075.73732612,6.531
HD 224693 b,1,Radial Velocity,2006,Published Confirmed,0,26.6904,0.191,222.481,0.7
HD 22496 b,1,Radial Velocity,2021,Published Confirmed,0,5.09071,0.051,5.57,0.01752518
HD 22532 b,1,Radial Velocity,2022,Published Confirmed,0,872.6,1.9,673.79622284,2.12
HD 22781 b,1,Radial Velocity,2011,Published Confirmed,0,528.07,1.167,4338.2,13.65
HD 22946 d,1,Transit,2023,Published Confirmed,0,47.42489,0.2958,26.57,0.08359857
HD 23127 b,1,Radial Velocity,2006,Published Confirmed,0,1211.17,2.37,485.32641,1.527
HD 231701 b,1,Radial Velocity,2007,Published Confirmed,0,141.63,0.567,359.1479,1.13
HD 233604 b,1,Radial Velocity,2013,Published Confirmed,0,192.0,0.747,2089.644,6.575
HD 233832 b,1,Radial Velocity,2018,Published Confirmed,0,2058.0,2.827,565.7374,1.78
HD 23472 b,1,Transit,2019,Published Confirmed,0,17.667087,0.1162,8.32,0.02617765
HD 23472 c,1,Transit,2019,Published Confirmed,0,29.79749,0.1646,3.41,0.01072906
HD 23472 d,1,Transit,2022,Published Confirmed,0,3.97664,0.04298,0.55,0.00173049
HD 23472 e,1,Transit,2022,Published Confirmed,0,7.90754,0.068,0.72,0.00226537
HD 23472 f,1,Transit,2022,Published Confirmed,0,12.1621839,0.0906,0.77,0.00242269
HD 235088 b,1,Transit,2023,Published Confirmed,0,7.4341325,0.0706,4.15,0.01305736
HD 23596 b,1,Radial Velocity,2003,Published Confirmed,0,1535.11912,2.694,3786.607641,11.914
HD 238090 b,1,Radial Velocity,2020,Published Confirmed,0,13.671,0.0932,6.89,0.02167826
HD 238914 b,1,Radial Velocity,2018,Published Confirmed,0,4100.0,5.7,1906.98,6.0
HD 240210 b,1,Radial Velocity,2009,Published Confirmed,0,501.75,1.16,1655.82,5.21
HD 240237 b,1,Radial Velocity,2011,Published Confirmed,0,745.70001,1.92,5050.3187,15.89
HD 24040 b,1,Radial Velocity,2006,Published Confirmed,0,3668.0,4.92,1226.8238,3.86
HD 24040 c,1,Radial Velocity,2021,Published Confirmed,0,515.4,1.3,63.88350981,0.201
HD 24064 b,1,Radial Velocity,2015,Published Confirmed,0,535.59998,1.29,4096.8287,12.89
HD 24085 b,1,Radial Velocity,2019,Published Confirmed,0,2.0455,0.034,11.8,0.03712677
HD 25015 b,1,Radial Velocity,2019,Published Confirmed,0,6134.427,6.248,2884.92845034,9.077
HD 25171 b,1,Radial Velocity,2010,Published Confirmed,0,1802.29,2.971,290.81445,0.915
HD 25463 b,1,Transit,2023,Published Confirmed,0,7.0491423,0.076,8.7,0.02737326
HD 25463 c,1,Transit,2023,Published Confirmed,0,3.04405,0.0443,4.3,0.01352931
HD 25723 b,1,Radial Velocity,2020,Published Confirmed,0,457.01,1.49,794.5710175,2.5
HD 25912 b,1,Radial Velocity,2022,Published Confirmed,0,41.83156,0.242,38.13940884,0.12
HD 25912 c,1,Radial Velocity,2022,Published Confirmed,0,26308.65619,17.848,5252.75008249,16.527
HD 260655 b,1,Transit,2022,Published Confirmed,0,2.76953,0.02933,2.14,0.00673319
HD 260655 c,1,Transit,2022,Published Confirmed,0,5.70588,0.04749,3.09,0.00972223
HD 26161 b,1,Radial Velocity,2021,Published Confirmed,0,10942.29013,10.087,9045.39646322,28.46
HD 2638 b,1,Radial Velocity,2005,Published Confirmed,0,3.4442,0.04,133.4886,0.42
HD 2685 b,1,Transit,2019,Published Confirmed,0,4.12688,0.0568,371.8611,1.17
HD 27442 b,1,Radial Velocity,2000,Published Confirmed,0,428.1,1.271,495.8,1.56
HD 27631 b,1,Radial Velocity,2012,Published Confirmed,0,2198.14,3.242,474.83802,1.494
HD 27894 b,1,Radial Velocity,2005,Published Confirmed,0,18.01939,0.125,196.73578393,0.619
HD 27894 c,1,Radial Velocity,2017,Published Confirmed,0,36.07,0.198,51.48846,0.162
HD 27894 d,1,Radial Velocity,2017,Published Confirmed,0,5019.54244,5.362,2063.65984665,6.493
HD 27969 b,1,Radial Velocity,2021,Published Confirmed,0,654.5,1.552,1525.5763536,4.8
HD 28185 b,1,Radial Velocity,2001,Published Confirmed,0,385.92,1.034,1859.29618095,5.85
HD 28185 c,1,Radial Velocity,2022,Published Confirmed,0,9090.0,8.5,1906.970442,6.0
HD 28192 b,1,Radial Velocity,2022,Published Confirmed,0,14.23283,0.118,99.7981198,0.314
HD 28254 b,1,Radial Velocity,2010,Published Confirmed,0,1333.0,2.45,1207.7479466,3.8
HD 28471 b,1,Radial Velocity,2025,Published Confirmed,0,3.1649,0.042,3.72,0.01170443
HD 28471 c,1,Radial Velocity,2025,Published Confirmed,0,6.1245,0.065,5.72,0.01799713
HD 28471 d,1,Radial Velocity,2025,Published Confirmed,0,11.681,0.1,4.91,0.01544859
HD 285507 b,1,Radial Velocity,2013,Published Confirmed,0,6.0881,0.06,311.4734,0.98
HD 285968 b,1,Radial Velocity,2008,Published Confirmed,0,8.7836,0.066,8.4,0.026
HD 28678 b,1,Radial Velocity,2011,Published Confirmed,0,380.2,1.18,490.09386,1.542
HD 29021 b,1,Radial Velocity,2017,Published Confirmed,0,1365.0,2.294,1420.69297929,4.47
HD 290327 b,1,Radial Velocity,2009,Published Confirmed,0,2443.0,3.43,772.3269,2.43
HD 29399 b,1,Radial Velocity,2022,Published Confirmed,0,892.7,1.913,498.99059899,1.57
HD 2952 b,1,Radial Velocity,2013,Published Confirmed,0,312.08,1.117,284.77425267,0.896
HD 29985 b,1,Radial Velocity,2022,Published Confirmed,0,20608.14049,13.39,1739.47487151,5.473
HD 30177 b,1,Radial Velocity,2002,Published Confirmed,0,2539.0,3.49,2622.08435775,8.25
HD 30177 c,1,Radial Velocity,2016,Published Confirmed,0,11320.0,9.9,1484.25866069,4.67
HD 30562 b,1,Radial Velocity,2009,Published Confirmed,0,1157.0,2.34,387.7526,1.22
HD 30669 b,1,Radial Velocity,2014,Published Confirmed,0,1684.0,2.69,149.37,0.47
HD 30856 b,1,Radial Velocity,2011,Published Confirmed,0,847.0,1.85,491.68301,1.547
HD 31253 b,1,Radial Velocity,2010,Published Confirmed,0,466.0,1.26,197.0546,0.62
HD 31527 b,1,Radial Velocity,2019,Published Confirmed,0,16.5535,0.1254,10.47,0.0329
HD 31527 c,1,Radial Velocity,2019,Published Confirmed,0,51.2053,0.2663,14.16,0.0445
HD 31527 d,1,Radial Velocity,2019,Published Confirmed,0,271.6737,0.8098,11.82,0.0372
HD 3167 b,1,Transit,2016,Published Confirmed,0,0.95965451,0.01814,4.844,0.01524093
HD 3167 c,1,Transit,2016,Published Confirmed,0,29.846511,0.1794,11.41,0.03589987
HD 3167 d,1,Radial Velocity,2017,Published Confirmed,0,8.3967,0.077,7.3,0.02296837
HD 3167 e,1,Radial Velocity,2022,Published Confirmed,0,91.9,0.3797,14.9,0.04688064
HD 32518 b,1,Radial Velocity,2009,Published Confirmed,0,157.35,0.594,905.49313154,2.849
HD 32963 b,1,Radial Velocity,2015,Published Confirmed,0,2372.0,3.41,222.481,0.7
HD 330075 b,1,Radial Velocity,2004,Published Confirmed,0,3.38773,0.04,152.5584,0.48
HD 331093 b,1,Radial Velocity,2021,Published Confirmed,0,621.62,1.44,476.7426105,1.5
HD 33142 b,1,Radial Velocity,2011,Published Confirmed,0,330.0,1.074,400.46379282,1.26
HD 33142 c,1,Radial Velocity,2016,Published Confirmed,0,810.2,1.955,282.86728223,0.89
HD 33142 d,1,Radial Velocity,2022,Published Confirmed,0,89.9,0.452,63.5656814,0.2
HD 332231 b,1,Transit,2020,Published Confirmed,0,18.712024,0.145,74.1,0.23314467
HD 33283 b,1,Radial Velocity,2006,Published Confirmed,0,18.1991,0.1508,104.56607,0.329
HD 33564 b,1,Radial Velocity,2005,Published Confirmed,0,388.0,1.1,2892.1,9.1
HD 33844 b,1,Radial Velocity,2015,Published Confirmed,0,551.40002,1.6,638.8383,2.01
HD 33844 c,1,Radial Velocity,2015,Published Confirmed,1,916.0,2.24,556.2025,1.75
HD 34445 b,1,Radial Velocity,2009,Published Confirmed,0,1049.0,2.07,260.6206,0.82
HD 34445 c,1,Radial Velocity,2017,Published Confirmed,0,214.67,0.7181,53.5,0.168
HD 34445 d,1,Radial Velocity,2017,Published Confirmed,0,117.87,0.4817,30.7,0.097
HD 34445 e,1,Radial Velocity,2017,Published Confirmed,0,49.175,0.2687,16.8,0.0529
HD 34445 f,1,Radial Velocity,2017,Published Confirmed,0,676.8,1.543,37.9,0.119
HD 34445 g,1,Radial Velocity,2017,Published Confirmed,0,5700.0,6.36,120.6,0.38
HD 35759 b,1,Radial Velocity,2016,Published Confirmed,0,82.467,0.389,1195.0408,3.76
HD 35843 b,1,Radial Velocity,2025,Published Confirmed,0,9.8991,0.088,5.84,0.01837469
HD 35843 c,1,Transit,2025,Published Confirmed,0,46.9622,0.25,11.32,0.0356167
HD 360 b,1,Radial Velocity,2021,Published Confirmed,0,273.1,0.98,238.37130525,0.75
HD 36384 b,1,Radial Velocity,2023,Published Confirmed,0,490.0,1.3,2097.6674862,6.6
HD 3651 b,1,Radial Velocity,2003,Published Confirmed,0,62.25,0.295,72.46524,0.228
HD 37124 b,1,Radial Velocity,2002,Published Confirmed,0,154.378,0.53364,214.53525,0.675
HD 37124 c,1,Radial Velocity,2002,Published Confirmed,0,885.5,1.71,207.22516,0.652
HD 37124 d,1,Radial Velocity,2005,Published Confirmed,0,1862.0,2.807,221.20968,0.696
HD 37605 b,1,Radial Velocity,2004,Published Confirmed,0,55.01292,0.277,854.9627,2.69
HD 37605 c,1,Radial Velocity,2012,Published Confirmed,0,2720.0,3.74,1013.8777,3.19
HD 3765 b,1,Radial Velocity,2021,Published Confirmed,0,1211.0,2.108,54.98431441,0.173
HD 38283 b,1,Radial Velocity,2010,Published Confirmed,0,363.20001,1.02,127.132,0.4
HD 38529 b,1,Radial Velocity,2000,Published Confirmed,0,14.3099,0.115,206.58846455,0.65
HD 38529 c,1,Radial Velocity,2000,Published Confirmed,0,2127.60566,3.226,3299.05886466,10.38
HD 38801 b,1,Radial Velocity,2009,Published Confirmed,0,685.25,1.623,3082.31534,9.698
HD 39091 b,1,Radial Velocity,2001,Published Confirmed,0,2088.8,3.28,4481.3805387,14.1
HD 39194 b,1,Radial Velocity,2021,Published Confirmed,0,5.63692,0.05895,4.62,0.01453615
HD 39194 c,1,Radial Velocity,2021,Published Confirmed,0,14.0309,0.1083,7.49,0.02356618
HD 39194 d,1,Radial Velocity,2021,Published Confirmed,0,33.874,0.1949,5.16,0.01623518
HD 39855 b,1,Radial Velocity,2019,Published Confirmed,0,3.2498,0.041,8.5,0.02674386
HD 40307 b,1,Radial Velocity,2009,Published Confirmed,0,4.3123,0.0468,4.0,0.0126
HD 40307 c,1,Radial Velocity,2009,Published Confirmed,0,9.6184,0.0799,6.6,0.0208
HD 40307 d,1,Radial Velocity,2009,Published Confirmed,0,20.432,0.1321,9.5,0.0299
HD 40307 f,1,Radial Velocity,2013,Published Confirmed,0,51.76,0.247,5.2,0.0164
HD 40307 g,1,Radial Velocity,2013,Published Confirmed,1,197.8,0.6,7.1,0.0223
HD 40956 b,1,Radial Velocity,2017,Published Confirmed,0,578.6,1.4,858.141,2.7
HD 40979 b,1,Radial Velocity,2002,Published Confirmed,0,264.14999,0.85,1484.2661,4.67
HD 4113 b,1,Radial Velocity,2007,Published Confirmed,0,526.5239,1.28,541.26177712,1.703
HD 42012 b,1,Radial Velocity,2017,Published Confirmed,0,857.5,1.67,508.528,1.6
HD 4203 b,1,Radial Velocity,2001,Published Confirmed,0,431.88,1.17,708.7609,2.23
HD 4203 c,1,Radial Velocity,2014,Published Confirmed,0,6700.0,6.95,689.66,2.17
HD 4208 b,1,Radial Velocity,2001,Published Confirmed,0,832.97,1.662,257.4423,0.81
HD 42618 b,1,Radial Velocity,2016,Published Confirmed,0,149.61,0.554,14.4,0.04530724
HD 4308 b,1,Radial Velocity,2005,Published Confirmed,0,15.56,0.12,15.8915,0.05
HD 4313 b,1,Radial Velocity,2009,Published Confirmed,0,356.21,1.157,612.45841,1.927
HD 43197 b,1,Radial Velocity,2010,Published Confirmed,0,308.92072,0.882,175.75910907,0.553
HD 43197 c,1,Radial Velocity,2022,Published Confirmed,0,9295.9735,8.54,2500.67390628,7.868
HD 43691 b,1,Radial Velocity,2007,Published Confirmed,0,36.9987,0.238,810.4665,2.55
HD 44219 b,1,Radial Velocity,2010,Published Confirmed,0,472.0,1.26,184.34047606,0.58
HD 45184 b,1,Radial Velocity,2019,Published Confirmed,0,5.8854,0.0644,12.19,0.0384
HD 45184 c,1,Radial Velocity,2019,Published Confirmed,0,13.1354,0.11,8.81,0.0277
HD 45350 b,1,Radial Velocity,2004,Published Confirmed,0,963.6,1.92,568.89,1.79
HD 45364 b,1,Radial Velocity,2008,Published Confirmed,0,225.79,0.6793,60.16491745,0.1893
HD 45364 c,1,Radial Velocity,2008,Published Confirmed,0,345.43,0.902,174.48779544,0.549
HD 45652 b,1,Radial Velocity,2008,Published Confirmed,0,44.073,0.237,137.62039,0.433
HD 457 b,1,Radial Velocity,2022,Published Confirmed,0,20324.58153,15.369,8445.3364308,26.572
HD 46375 b,1,Radial Velocity,2000,Published Confirmed,0,3.023573,0.0398,71.8,0.226
HD 47186 b,1,Radial Velocity,2008,Published Confirmed,0,4.0845,0.05,22.2481,0.07
HD 47186 c,1,Radial Velocity,2008,Published Confirmed,0,1353.6,2.395,111.42,0.35061
HD 4732 b,1,Radial Velocity,2012,Published Confirmed,0,371.74,1.129,631.2072163,1.986
HD 4732 c,1,Radial Velocity,2012,Published Confirmed,0,3184.2,4.725,1069.49258955,3.365
HD 47366 b,1,Radial Velocity,2016,Published Confirmed,0,360.08,1.207,661.71874337,2.082
HD 47366 c,1,Radial Velocity,2016,Published Confirmed,0,677.53,1.84,483.73483545,1.522
HD 47536 b,1,Radial Velocity,2002,Published Confirmed,0,712.13,1.93,2330.0,7.32
HD 4760 b,1,Radial Velocity,2021,Published Confirmed,0,434.0,1.14,4417.837,13.9
HD 48265 b,1,Radial Velocity,2008,Published Confirmed,0,778.51,1.814,484.69075,1.525
HD 48265 c,1,Radial Velocity,2026,Published Confirmed,0,10418.0,10.4,1414.33641115,4.45
HD 48948 b,1,Radial Velocity,2024,Published Confirmed,0,7.34013,0.0652,4.88,0.0153542
HD 48948 c,1,Radial Velocity,2024,Published Confirmed,0,38.06,0.1951,7.27,0.02287398
HD 48948 d,1,Radial Velocity,2024,Published Confirmed,0,151.92,0.4894,10.59,0.03331987
HD 4917 b,1,Radial Velocity,2018,Published Confirmed,0,400.5,1.167,513.29545,1.615
HD 49674 b,1,Radial Velocity,2002,Published Confirmed,0,4.94737,0.06,31.783,0.1
HD 50499 b,1,Radial Velocity,2005,Published Confirmed,0,2447.1,3.833,519.96988,1.636
HD 50499 c,1,Radial Velocity,2019,Published Confirmed,0,8619.9,9.02,931.2419,2.93
HD 50554 b,1,Radial Velocity,2002,Published Confirmed,0,1293.0,2.353,1574.464,4.954
HD 51608 b,1,Radial Velocity,2019,Published Confirmed,0,14.0726,0.1059,12.77,0.0402
HD 51608 c,1,Radial Velocity,2019,Published Confirmed,0,95.9446,0.3809,14.31,0.045
HD 52265 b,1,Radial Velocity,2000,Published Confirmed,0,119.27,0.52,384.5743,1.21
HD 5278 b,1,Transit,2021,Published Confirmed,0,14.339156,0.1202,7.8,0.02454154
HD 5278 c,1,Radial Velocity,2021,Published Confirmed,0,40.87,0.2416,18.4,0.05789287
HD 5319 b,1,Radial Velocity,2007,Published Confirmed,0,637.1,1.57,494.54348,1.556
HD 5319 c,1,Radial Velocity,2014,Published Confirmed,0,872.2,1.93,334.67499,1.053
HD 5388 b,1,Radial Velocity,2010,Published Confirmed,1,772.5,1.757,1017.0509024,3.2
HD 55696 b,1,Radial Velocity,2018,Published Confirmed,0,1827.0,3.18,1230.0021,3.87
HD 5583 b,1,Radial Velocity,2016,Published Confirmed,0,139.35,0.53,1837.0574,5.78
HD 5608 b,1,Radial Velocity,2012,Published Confirmed,0,768.7,1.79,371.22357938,1.168
HD 564 b,1,Radial Velocity,2014,Published Confirmed,0,492.3,1.2,104.88,0.33
HD 56414 b,1,Transit,2022,Published Confirmed,0,29.04992,0.229,,
HD 56957 b,1,Radial Velocity,2022,Published Confirmed,0,5859.08992,6.426,1880.90851263,5.918
HD 5891 b,1,Radial Velocity,2011,Published Confirmed,0,177.11,0.64,2425.0429,7.63
HD 59686 A b,1,Radial Velocity,2016,Published Confirmed,0,299.36,1.086,2199.3836,6.92
HD 60292 b,1,Radial Velocity,2020,Published Confirmed,0,495.4,1.5,2065.895,6.5
HD 60532 b,1,Radial Velocity,2008,Published Confirmed,0,201.9,0.77,336.8998,1.06
HD 60532 c,1,Radial Velocity,2008,Published Confirmed,0,600.1,1.6,797.7533,2.51
HD 6061 b,1,Transit,2023,Published Confirmed,0,5.2549,0.06,10.0,0.03146352
HD 60779 b,1,Transit,2026,Published Confirmed,0,29.986175,0.1922,14.19,0.04464673
HD 62364 b,1,Radial Velocity,2022,Published Confirmed,0,5138.0,6.15,5965.63919939,18.77
HD 62509 b,1,Radial Velocity,2006,Published Confirmed,0,589.64,1.64,731.0,2.3
HD 62549 b,1,Radial Velocity,2022,Published Confirmed,0,14306.88519,11.842,2707.58019923,8.519
HD 63433 d,1,Transit,2023,Published Confirmed,0,4.209075,0.0503,,
HD 63454 b,1,Radial Velocity,2005,Published Confirmed,0,2.81805,0.04,79.4575,0.25
HD 63765 b,1,Radial Velocity,2011,Published Confirmed,0,358.0,0.94,168.4499,0.53
HD 63935 b,1,Transit,2021,Published Confirmed,0,9.058807,0.083,10.5,0.03303669
HD 63935 c,1,Radial Velocity,2021,Published Confirmed,0,21.4027,0.148,11.1,0.03492451
HD 64114 b,1,Radial Velocity,2019,Published Confirmed,0,45.791,0.246,17.8,0.05600478
HD 64121 b,1,Radial Velocity,2022,Published Confirmed,0,623.0,1.51,813.64072192,2.56
HD 6434 b,1,Radial Velocity,2003,Published Confirmed,0,21.998,0.14,155.7367,0.49
HD 65216 b,1,Radial Velocity,2003,Published Confirmed,0,577.6,1.301,411.58985,1.295
HD 65216 c,1,Radial Velocity,2013,Published Confirmed,0,5370.0,5.75,645.1949,2.03
HD 66141 b,1,Radial Velocity,2012,Published Confirmed,0,480.5,1.2,1906.9,6.0
HD 66428 b,1,Radial Velocity,2005,Published Confirmed,0,2269.81726,3.395,3478.94974302,10.946
HD 66428 c,1,Radial Velocity,2021,Published Confirmed,0,10478.84437,9.408,560.64930995,1.764
HD 67087 b,1,Radial Velocity,2015,Published Confirmed,0,352.2,1.08,973.0,3.06
HD 67087 c,1,Radial Velocity,2015,Published Confirmed,0,2374.0,3.86,1540.0,4.85
HD 6718 b,1,Radial Velocity,2009,Published Confirmed,1,2476.0,3.53,762.7881768,2.4
HD 68402 b,1,Radial Velocity,2016,Published Confirmed,0,1103.0,2.18,975.7381,3.07
HD 68475 b,1,Radial Velocity,2026,Published Confirmed,0,7832.0,7.27,1639.99458012,5.16
HD 6860 b,1,Radial Velocity,2023,Published Confirmed,0,663.87,2.03,8981.83078182,28.26
HD 68988 b,1,Radial Velocity,2001,Published Confirmed,0,6.27711,0.07,626.1251,1.97
HD 68988 c,1,Radial Velocity,2021,Published Confirmed,0,16000.0,13.2,4767.426105,15.0
HD 69123 b,1,Radial Velocity,2022,Published Confirmed,0,1193.3,2.482,966.19835728,3.04
HD 69830 b,1,Radial Velocity,2006,Published Confirmed,0,8.667,0.0785,10.2,0.0321
HD 69830 c,1,Radial Velocity,2006,Published Confirmed,0,31.56,0.186,11.8,0.0371
HD 69830 d,1,Radial Velocity,2006,Published Confirmed,0,197.0,0.63,18.1,0.057
HD 70573 b,1,Radial Velocity,2007,Published Confirmed,0,851.8,1.76,1900.0,6.1
HD 70642 b,1,Radial Velocity,2003,Published Confirmed,0,2124.54,3.318,633.43519,1.993
HD 7199 b,1,Radial Velocity,2011,Published Confirmed,0,615.0,1.36,85.8141,0.27
HD 72490 b,1,Radial Velocity,2018,Published Confirmed,0,858.0,1.88,561.92344,1.768
HD 72659 b,1,Radial Velocity,2002,Published Confirmed,0,3549.0,4.607,906.12878836,2.851
HD 72892 b,1,Radial Velocity,2016,Published Confirmed,0,39.44603,0.228,1737.88572948,5.468
HD 73256 c,1,Radial Velocity,2023,Published Confirmed,0,2690.0,3.8,5085.254512,16.0
HD 73267 b,1,Radial Velocity,2008,Published Confirmed,0,1257.99159,2.229,1321.53051631,4.158
HD 73267 c,1,Radial Velocity,2022,Published Confirmed,0,17071.78045,12.688,1630.77755632,5.131
HD 73344 b,1,Transit,2024,Published Confirmed,0,15.611,0.131,10.48,0.03297377
HD 73344 c,1,Radial Velocity,2025,Published Confirmed,0,65.94,0.3388,118.54999581,0.373
HD 73344 d,1,Radial Velocity,2025,Published Confirmed,0,5823.0,6.7,810.46243785,2.55
HD 73526 b,1,Radial Velocity,2002,Published Confirmed,1,188.3,0.65,978.9164,3.08
HD 73526 c,1,Radial Velocity,2005,Published Confirmed,0,379.1,1.03,715.09,2.25
HD 73534 b,1,Radial Velocity,2008,Published Confirmed,0,1750.0,2.99,353.42696,1.112
HD 73583 b,1,Transit,2022,Published Confirmed,0,6.398042,0.0604,10.2,0.03209279
HD 73583 c,1,Transit,2022,Published Confirmed,0,18.87974,0.1242,9.7,0.03051961
HD 74156 b,1,Radial Velocity,2003,Published Confirmed,0,51.63564,0.28,532.36258173,1.675
HD 74156 c,1,Radial Velocity,2003,Published Confirmed,0,2448.48726,3.678,2753.98314665,8.665
HD 7449 b,1,Radial Velocity,2011,Published Confirmed,0,1270.55195,2.438,2597.92939882,8.174
HD 74698 b,1,Radial Velocity,2023,Published Confirmed,0,15.017,0.121,23.0,0.07
HD 74698 c,1,Radial Velocity,2023,Published Confirmed,0,3449.0,4.5,126.0,0.4
HD 75289 b,1,Radial Velocity,1999,Published Confirmed,0,3.50927,0.05,155.7367,0.49
HD 75302 b,1,Radial Velocity,2023,Published Confirmed,0,4356.0,5.3,1716.2733978,5.4
HD 75784 b,1,Radial Velocity,2014,Published Confirmed,0,341.2,1.032,317.83,1.0
HD 75784 c,1,Radial Velocity,2018,Published Confirmed,0,7900.0,8.4,1792.5612,5.64
HD 75898 b,1,Radial Velocity,2007,Published Confirmed,0,422.82,1.2025,810.46243785,2.55
HD 75898 c,1,Radial Velocity,2024,Published Confirmed,0,6717.0,7.39,2698.36317543,8.49
HD 76700 b,1,Radial Velocity,2002,Published Confirmed,0,3.97097,0.05,66.7443,0.21
HD 76920 b,1,Radial Velocity,2017,Published Confirmed,0,415.891,1.091,994.80291391,3.13
HD 77338 b,1,Radial Velocity,2012,Published Confirmed,0,5.7361,0.06,19.0698,0.06
HD 77946 b,1,Transit,2024,Published Confirmed,0,6.527363,0.073,10.9,0.03429524
HD 79181 b,1,Radial Velocity,2021,Published Confirmed,0,273.1,0.9,203.41018048,0.64
HD 7924 b,1,Radial Velocity,2008,Published Confirmed,0,5.39792,0.06,6.3566,0.02
HD 7924 c,1,Radial Velocity,2015,Published Confirmed,0,15.299,0.1134,7.86,0.0247302
HD 7924 d,1,Radial Velocity,2015,Published Confirmed,0,24.451,0.1551,6.44,0.0202624
HD 79498 b,1,Radial Velocity,2011,Published Confirmed,0,1807.0,2.98,425.8922,1.34
HD 80606 b,1,Radial Velocity,2001,Published Confirmed,0,111.436765,0.4603,1323.46926959,4.1641
HD 80653 b,1,Transit,2020,Published Confirmed,0,0.71957926,0.01657,5.61,0.01765103
HD 80869 b,1,Radial Velocity,2021,Published Confirmed,0,1752.92067,2.905,1609.80088146,5.065
HD 80883 b,1,Radial Velocity,2022,Published Confirmed,0,6383.78352,6.462,1748.0562385,5.5
HD 80913 b,1,Radial Velocity,2022,Published Confirmed,0,10839.83341,9.95,7505.2000029,23.614
HD 81040 b,1,Radial Velocity,2005,Published Confirmed,0,1002.7,1.946,2301.07766668,7.24
HD 81688 b,1,Radial Velocity,2007,Published Confirmed,0,183.93,0.648,525.68818518,1.654
HD 81817 b,1,Radial Velocity,2020,Published Confirmed,0,1021.20159,3.233,7668.5638041,24.128
HD 81817 c,1,Radial Velocity,2022,Published Confirmed,0,622.97802,2.325,7185.78245386,22.609
HD 82886 b,1,Radial Velocity,2011,Published Confirmed,0,705.0,1.58,740.5439,2.33
HD 82943 b,1,Radial Velocity,2003,Published Confirmed,0,441.47,1.18306,534.25,1.681
HD 82943 c,1,Radial Velocity,2003,Published Confirmed,0,220.078,0.74345,622.603,1.959
HD 8326 b,1,Radial Velocity,2019,Published Confirmed,0,158.991,0.533,66.6,0.20954598
HD 83443 b,1,Radial Velocity,2002,Published Confirmed,0,2.985628,0.0406,127.76701961,0.402
HD 83443 c,1,Radial Velocity,2022,Published Confirmed,0,8241.0,8.0,476.7426105,1.5
HD 8535 b,1,Radial Velocity,2010,Published Confirmed,0,1313.0,2.45,216.1244,0.68
HD 85390 b,1,Radial Velocity,2011,Published Confirmed,0,799.52,1.373,31.46517,0.099
HD 8574 b,1,Radial Velocity,2002,Published Confirmed,0,227.0,0.76,645.1949,2.03
HD 86065 b,1,Radial Velocity,2022,Published Confirmed,0,25775.78859,15.947,2877.30056857,9.053
HD 86081 b,1,Radial Velocity,2006,Published Confirmed,0,2.1378431,0.0346,470.3884,1.48
HD 86226 b,1,Radial Velocity,2009,Published Confirmed,0,1628.0,2.73,143.0235,0.45
HD 86226 c,1,Transit,2020,Published Confirmed,0,3.98442,0.049,7.25,0.02281094
HD 86264 b,1,Radial Velocity,2009,Published Confirmed,0,1488.79123,2.763,3117.26101586,9.808
HD 86728 b,1,Radial Velocity,2025,Published Confirmed,0,31.1515,0.1916,9.43,0.0296701
HD 8673 b,1,Radial Velocity,2009,Published Confirmed,0,1644.69097,2.97,4210.59073594,13.248
HD 86950 b,1,Radial Velocity,2016,Published Confirmed,0,1270.0,2.72,1144.188,3.6
HD 87646 b,1,Radial Velocity,2016,Published Confirmed,0,13.481,0.117,3941.092,12.4
HD 87816 b,1,Radial Velocity,2025,Published Confirmed,0,484.17,1.618,2142.16346318,6.74
HD 87816 c,1,Radial Velocity,2025,Published Confirmed,0,7596.0,10.14,3877.5065654,12.2
HD 87883 b,1,Radial Velocity,2009,Published Confirmed,0,3006.0,3.77,2005.49724817,6.31
HD 88072 b,1,Radial Velocity,2022,Published Confirmed,0,18538.79293,13.895,2511.79790052,7.903
HD 88133 b,1,Radial Velocity,2004,Published Confirmed,0,3.414884,0.0479,90.422635,0.2845
HD 88986 b,1,Radial Velocity,2023,Published Confirmed,0,146.05,0.58,17.2,0.05411725
HD 89307 b,1,Radial Velocity,2009,Published Confirmed,0,2166.0,3.27,670.6213,2.11
HD 89345 b,1,Transit,2018,Published Confirmed,0,11.8143,0.1066,34.9613,0.11
HD 89744 b,1,Radial Velocity,1999,Published Confirmed,0,256.78,0.917,2653.8805,8.35
HD 89839 b,1,Radial Velocity,2023,Published Confirmed,0,3391.2,4.713,1196.9,3.76586854
HD 90156 b,1,Radial Velocity,2011,Published Confirmed,0,49.77,0.25,17.98,0.057
HD 9174 b,1,Radial Velocity,2016,Published Confirmed,0,1179.0,2.2,352.7913,1.11
HD 92788 b,1,Radial Velocity,2000,Published Confirmed,0,325.803,0.97,1195.0408,3.76
HD 92788 c,1,Radial Velocity,2019,Published Confirmed,0,11611.2975,10.5,1166.4361,3.67
HD 93083 b,1,Radial Velocity,2005,Published Confirmed,0,144.72,0.508,143.34061156,0.451
HD 93351 b,1,Radial Velocity,2022,Published Confirmed,0,2.45946,0.035,3.49611248,0.011
HD 93351 c,1,Radial Velocity,2022,Published Confirmed,0,14010.2941,11.154,4154.01727949,13.07
HD 93385 b,1,Radial Velocity,2021,Published Confirmed,0,7.3426,0.0756,4.2,0.01321468
HD 93385 c,1,Radial Velocity,2021,Published Confirmed,0,13.18,0.112,7.1,0.0223391
HD 93385 d,1,Radial Velocity,2021,Published Confirmed,0,45.85,0.2565,8.7,0.02737326
HD 93963 A b,1,Transit,2022,Published Confirmed,0,1.0376109,0.02061,2.8,0.00880979
HD 93963 A c,1,Transit,2022,Published Confirmed,0,3.6451389,0.04726,18.4,0.05789287
HD 9446 b,1,Radial Velocity,2009,Published Confirmed,0,30.052,0.189,222.472,0.7
HD 9446 c,1,Radial Velocity,2009,Published Confirmed,0,192.9,0.654,578.426,1.82
HD 94771 b,1,Radial Velocity,2023,Published Confirmed,0,2164.0,3.48,169.0,0.53
HD 94834 b,1,Radial Velocity,2018,Published Confirmed,0,1576.0,2.74,400.4658,1.26
HD 94890 b,1,Radial Velocity,2025,Published Confirmed,0,824.61,2.07,676.97450691,2.13
HD 94890 c,1,Radial Velocity,2025,Published Confirmed,0,2492.19,4.33,2831.85110637,8.91
HD 95089 b,1,Radial Velocity,2009,Published Confirmed,0,464.4,1.36,400.4658,1.26
HD 95089 c,1,Radial Velocity,2016,Published Confirmed,0,1785.0,3.33,1096.5135,3.45
HD 95127 b,1,Radial Velocity,2015,Published Confirmed,0,482.0,1.28,3378.5329,10.63
HD 95544 b,1,Radial Velocity,2021,Published Confirmed,0,2041.54152,3.166,1913.64483855,6.021
HD 95735 c,1,Radial Velocity,2021,Published Confirmed,0,2946.0,2.94,13.6,0.04279039
HD 95872 b,1,Radial Velocity,2015,Published Confirmed,0,4375.0,5.15,1188.6842,3.74
HD 96063 b,1,Radial Velocity,2011,Published Confirmed,0,362.5,1.11,403.6441,1.27
HD 96127 b,1,Radial Velocity,2011,Published Confirmed,0,638.9,1.41,1207.7479466,3.8
HD 96167 b,1,Radial Velocity,2009,Published Confirmed,0,498.04,1.332,227.88411,0.717
HD 96700 b,1,Radial Velocity,2021,Published Confirmed,0,8.1245,0.0777,8.9,0.02800253
HD 96700 c,1,Radial Velocity,2021,Published Confirmed,0,19.88,0.141,3.5,0.01101223
HD 96700 d,1,Radial Velocity,2021,Published Confirmed,0,103.5,0.424,12.7,0.03995867
HD 96992 b,1,Radial Velocity,2021,Published Confirmed,0,514.0,1.24,362.3262,1.14
HD 97037 b,1,Radial Velocity,2022,Published Confirmed,0,6449.08337,6.925,6707.76852973,21.105
HD 98219 b,1,Radial Velocity,2011,Published Confirmed,0,433.8,1.26,624.21812,1.964
HD 98649 b,1,Radial Velocity,2012,Published Confirmed,0,5384.0,5.97,3082.9355479,9.7
HD 98736 b,1,Radial Velocity,2018,Published Confirmed,0,968.8,1.864,740.5439,2.33
HD 99109 b,1,Radial Velocity,2005,Published Confirmed,0,439.29999,1.11,139.8452,0.44
HD 99283 b,1,Radial Velocity,2021,Published Confirmed,0,310.4,1.08,308.29355479,0.97
HD 99706 b,1,Radial Velocity,2011,Published Confirmed,0,841.0,1.98,390.9309,1.23
HIP 10090 b,1,Radial Velocity,2026,Published Confirmed,0,2960.0,3.87,1229.99593509,3.87
HIP 10090 c,1,Radial Velocity,2026,Published Confirmed,0,321.82,0.9,270.15414595,0.85
HIP 105854 b,1,Radial Velocity,2014,Published Confirmed,0,184.2,0.81,2606.1,8.2
HIP 107772 b,1,Radial Velocity,2020,Published Confirmed,0,55.199,0.243,12.9,0.04058774
HIP 107773 b,1,Radial Velocity,2015,Published Confirmed,0,144.3,0.72,629.3034,1.98
HIP 109384 b,1,Radial Velocity,2016,Published Confirmed,0,499.48,1.134,495.8148,1.56
HIP 109600 b,1,Radial Velocity,2016,Published Confirmed,0,232.08,0.706,851.7844,2.68
HIP 111909 b,1,Radial Velocity,2025,Published Confirmed,0,487.08,1.32,384.57237247,1.21
HIP 111909 c,1,Radial Velocity,2025,Published Confirmed,0,893.63,1.97,257.44100967,0.81
HIP 113103 b,1,Transit,2023,Published Confirmed,0,7.610303,0.06899,,
HIP 113103 c,1,Transit,2023,Published Confirmed,0,14.245648,0.10479,,
HIP 114933 b,1,Radial Velocity,2021,Published Confirmed,0,1481.6,2.84,616.58710958,1.94
HIP 116454 b,1,Transit,2014,Published Confirmed,0,9.1004157,0.0792,9.7,0.03051961
HIP 12961 b,1,Radial Velocity,2010,Published Confirmed,0,57.435,0.25,114.4188,0.36
HIP 14810 b,1,Radial Velocity,2005,Published Confirmed,0,6.673892,0.0696,1239.537,3.9
HIP 14810 c,1,Radial Velocity,2006,Published Confirmed,0,147.747,0.549,416.3573,1.31
HIP 14810 d,1,Radial Velocity,2009,Published Confirmed,0,981.8,1.94,187.5197,0.59
HIP 18606 b,1,Radial Velocity,2025,Published Confirmed,0,674.94,1.61,244.72787339,0.77
HIP 19976 b,1,Radial Velocity,2022,Published Confirmed,0,50.65905,0.234,21.61233168,0.068
HIP 21152 b,1,Imaging,2022,Published Confirmed,0,22000.0,17.0,7627.881768,24.0
HIP 29442 c,1,Radial Velocity,2023,Published Confirmed,0,3.5379559,0.04518,4.5,0.01415858
HIP 29442 d,1,Radial Velocity,2023,Published Confirmed,0,6.429575,0.0673,5.14,0.01617225
HIP 34222 b,1,Radial Velocity,2021,Published Confirmed,0,159.986,0.492,263.79757781,0.83
HIP 35173 b,1,Radial Velocity,2019,Published Confirmed,0,41.516,0.217,12.7,0.03995847
HIP 35965 b,1,Radial Velocity,2022,Published Confirmed,0,26125.56497,15.898,2589.98368864,8.149
HIP 38594 b,1,Radial Velocity,2020,Published Confirmed,0,60.722,0.256,8.1,0.02548532
HIP 38594 c,1,Radial Velocity,2020,Published Confirmed,0,3477.768,3.805,48.4,0.15228267
HIP 39330 b,1,Radial Velocity,2026,Published Confirmed,0,4650.0,5.05,530.77343969,1.67
HIP 4845 b,1,Radial Velocity,2020,Published Confirmed,0,34.15,0.176,14.4,0.04530724
HIP 48714 b,1,Radial Velocity,2020,Published Confirmed,0,17.818,0.112,22.9,0.0720511
HIP 5158 b,1,Radial Velocity,2009,Published Confirmed,0,345.72,0.89,451.0,1.42
HIP 5158 c,1,Radial Velocity,2011,Published Confirmed,0,9017.76,7.7,4780.1632,15.04
HIP 54373 b,1,Radial Velocity,2019,Published Confirmed,0,7.76,0.063,8.62,0.02712142
HIP 54373 c,1,Radial Velocity,2019,Published Confirmed,0,15.144,0.099,12.44,0.03914042
HIP 54597 b,1,Radial Velocity,2023,Published Confirmed,0,3274.0,4.0,762.7881768,2.4
HIP 55507 b,1,Radial Velocity,2022,Published Confirmed,0,5138.43727,5.062,2585.53409095,8.135
HIP 56640 b,1,Radial Velocity,2021,Published Confirmed,0,2675.57603,4.55,2151.69831539,6.77
HIP 57274 b,1,Radial Velocity,2011,Published Confirmed,0,8.1352,0.07,6.3566,0.02
HIP 57274 c,1,Radial Velocity,2011,Published Confirmed,0,32.03,0.178,130.0,0.40902369
HIP 57274 d,1,Radial Velocity,2011,Published Confirmed,0,431.7,1.01,167.4,0.5267
HIP 5763 b,1,Radial Velocity,2021,Published Confirmed,0,30.014,0.17,162.09248757,0.51
HIP 63242 b,1,Radial Velocity,2013,Published Confirmed,0,124.6,0.565,2917.56,9.18
HIP 65 A b,1,Transit,2020,Published Confirmed,0,0.9809734,0.01782,1021.18779,3.213
HIP 65407 b,1,Radial Velocity,2016,Published Confirmed,0,28.125,0.177,136.03124,0.428
HIP 65407 c,1,Radial Velocity,2016,Published Confirmed,0,67.3,0.316,249.17872,0.784
HIP 65891 b,1,Radial Velocity,2015,Published Confirmed,1,1089.6,2.82,1938.7532827,6.1
HIP 66074 b,1,Astrometry,2023,Published Confirmed,0,310.9,0.799,1589.142035,5.0
HIP 67522 b,1,Transit,2020,Published Confirmed,0,6.9594731,0.0748,,
HIP 67522 c,1,Transit,2024,Published Confirmed,0,14.334892,0.1228,,
HIP 67537 b,1,Radial Velocity,2017,Published Confirmed,0,2523.64713,4.807,4309.11754211,13.558
HIP 67851 b,1,Radial Velocity,2015,Published Confirmed,0,89.23,0.42,365.50266805,1.15
HIP 67851 c,1,Radial Velocity,2015,Published Confirmed,0,3128.41,4.55,1579.60718279,4.97
HIP 70849 b,1,Radial Velocity,2011,Published Confirmed,0,3649.0,3.99,1430.2278315,4.5
HIP 71135 b,1,Radial Velocity,2019,Published Confirmed,0,87.19,0.335,18.8,0.05915112
HIP 74890 b,1,Radial Velocity,2016,Published Confirmed,0,822.3,2.1,762.792,2.4
HIP 75092 b,1,Radial Velocity,2021,Published Confirmed,0,926.4,2.02,568.91284853,1.79
HIP 79431 b,1,Radial Velocity,2009,Published Confirmed,0,111.7,0.36,667.415,2.1
HIP 8152 b,1,Transit,2023,Published Confirmed,0,10.751014,0.093,8.9,0.02800253
HIP 8152 c,1,Transit,2023,Published Confirmed,0,19.60562,0.139,10.7,0.03366596
HIP 8541 b,1,Radial Velocity,2016,Published Confirmed,0,1852.14387,3.729,2451.7283316,7.714
HIP 86221 b,1,Radial Velocity,2021,Published Confirmed,0,2.224,0.031,225.65816897,0.71
HIP 8923 b,1,Radial Velocity,2026,Published Confirmed,0,5160.0,5.9,3171.92750186,9.98
HIP 90988 b,1,Radial Velocity,2021,Published Confirmed,1,455.73816,1.36,668.07531151,2.102
HIP 91258 b,1,Radial Velocity,2013,Published Confirmed,0,5.0505,0.06,346.4347,1.09
HIP 94235 b,1,Transit,2022,Published Confirmed,0,7.713057,0.0787,379.0,1.19246736
HIP 948 b,1,Radial Velocity,2022,Published Confirmed,0,24955.45756,15.037,6547.2651842,20.6
HIP 9618 b,1,Transit,2023,Published Confirmed,0,20.772858,0.145,8.3,0.02611472
HIP 9618 c,1,Transit,2023,Published Confirmed,0,52.56363,0.269,7.0,0.02202446
HIP 97166 b,1,Transit,2021,Published Confirmed,0,10.288914,0.091,19.1,0.06009532
HIP 97166 c,1,Radial Velocity,2021,Published Confirmed,0,16.432,0.124,8.0,0.02517081
HIP 97233 b,1,Radial Velocity,2014,Published Confirmed,0,1062.26506,2.491,6098.17364511,19.187
HIP 98599 b,1,Radial Velocity,2026,Published Confirmed,0,2656.0,3.96,2177.12458795,6.85
HIP 99770 b,1,Imaging,2023,Published Confirmed,0,,15.8,5403.082919,17.0
HN Lib b,1,Radial Velocity,2023,Published Confirmed,0,36.116,0.1417,5.46,0.01717908
HR 5183 b,1,Radial Velocity,2019,Published Confirmed,0,27000.0,18.0,1026.5909,3.23
HR 810 b,1,Radial Velocity,1999,Published Confirmed,0,302.79999,0.92,721.4741,2.27
HR 858 b,1,Transit,2019,Published Confirmed,0,3.585287,0.04888,3.55,0.01116955
HR 858 c,1,Transit,2019,Published Confirmed,0,5.973865,0.0687,3.8,0.01195614
HR 858 d,1,Transit,2019,Published Confirmed,0,11.230511,0.1046,7.1,0.0223391
HR 8799 e,1,Imaging,2010,Published Confirmed,0,,16.4,3178.3,10.0
HS Psc b,1,Radial Velocity,2024,Published Confirmed,0,3.986,0.0435,464.02947422,1.46
HU Aqr AB b,1,Eclipse Timing Variations,2011,Published Confirmed,1,2390.0,3.6,1875.197,5.9
HU Aqr AB c,1,Eclipse Timing Variations,2011,Published Confirmed,1,4368.0,5.4,1430.235,4.5
IC 4651 9122 b,1,Radial Velocity,2018,Published Confirmed,1,734.0,2.038,2002.329,6.3
IRAS 04125+2902 b,1,Transit,2024,Published Confirmed,0,8.834978,0.077,,
K2-100 b,1,Transit,2016,Published Confirmed,0,1.6739035,0.0301,21.8,0.06859047
K2-101 b,1,Transit,2016,Published Confirmed,0,14.6762429,0.1124,,
K2-104 b,1,Transit,2016,Published Confirmed,0,1.9741954,0.0242,,
K2-107 b,1,Transit,2017,Published Confirmed,0,3.313959,0.0475,,
K2-108 b,1,Transit,2017,Published Confirmed,0,4.733999,0.0581,,
K2-11 b,1,Transit,2015,Published Confirmed,0,39.93767,0.2257,,
K2-110 b,1,Transit,2017,Published Confirmed,0,13.86375,0.10207,15.9,0.05002699
K2-111 b,1,Transit,2017,Published Confirmed,0,5.3518963,0.0565,5.35,0.01683298
K2-111 c,1,Radial Velocity,2020,Published Confirmed,0,15.6748,0.11565,11.1,0.03492451
K2-113 b,1,Transit,2017,Published Confirmed,0,5.817685,0.0642,,
K2-114 b,1,Transit,2017,Published Confirmed,0,11.390931,0.0944,638.83509807,2.01
K2-115 b,1,Transit,2017,Published Confirmed,0,20.2729914,0.1415,321.00669107,1.01
K2-116 b,1,Transit,2017,Published Confirmed,0,4.655411,0.048,,
K2-117 b,1,Transit,2017,Published Confirmed,0,1.2916,0.0189,,
K2-117 c,1,Transit,2017,Published Confirmed,0,5.444017,0.0492,,
K2-118 b,1,Transit,2017,Published Confirmed,0,50.92092,0.245,,
K2-119 b,1,Transit,2017,Published Confirmed,0,7.727283,0.0698,,
K2-12 b,1,Transit,2015,Published Confirmed,0,8.28246,0.0792,5.2,0.01636103
K2-122 b,1,Transit,2017,Published Confirmed,0,2.2193023,0.0373,,
K2-123 b,1,Transit,2017,Published Confirmed,0,30.951524,0.1649,,
K2-124 b,1,Transit,2017,Published Confirmed,0,6.413651,0.049,,
K2-125 b,1,Transit,2017,Published Confirmed,0,21.750264,0.121,,
K2-126 b,1,Transit,2017,Published Confirmed,0,7.385655,0.0656,,
K2-127 b,1,Transit,2017,Published Confirmed,0,3.588163,0.0411,,
K2-128 b,1,Transit,2017,Published Confirmed,0,5.675819,0.056,,
K2-129 b,1,Transit,2017,Published Confirmed,0,8.239493,0.057,,
K2-13 b,1,Transit,2015,Published Confirmed,0,39.91488,0.2114,,
K2-130 b,1,Transit,2017,Published Confirmed,0,2.49412,0.032,,
K2-131 b,1,Transit,2017,Published Confirmed,0,0.3693038,0.00936,7.9,0.02485618
K2-133 b,1,Transit,2017,Published Confirmed,0,3.07133,0.03194,,
K2-133 c,1,Transit,2017,Published Confirmed,0,4.86784,0.04341,,
K2-133 d,1,Transit,2017,Published Confirmed,0,11.02454,0.07487,,
K2-133 e,1,Transit,2019,Published Confirmed,0,26.5841,0.1346,,
K2-136 b,1,Transit,2017,Published Confirmed,0,7.97525,0.0707,4.3,0.01352931
K2-136 c,1,Transit,2017,Published Confirmed,0,17.30723,0.1185,18.1,0.05694897
K2-136 d,1,Transit,2017,Published Confirmed,0,25.575,0.1538,3.0,0.00943906
K2-138 b,1,Transit,2017,Published Confirmed,0,2.35309,0.03385,3.1,0.00975364
K2-138 c,1,Transit,2017,Published Confirmed,0,3.56004,0.04461,6.31,0.01985338
K2-138 d,1,Transit,2017,Published Confirmed,0,5.40479,0.05893,7.92,0.02491898
K2-138 e,1,Transit,2017,Published Confirmed,0,8.26146,0.0782,12.97,0.04080798
K2-138 f,1,Transit,2017,Published Confirmed,0,12.75758,0.10447,1.63,0.00512853
K2-138 g,1,Transit,2021,Published Confirmed,0,41.96797,0.23109,4.32,0.01359217
K2-139 b,1,Transit,2017,Published Confirmed,0,28.380619,0.1796,,
K2-14 b,1,Transit,2015,Published Confirmed,0,8.36802,0.0627,,
K2-140 b,1,Transit,2017,Published Confirmed,0,6.569188,0.068,295.58041851,0.93
K2-141 b,1,Transit,2018,Published Confirmed,0,0.2803244,0.00747,4.97,0.01563737
K2-141 c,1,Transit,2018,Published Confirmed,0,7.7485,0.0683,8.0,0.02517081
K2-147 b,1,Transit,2018,Published Confirmed,0,0.961939,0.01575,,
K2-148 b,1,Transit,2018,Published Confirmed,0,4.38395,0.0454,,
K2-148 c,1,Transit,2018,Published Confirmed,0,6.9226,0.0616,,
K2-148 d,1,Transit,2018,Published Confirmed,0,9.7579,0.0774,,
K2-149 b,1,Transit,2018,Published Confirmed,0,11.332,0.083,,
K2-15 b,1,Transit,2015,Published Confirmed,0,11.8104,0.091,,
K2-150 b,1,Transit,2018,Published Confirmed,0,10.59357,0.0727,,
K2-151 b,1,Transit,2018,Published Confirmed,0,3.835476,0.0373,,
K2-152 b,1,Transit,2018,Published Confirmed,0,32.6479,0.1716,,
K2-153 b,1,Transit,2018,Published Confirmed,0,7.51574,0.0614,,
K2-154 b,1,Transit,2018,Published Confirmed,0,3.67626,0.0405,,
K2-154 c,1,Transit,2018,Published Confirmed,0,7.95486,0.0677,,
K2-155 b,1,Transit,2018,Published Confirmed,0,6.342,0.0562,,
K2-155 c,1,Transit,2018,Published Confirmed,0,13.85,0.0946,,
K2-155 d,1,Transit,2018,Published Confirmed,0,40.718,0.1937,,
K2-157 b,1,Transit,2018,Published Confirmed,0,0.3652575,0.00962,1.14,0.0036
K2-157 c,1,Radial Velocity,2025,Published Confirmed,0,25.942,0.165,30.8,0.0967
K2-157 d,1,Radial Velocity,2025,Published Confirmed,0,66.5,0.309,23.3,0.0732
K2-158 b,1,Transit,2018,Published Confirmed,0,10.06049,0.0887,,
K2-158 c,1,Transit,2018,Published Confirmed,0,5.90279,0.0622,,
K2-159 b,1,Transit,2018,Published Confirmed,0,12.42205,0.1013,,
K2-16 b,1,Transit,2015,Published Confirmed,0,7.6188,0.0667,,
K2-16 c,1,Transit,2015,Published Confirmed,0,19.07863,0.1229,,
K2-162 b,1,Transit,2018,Published Confirmed,0,9.45889,0.0795,,
K2-166 b,1,Transit,2018,Published Confirmed,0,8.52695,0.0858,,
K2-167 b,1,Transit,2018,Published Confirmed,0,9.978541,0.0932,,
K2-17 b,1,Transit,2015,Published Confirmed,0,17.96753,0.119,,
K2-174 b,1,Transit,2018,Published Confirmed,0,19.562307,0.126,,
K2-18 b,1,Transit,2015,Published Confirmed,0,32.939623,0.1429,8.92,0.02806532
K2-18 c,1,Radial Velocity,2017,Published Confirmed,1,8.962,0.06,7.51,0.02362898
K2-180 b,1,Transit,2018,Published Confirmed,0,8.865663,0.0756,11.41003981,0.0359
K2-182 b,1,Transit,2018,Published Confirmed,0,4.7369696,0.05174,20.97667486,0.066
K2-184 b,1,Transit,2018,Published Confirmed,0,16.9780102,0.1685,,
K2-188 b,1,Transit,2018,Published Confirmed,0,1.742169,0.0289,,
K2-188 c,1,Transit,2018,Published Confirmed,0,7.810253,0.0785,,
K2-19 d,1,Transit,2016,Published Confirmed,0,2.50827,0.03478,6.2,0.01950738
K2-192 b,1,Transit,2018,Published Confirmed,0,4.162817,0.049,,
K2-193 b,1,Transit,2018,Published Confirmed,0,14.786889,0.1184,,
K2-195 b,1,Transit,2018,Published Confirmed,0,15.852975,0.1208,,
K2-197 b,1,Transit,2018,Published Confirmed,0,8.357881,0.0806,,
K2-199 b,1,Transit,2018,Published Confirmed,0,3.2253993,0.0382,6.9,0.02170983
K2-199 c,1,Transit,2018,Published Confirmed,0,7.3744897,0.0662,12.4,0.03901476
K2-2016-BLG-0005L b,1,Microlensing,2023,Published Confirmed,0,4700.0,4.16,349.6112477,1.1
K2-203 b,1,Transit,2018,Published Confirmed,0,9.6952,0.0824,,
K2-204 b,1,Transit,2018,Published Confirmed,0,7.055908,0.0738,,
K2-208 b,1,Transit,2018,Published Confirmed,0,4.19097,0.04878,,
K2-21 b,1,Transit,2015,Published Confirmed,0,9.325038,0.076,,
K2-21 c,1,Transit,2015,Published Confirmed,0,15.50192,0.107,,
K2-211 b,1,Transit,2018,Published Confirmed,0,0.669561,0.01419,,
K2-216 b,1,Transit,2018,Published Confirmed,0,2.1748,0.028,8.0,0.02517069
K2-222 b,1,Transit,2018,Published Confirmed,0,15.3889274,0.1186,7.5,0.02359764
K2-224 b,1,Transit,2018,Published Confirmed,0,4.47904,0.0516,,
K2-224 c,1,Transit,2018,Published Confirmed,0,10.09489,0.0886,,
K2-225 b,1,Transit,2018,Published Confirmed,0,15.8723,0.1409,,
K2-226 b,1,Transit,2018,Published Confirmed,0,3.27109,0.04095,,
K2-228 b,1,Transit,2018,Published Confirmed,0,2.69828,0.0338,,
K2-229 c,1,Transit,2018,Published Confirmed,0,8.32727,0.0769,,
K2-230 b,1,Transit,2018,Published Confirmed,0,2.86041,0.0409,,
K2-232 b,1,Transit,2018,Published Confirmed,0,11.168454,0.10356,126.49634,0.398
K2-233 b,1,Transit,2018,Published Confirmed,0,2.467583,0.03293,2.4,0.00755124
K2-233 c,1,Transit,2018,Published Confirmed,0,7.06024,0.0664,4.6,0.01447322
K2-233 d,1,Transit,2018,Published Confirmed,0,24.3681,0.1516,10.3,0.03240742
K2-237 b,1,Transit,2018,Published Confirmed,0,2.18053332,0.03552,434.15360396,1.366
K2-238 b,1,Transit,2018,Published Confirmed,0,3.20466,0.046,273.3338,0.86
K2-239 b,1,Transit,2018,Published Confirmed,0,5.24,0.0441,,
K2-239 c,1,Transit,2018,Published Confirmed,0,7.775,0.0576,,
K2-239 d,1,Transit,2018,Published Confirmed,0,10.115,0.0685,,
K2-24 b,1,Transit,2016,Published Confirmed,0,20.8895961,0.1673,20.6,0.06481485
K2-24 c,1,Transit,2016,Published Confirmed,0,42.34732,0.262,16.4,0.05160017
K2-240 b,1,Transit,2018,Published Confirmed,0,6.034,0.0513,,
K2-240 c,1,Transit,2018,Published Confirmed,0,20.523,0.1159,,
K2-241 b,1,Transit,2018,Published Confirmed,0,26.8199,0.1567,,
K2-242 b,1,Transit,2018,Published Confirmed,0,6.51389,0.0494,,
K2-243 b,1,Transit,2018,Published Confirmed,0,11.54182,0.1087,,
K2-243 c,1,Transit,2018,Published Confirmed,0,24.94598,0.1817,,
K2-244 b,1,Transit,2018,Published Confirmed,0,21.06884,0.1418,,
K2-245 b,1,Transit,2018,Published Confirmed,0,11.89307,0.0959,,
K2-246 b,1,Transit,2018,Published Confirmed,0,5.76918,0.0602,,
K2-247 b,1,Transit,2018,Published Confirmed,0,2.25021,0.0304,,
K2-247 c,1,Transit,2018,Published Confirmed,0,6.49424,0.0615,,
K2-248 b,1,Transit,2018,Published Confirmed,0,7.17256,0.0699,,
K2-249 b,1,Transit,2018,Published Confirmed,0,12.409,0.1151,,
K2-25 b,1,Transit,2015,Published Confirmed,0,3.48456408,0.0287,24.5,0.07708562
K2-250 b,1,Transit,2018,Published Confirmed,0,4.01392,0.04606,,
K2-251 b,1,Transit,2018,Published Confirmed,0,9.30075,0.0694,,
K2-252 b,1,Transit,2018,Published Confirmed,0,13.81513,0.1041,,
K2-253 b,1,Transit,2018,Published Confirmed,0,4.00167,0.0506,,
K2-254 b,1,Transit,2018,Published Confirmed,0,4.09639,0.0448,,
K2-254 c,1,Transit,2018,Published Confirmed,0,12.11839,0.0923,,
K2-255 b,1,Transit,2018,Published Confirmed,0,1.96417,0.0274,,
K2-257 b,1,Transit,2018,Published Confirmed,0,1.60588,0.0216,,
K2-258 b,1,Transit,2018,Published Confirmed,0,19.0921,0.149,,
K2-259 b,1,Transit,2018,Published Confirmed,0,15.48043,0.1271,,
K2-26 b,1,Transit,2016,Published Confirmed,0,14.5665,0.0962,,
K2-260 b,1,Transit,2018,Published Confirmed,0,2.62669762,0.04392,546.66486004,1.72
K2-261 b,1,Transit,2018,Published Confirmed,0,11.6334681,0.1086,68.96876432,0.217
K2-263 b,1,Transit,2018,Published Confirmed,0,50.819172,0.2573,15.4,0.04845382
K2-264 b,1,Transit,2018,Published Confirmed,0,5.840002,0.05023,,
K2-264 c,1,Transit,2018,Published Confirmed,0,19.660302,0.11283,,
K2-265 b,1,Transit,2018,Published Confirmed,0,2.36902,0.03359,7.3418362,0.0231
K2-266 b,1,Transit,2018,Published Confirmed,0,0.658524,0.01306,11.26782377,0.03545236
K2-266 c,1,Transit,2018,Published Confirmed,0,7.814,0.0679,0.29013072,0.00091285
K2-266 d,1,Transit,2018,Published Confirmed,0,14.697,0.1035,8.9,0.02800239
K2-266 e,1,Transit,2018,Published Confirmed,0,19.482,0.1249,14.3,0.04499261
K2-269 b,1,Transit,2018,Published Confirmed,0,4.144965,0.0531,,
K2-270 b,1,Transit,2018,Published Confirmed,0,1.543069,0.0247,,
K2-270 c,1,Transit,2018,Published Confirmed,0,4.400028,0.0497,,
K2-271 b,1,Transit,2018,Published Confirmed,0,8.562421,0.077,,
K2-272 b,1,Transit,2018,Published Confirmed,0,14.4536756,0.1007,,
K2-273 b,1,Transit,2018,Published Confirmed,0,11.7195663,0.0729,,
K2-274 b,1,Transit,2018,Published Confirmed,0,14.1330314,0.0964,,
K2-275 b,1,Transit,2018,Published Confirmed,0,3.2809626,0.0277,,
K2-275 c,1,Transit,2018,Published Confirmed,0,8.4388385,0.0881,,
K2-276 b,1,Transit,2018,Published Confirmed,0,18.718269,0.1291,,
K2-277 b,1,Transit,2018,Published Confirmed,0,6.326768,0.0664,,
K2-278 b,1,Transit,2018,Published Confirmed,0,3.334966,0.0488,,
K2-279 b,1,Transit,2018,Published Confirmed,0,7.122605,0.067,,
K2-28 b,1,Transit,2016,Published Confirmed,0,2.260455,0.0214,,
K2-280 b,1,Transit,2018,Published Confirmed,0,19.89526,0.1461,37.1,0.11672965
K2-281 b,1,Transit,2018,Published Confirmed,0,8.687721,0.0773,,
K2-283 b,1,Transit,2018,Published Confirmed,0,1.921036,0.0291,,
K2-284 b,1,Transit,2018,Published Confirmed,0,4.795069,0.04771,,
K2-285 b,1,Transit,2018,Published Confirmed,0,3.471745,0.03817,9.68,0.03045653
K2-285 c,1,Transit,2018,Published Confirmed,0,7.138048,0.0824,15.68,0.04933455
K2-285 d,1,Transit,2018,Published Confirmed,0,10.45582,0.1178,6.5,0.02045118
K2-285 e,1,Transit,2018,Published Confirmed,0,14.76289,0.18041,10.7,0.0336658
K2-286 b,1,Transit,2018,Published Confirmed,0,27.359,0.1768,,
K2-287 b,1,Transit,2018,Published Confirmed,0,14.893291,0.1206,100.11645,0.315
K2-288 B b,1,Transit,2018,Published Confirmed,0,31.393463,0.164,,
K2-289 b,1,Transit,2019,Published Confirmed,0,13.156969,0.107,,
K2-29 b,1,Transit,2016,Published Confirmed,0,3.2588321,0.04217,232.0159,0.73
K2-290 b,1,Transit,2019,Published Confirmed,0,9.21165,0.0923,10.9,0.03429506
K2-290 c,1,Transit,2019,Published Confirmed,0,48.36685,0.305,246.00042,0.774
K2-291 b,1,Transit,2019,Published Confirmed,0,2.225177,0.03261,6.49,0.02041972
K2-292 b,1,Transit,2019,Published Confirmed,0,16.9841,0.13,24.5,0.07708523
K2-295 b,1,Transit,2018,Published Confirmed,0,4.024867,0.0451,106.47305,0.335
K2-3 b,1,Transit,2015,Published Confirmed,0,10.0546535,0.0747,5.11,0.01607786
K2-3 c,1,Transit,2015,Published Confirmed,0,24.646729,0.1357,2.68,0.00843222
K2-3 d,1,Transit,2015,Published Confirmed,0,44.55603,0.2014,2.2,0.00692197
K2-30 b,1,Transit,2016,Published Confirmed,0,4.098503,0.04839,184.02357,0.579
K2-31 b,1,Transit,2016,Published Confirmed,0,1.25785,0.022,563.83042,1.774
K2-312 c,1,Radial Velocity,2023,Published Confirmed,0,871.32,1.882,1681.31227303,5.29
K2-316 b,1,Transit,2020,Published Confirmed,0,1.133,0.0147,,
K2-316 c,1,Transit,2020,Published Confirmed,0,5.26,0.0582,,
K2-317 b,1,Transit,2020,Published Confirmed,0,6.22,0.0542,,
K2-318 b,1,Transit,2020,Published Confirmed,0,7.01,0.0911,,
K2-319 b,1,Transit,2020,Published Confirmed,0,26.68,0.1516,,
K2-32 b,1,Transit,2016,Published Confirmed,0,8.992,0.0795,15.0,0.04719528
K2-32 c,1,Transit,2016,Published Confirmed,0,20.66093,0.13843,8.1,0.02548545
K2-32 d,1,Transit,2016,Published Confirmed,0,31.71701,0.18422,6.7,0.02108056
K2-32 e,1,Transit,2019,Published Confirmed,0,4.34934,0.04899,2.1,0.00660734
K2-320 b,1,Transit,2020,Published Confirmed,0,1.995,0.0142,,
K2-321 b,1,Transit,2020,Published Confirmed,0,2.2979749,0.02839,,
K2-322 b,1,Transit,2020,Published Confirmed,0,8.205,0.0594,,
K2-323 b,1,Transit,2020,Published Confirmed,0,24.93,0.1275,,
K2-324 b,1,Transit,2020,Published Confirmed,0,3.262,0.0331,,
K2-325 b,1,Transit,2020,Published Confirmed,0,6.93,0.0419,,
K2-326 b,1,Transit,2020,Published Confirmed,0,1.256,0.0198,,
K2-329 b,1,Transit,2020,Published Confirmed,0,12.4551225,0.1016,82.6358,0.26
K2-34 b,1,Transit,2016,Published Confirmed,0,2.9956348,0.0442,,
K2-35 b,1,Transit,2016,Published Confirmed,0,2.399964,0.031,,
K2-35 c,1,Transit,2016,Published Confirmed,0,5.608352,0.055,,
K2-355 b,1,Transit,2021,Published Confirmed,0,5.7385647,0.0632,,
K2-356 b,1,Transit,2021,Published Confirmed,0,21.0267366,0.1599,,
K2-357 b,1,Transit,2021,Published Confirmed,0,16.3488637,0.145,,
K2-358 b,1,Transit,2021,Published Confirmed,0,11.2510285,0.0863,,
K2-36 b,1,Transit,2016,Published Confirmed,0,1.422614,0.02288,4.3,0.01352931
K2-36 c,1,Transit,2016,Published Confirmed,0,5.340888,0.05528,7.9,0.02485618
K2-360 c,1,Radial Velocity,2024,Published Confirmed,0,9.79692,0.0883,15.23,0.04791894
K2-370 b,1,Transit,2022,Published Confirmed,0,2.1408093,0.0321,11.1,0.03492451
K2-38 b,1,Transit,2016,Published Confirmed,0,4.01593,0.04994,7.3,0.02296837
K2-38 c,1,Transit,2016,Published Confirmed,0,10.56103,0.09514,8.3,0.02611472
K2-4 b,1,Transit,2015,Published Confirmed,0,10.003417,0.078,,
K2-411 b,1,Transit,2022,Published Confirmed,0,3.2141,0.0511,,
K2-412 b,1,Transit,2022,Published Confirmed,0,5.9382,0.0586,,
K2-413 b,1,Transit,2022,Published Confirmed,0,0.8094,0.0117,,
K2-413 c,1,Transit,2022,Published Confirmed,0,5.3301,0.0426,,
K2-414 b,1,Transit,2022,Published Confirmed,0,4.3696,0.0487,,
K2-414 c,1,Transit,2022,Published Confirmed,0,6.669,0.0552,,
K2-415 b,1,Transit,2023,Published Confirmed,0,4.0179694,0.027,7.5,0.02359764
K2-416 b,1,Transit,2023,Published Confirmed,0,13.102,0.088,1652.7077164,5.2
K2-417 b,1,Transit,2023,Published Confirmed,0,6.535,0.063,699.2224954,2.2
K2-419 A b,1,Transit,2024,Published Confirmed,0,20.35847252,0.1208,196.0,0.617
K2-42 b,1,Transit,2016,Published Confirmed,0,6.68796,0.0617,,
K2-44 b,1,Transit,2016,Published Confirmed,0,5.657,0.06,,
K2-45 b,1,Transit,2016,Published Confirmed,0,1.7292684,0.0224,,
K2-46 b,1,Transit,2016,Published Confirmed,0,19.1541,0.13821,,
K2-47 b,1,Transit,2016,Published Confirmed,0,31.6372,0.1779,,
K2-48 b,1,Transit,2016,Published Confirmed,0,20.5065,0.1344,,
K2-49 b,1,Transit,2016,Published Confirmed,0,2.77065,0.0309,,
K2-5 b,1,Transit,2015,Published Confirmed,0,5.73594,0.0532,,
K2-5 c,1,Transit,2015,Published Confirmed,0,10.93241,0.0818,,
K2-50 b,1,Transit,2016,Published Confirmed,0,8.7529,0.0705,,
K2-52 b,1,Transit,2016,Published Confirmed,0,3.535055,0.054,,
K2-53 b,1,Transit,2016,Published Confirmed,0,12.20772,0.098,,
K2-54 b,1,Transit,2016,Published Confirmed,0,9.7833,0.0761,,
K2-57 b,1,Transit,2016,Published Confirmed,0,9.0073,0.0752,,
K2-58 b,1,Transit,2016,Published Confirmed,0,7.05254,0.0692,,
K2-58 c,1,Transit,2016,Published Confirmed,0,2.53726,0.035,,
K2-58 d,1,Transit,2016,Published Confirmed,0,22.8827,0.1517,,
K2-59 b,1,Transit,2016,Published Confirmed,0,20.6921,0.1354,,
K2-59 c,1,Transit,2016,Published Confirmed,0,11.2954,0.0905,,
K2-6 b,1,Transit,2015,Published Confirmed,0,30.94191,0.1898,,
K2-60 b,1,Transit,2016,Published Confirmed,0,3.00265,0.045,135.39558,0.426
K2-63 b,1,Transit,2016,Published Confirmed,0,20.257,0.1627,,
K2-63 c,1,Transit,2016,Published Confirmed,0,25.4556,0.189,,
K2-64 b,1,Transit,2016,Published Confirmed,0,6.53044,0.0619,,
K2-65 b,1,Transit,2016,Published Confirmed,0,12.6475,0.1014,,
K2-66 b,1,Transit,2016,Published Confirmed,0,5.06963,0.05983,21.3,0.06701696
K2-68 b,1,Transit,2016,Published Confirmed,0,8.05428,0.0708,,
K2-69 b,1,Transit,2016,Published Confirmed,0,7.06599,0.0591,,
K2-7 b,1,Transit,2015,Published Confirmed,0,28.6781,0.1867,,
K2-70 b,1,Transit,2016,Published Confirmed,0,13.97896,0.1112,,
K2-71 b,1,Transit,2016,Published Confirmed,0,6.98541,0.0559,,
K2-72 b,1,Transit,2016,Published Confirmed,0,5.577212,0.04,,
K2-72 c,1,Transit,2016,Published Confirmed,0,15.189034,0.078,,
K2-72 d,1,Transit,2016,Published Confirmed,0,7.760178,0.05,,
K2-72 e,1,Transit,2016,Published Confirmed,0,24.158868,0.106,,
K2-74 b,1,Transit,2016,Published Confirmed,0,19.5666,0.1402,,
K2-75 b,1,Transit,2016,Published Confirmed,0,7.8142,0.081,,
K2-75 c,1,Transit,2016,Published Confirmed,0,18.311,0.1429,,
K2-77 b,1,Transit,2016,Published Confirmed,0,8.2000844,0.0753,,
K2-79 b,1,Transit,2016,Published Confirmed,0,10.995039,0.0987,5.9,0.01856348
K2-8 b,1,Transit,2015,Published Confirmed,0,10.35239,0.0856,,
K2-8 c,1,Transit,2016,Published Confirmed,0,5.06416,0.0532,,
K2-80 b,1,Transit,2016,Published Confirmed,0,19.0918,0.135,,
K2-80 c,1,Transit,2016,Published Confirmed,0,5.605,0.0596,,
K2-81 b,1,Transit,2016,Published Confirmed,0,6.102325,0.059,,
K2-83 b,1,Transit,2016,Published Confirmed,0,2.74697,0.03014,,
K2-83 c,1,Transit,2016,Published Confirmed,0,9.99767,0.07131,,
K2-84 b,1,Transit,2016,Published Confirmed,0,6.4215,0.0665,,
K2-84 c,1,Transit,2016,Published Confirmed,0,27.86,0.1768,,
K2-86 b,1,Transit,2016,Published Confirmed,0,8.77683,0.077,,
K2-87 b,1,Transit,2016,Published Confirmed,0,9.726618,0.094,,
K2-88 b,1,Transit,2016,Published Confirmed,0,4.6122,0.0345,,
K2-89 b,1,Transit,2016,Published Confirmed,0,1.096026,0.01462,,
K2-9 b,1,Transit,2015,Published Confirmed,0,18.4498,0.091,,
K2-90 b,1,Transit,2016,Published Confirmed,0,13.733314,0.096,,
K2-90 c,1,Transit,2016,Published Confirmed,0,2.900706,0.035,,
K2-91 b,1,Transit,2016,Published Confirmed,0,1.419549,0.0164,,
K2-95 b,1,Transit,2016,Published Confirmed,0,10.1346454,0.0525,,
K2-97 b,1,Transit,2016,Published Confirmed,0,8.407115,0.0854,174.48779544,0.549
K2-98 b,1,Transit,2016,Published Confirmed,0,10.1367349,0.0986,34.00763955,0.107
K2-99 b,1,Transit,2016,Published Confirmed,0,18.24783,0.153,276.51071409,0.87
K2-99 c,1,Radial Velocity,2022,Published Confirmed,0,522.2,1.43,2669.7586188,8.4
KELT-1 b,1,Transit,2012,Published Confirmed,0,1.217514,0.02466,8654.15,27.23
KELT-10 b,1,Transit,2016,Published Confirmed,0,4.1662739,0.0525,215.80657,0.679
KELT-11 b,1,Transit,2017,Published Confirmed,0,4.73620865,0.0623,65.15482343,0.205
KELT-12 b,1,Transit,2017,Published Confirmed,0,5.031623,0.06708,301.9385,0.95
KELT-14 b,1,Transit,2016,Published Confirmed,0,1.7100566,0.03005,408.09372,1.284
KELT-16 b,1,Transit,2017,Published Confirmed,0,0.9689951,0.02044,874.0325,2.75
KELT-17 b,1,Transit,2016,Published Confirmed,0,3.0801716,0.04881,416.3573,1.31
KELT-18 b,1,Transit,2017,Published Confirmed,0,2.8717518,0.0455,375.0394,1.18
KELT-19 A b,1,Transit,2017,Published Confirmed,0,4.6117093,0.0637,1293.5681,4.07
KELT-20 b,1,Transit,2017,Published Confirmed,0,3.4741085,0.0542,1074.90106,3.382
KELT-21 b,1,Transit,2018,Published Confirmed,0,3.6127647,0.05224,1242.7153,3.91
KELT-23 A b,1,Transit,2019,Published Confirmed,0,2.255251,0.03302,298.12454,0.938
KELT-24 b,1,Transit,2019,Published Confirmed,0,5.55149296,0.0665,1458.83238813,4.59
KELT-4 A b,1,Transit,2016,Published Confirmed,0,2.9895932,0.04317,286.68266,0.902
KELT-6 c,1,Radial Velocity,2015,Published Confirmed,0,1276.0,2.39,1179.1493,3.71
KELT-9 b,1,Transit,2017,Published Confirmed,0,1.4811235,0.03368,915.34581216,2.88
KIC 3526061 b,1,Radial Velocity,2022,Published Confirmed,0,3552.0,5.14,5768.58558705,18.15
KMT-2016-BLG-0212L b,1,Microlensing,2018,Published Confirmed,0,,2.2,5700.0,18.0
KMT-2016-BLG-1105L b,1,Microlensing,2023,Published Confirmed,0,,2.44,2.32,0.00729954
KMT-2016-BLG-1107L b,1,Microlensing,2019,Published Confirmed,0,,0.342,1043.0,3.283
KMT-2016-BLG-1337L b,1,Microlensing,2026,Published Confirmed,0,,3.97,88.99195396,0.28
KMT-2016-BLG-1397L b,1,Microlensing,2018,Published Confirmed,0,,5.1,2200.0,7.0
KMT-2016-BLG-1820L b,1,Microlensing,2018,Published Confirmed,0,,1.08,1450.0,4.57
KMT-2016-BLG-1836L b,1,Microlensing,2019,Published Confirmed,0,,3.5,700.0,2.2
KMT-2016-BLG-2142L b,1,Microlensing,2018,Published Confirmed,0,,0.83,4923.0,15.49
KMT-2016-BLG-2321L b,1,Microlensing,2024,Published Confirmed,0,,3.58,301.93698665,0.95
KMT-2016-BLG-2364L b,1,Microlensing,2020,Published Confirmed,0,,2.63,1250.0,3.93
KMT-2016-BLG-2397L b,1,Microlensing,2020,Published Confirmed,0,,3.64,836.0,2.63
KMT-2016-BLG-2605L b,1,Microlensing,2021,Published Confirmed,0,,0.681,245.0457018,0.771
KMT-2017-BLG-0165L b,1,Microlensing,2018,Published Confirmed,0,,3.45,34.0,0.11
KMT-2017-BLG-0428L b,1,Microlensing,2023,Published Confirmed,0,,1.81,5.59,0.01758811
KMT-2017-BLG-0673L b,1,Microlensing,2022,Published Confirmed,0,,2.34,1166.43025369,3.67
KMT-2017-BLG-0849L b,1,Microlensing,2024,Published Confirmed,0,,2.73,6.39,0.02010519
KMT-2017-BLG-1003L b,1,Microlensing,2023,Published Confirmed,0,,1.38,5.19,0.01632957
KMT-2017-BLG-1038L b,1,Microlensing,2019,Published Confirmed,0,,1.8,640.0,2.0
KMT-2017-BLG-1057L b,1,Microlensing,2024,Published Confirmed,0,,2.36,23.5,0.07393927
KMT-2017-BLG-1146L b,1,Microlensing,2019,Published Confirmed,0,,1.6,230.0,0.71
KMT-2017-BLG-1194L b,1,Microlensing,2023,Published Confirmed,0,,1.78,3.54,0.01113809
KMT-2017-BLG-2197L b,1,Microlensing,2025,Published Confirmed,0,,15.91,2809.60311788,8.84
KMT-2017-BLG-2331L b,1,Microlensing,2024,Published Confirmed,0,,2.14,171.0,0.53802617
KMT-2017-BLG-2509L b,1,Microlensing,2021,Published Confirmed,0,,2.14,664.26137063,2.09
KMT-2018-BLG-0029L b,1,Microlensing,2020,Published Confirmed,0,,4.27,7.59,0.0239
KMT-2018-BLG-0030L b,1,Microlensing,2022,Published Confirmed,0,,4.39,460.85119015,1.45
KMT-2018-BLG-0087L b,1,Microlensing,2022,Published Confirmed,0,,0.87,73.10053361,0.23
KMT-2018-BLG-0247L b,1,Microlensing,2022,Published Confirmed,0,,2.46,670.61793877,2.11
KMT-2018-BLG-0748L b,1,Microlensing,2020,Published Confirmed,0,,0.62,60.0,0.19
KMT-2018-BLG-0885L b,1,Microlensing,2023,Published Confirmed,0,,1.07,9217.023803,29.0
KMT-2018-BLG-1025L b,1,Microlensing,2021,Published Confirmed,0,,1.305,6.059,0.01906375
KMT-2018-BLG-1292L b,1,Microlensing,2020,Published Confirmed,0,,6.03,1400.0,4.42
KMT-2018-BLG-1743L b,1,Microlensing,2021,Published Confirmed,0,,1.449,77.86795971,0.245
KMT-2018-BLG-1976L b,1,Microlensing,2021,Published Confirmed,0,,3.54,705.57906354,2.22
KMT-2018-BLG-1988L b,1,Microlensing,2022,Published Confirmed,0,,3.09,5.56,0.01749372
KMT-2018-BLG-1990L b,1,Microlensing,2019,Published Confirmed,0,,0.763,111.0,0.348
KMT-2018-BLG-1996L b,1,Microlensing,2021,Published Confirmed,0,,4.27,346.43296363,1.09
KMT-2018-BLG-2602L b,1,Microlensing,2022,Published Confirmed,0,,3.81,365.50266805,1.15
KMT-2019-BLG-0253L b,1,Microlensing,2022,Published Confirmed,0,,3.1,9.2,0.02894644
KMT-2019-BLG-0297L b,1,Microlensing,2023,Published Confirmed,0,,0.96,6038.739733,19.0
KMT-2019-BLG-0298L b,1,Microlensing,2023,Published Confirmed,0,,5.67,575.26941667,1.81
KMT-2019-BLG-0335L b,1,Microlensing,2023,Published Confirmed,0,,1.64,6674.396547,21.0
KMT-2019-BLG-0371L b,1,Microlensing,2021,Published Confirmed,0,,0.79,2447.2787339,7.7
KMT-2019-BLG-0414L b,1,Microlensing,2022,Published Confirmed,0,,1.16,1452.47581999,4.57
KMT-2019-BLG-0578L b,1,Microlensing,2025,Published Confirmed,0,,2.0,381.3940884,1.2
KMT-2019-BLG-0842L b,1,Microlensing,2020,Published Confirmed,0,,3.31,10.28,0.03234
KMT-2019-BLG-0953L b,1,Microlensing,2022,Published Confirmed,0,,1.1,15.5,0.04876845
KMT-2019-BLG-1042L b,1,Microlensing,2022,Published Confirmed,0,,1.7,60.38739733,0.19
KMT-2019-BLG-1216L b,1,Microlensing,2023,Published Confirmed,0,,2.44,29.87587026,0.094
KMT-2019-BLG-1339L b,1,Microlensing,2020,Published Confirmed,0,,2.15,397.0,1.25
KMT-2019-BLG-1367L b,1,Microlensing,2023,Published Confirmed,0,,1.7,4.08,0.01283712
KMT-2019-BLG-1552L b,1,Microlensing,2022,Published Confirmed,0,,2.6,1287.20504835,4.05
KMT-2019-BLG-1715L b,1,Microlensing,2021,Published Confirmed,0,,3.32,813.64072192,2.56
KMT-2019-BLG-1806L b,1,Microlensing,2023,Published Confirmed,0,,3.02,4.67,0.01469346
KMT-2019-BLG-2783L b,1,Microlensing,2023,Published Confirmed,0,,1.85,368.68095212,1.16
KMT-2019-BLG-2974L b,1,Microlensing,2022,Published Confirmed,0,,2.0,88.99195396,0.28
KMT-2020-BLG-0202L b,1,Microlensing,2026,Published Confirmed,0,,4.17,3902.93283796,12.28
KMT-2020-BLG-0414L b,1,Microlensing,2021,Published Confirmed,0,,2.07,1.87,0.00588368
KMT-2021-BLG-0119L b,1,Microlensing,2022,Published Confirmed,0,,2.92,1754.41280664,5.52
KMT-2021-BLG-0171L b,1,Microlensing,2022,Published Confirmed,0,,3.5,11.2,0.03523914
KMT-2021-BLG-0192L b,1,Microlensing,2022,Published Confirmed,0,,1.62,34.96112477,0.11
KMT-2021-BLG-0240L b,1,Microlensing,2022,Published Confirmed,0,,2.8,66.74396547,0.21
KMT-2021-BLG-0320L b,1,Microlensing,2022,Published Confirmed,0,,1.54,31.7828407,0.1
KMT-2021-BLG-0712L b,1,Microlensing,2023,Published Confirmed,0,,2.22,38.19,0.12015918
KMT-2021-BLG-0736L b,1,Microlensing,2025,Published Confirmed,0,,4.0,21.0,0.06607339
KMT-2021-BLG-0748L b,1,Microlensing,2022,Published Confirmed,0,,2.43,143.02278315,0.45
KMT-2021-BLG-0852L b,1,Microlensing,2026,Published Confirmed,0,,7.78,155.73591943,0.49
KMT-2021-BLG-0909L b,1,Microlensing,2023,Published Confirmed,0,,1.75,400.46379282,1.26
KMT-2021-BLG-0912L b,1,Microlensing,2022,Published Confirmed,0,,3.14,2.81,0.00884125
KMT-2021-BLG-1077L b,1,Microlensing,2022,Published Confirmed,0,,1.26,69.92224954,0.22
KMT-2021-BLG-1077L c,1,Microlensing,2022,Published Confirmed,0,,0.93,79.45710175,0.25
KMT-2021-BLG-1105L b,1,Microlensing,2023,Published Confirmed,0,,3.54,413.1769291,1.3
KMT-2021-BLG-1150L b,1,Microlensing,2023,Published Confirmed,0,,4.5,279.68899816,0.88
KMT-2021-BLG-1253L b,1,Microlensing,2022,Published Confirmed,0,,1.52,19.05,0.059938
KMT-2021-BLG-1303L b,1,Microlensing,2022,Published Confirmed,0,,2.89,120.77479466,0.38
KMT-2021-BLG-1372L b,1,Microlensing,2022,Published Confirmed,0,,2.37,61.27,0.19277698
KMT-2021-BLG-1391L b,1,Microlensing,2022,Published Confirmed,0,,2.29,4.55,0.0143159
KMT-2021-BLG-1547L b,1,Microlensing,2023,Published Confirmed,0,,4.5,467.20775829,1.47
KMT-2021-BLG-1554L b,1,Microlensing,2022,Published Confirmed,0,,0.72,38.13940884,0.12
KMT-2021-BLG-1689L b,1,Microlensing,2022,Published Confirmed,0,,2.5,46.0,0.14473219
KMT-2021-BLG-1770L b,1,Microlensing,2023,Published Confirmed,0,,0.9,6674.396547,21.0
KMT-2021-BLG-1898L b,1,Microlensing,2022,Published Confirmed,0,,1.9,232.01473711,0.73
KMT-2021-BLG-2010L b,1,Microlensing,2023,Published Confirmed,0,,1.79,340.07639549,1.07
KMT-2021-BLG-2294L b,1,Microlensing,2022,Published Confirmed,0,,1.15,22.24798849,0.07
KMT-2021-BLG-2478L b,1,Microlensing,2023,Published Confirmed,0,,1.85,286.0455663,0.9
KMT-2021-BLG-2609L b,1,Microlensing,2024,Published Confirmed,0,,2.3,10.17050902,0.032
KMT-2022-BLG-0303L b,1,Microlensing,2024,Published Confirmed,0,,4.81,163.04597279,0.513
KMT-2022-BLG-0371L b,1,Microlensing,2023,Published Confirmed,0,,3.02,82.63538582,0.26
KMT-2022-BLG-0440L b,1,Microlensing,2023,Published Confirmed,0,,1.9,15.4,0.04845382
KMT-2022-BLG-1013L b,1,Microlensing,2023,Published Confirmed,0,,1.38,98.52680617,0.31
KMT-2022-BLG-1551L b,1,Microlensing,2026,Published Confirmed,0,,2.29,940.77208472,2.96
KMT-2022-BLG-1790L b,1,Microlensing,2025,Published Confirmed,0,,5.25,549.84314411,1.73
KMT-2022-BLG-1818L b,1,Microlensing,2026,Published Confirmed,0,,2.6,1271.313628,4.0
KMT-2022-BLG-1818L c,1,Microlensing,2026,Published Confirmed,0,,12.6,114.41822652,0.36
KMT-2022-BLG-2076L b,1,Microlensing,2025,Published Confirmed,0,,5.67,279.68899816,0.88
KMT-2022-BLG-2286L b,1,Microlensing,2024,Published Confirmed,0,,2.02,6038.739733,19.0
KMT-2023-BLG-0119L b,1,Microlensing,2025,Published Confirmed,0,,3.14,83.7,0.26334965
KMT-2023-BLG-0332L b,1,Microlensing,2026,Published Confirmed,0,,3.2,6992.224954,22.0
KMT-2023-BLG-0416L b,1,Microlensing,2024,Published Confirmed,0,,2.96,13.03096469,0.041
KMT-2023-BLG-0466L b,1,Microlensing,2026,Published Confirmed,0,,2.68,1032.94232275,3.25
KMT-2023-BLG-0469L b,1,Microlensing,2024,Published Confirmed,0,,2.31,39.41072247,0.124
KMT-2023-BLG-0548L b,1,Microlensing,2025,Published Confirmed,0,,6.85,1086.97315194,3.42
KMT-2023-BLG-0735L b,1,Microlensing,2024,Published Confirmed,0,,2.96,38.77506565,0.122
KMT-2023-BLG-0830L b,1,Microlensing,2025,Published Confirmed,0,,1.7,17.79839079,0.056
KMT-2023-BLG-0949L b,1,Microlensing,2025,Published Confirmed,0,,2.03,1900.61387386,5.98
KMT-2023-BLG-1431L b,1,Microlensing,2024,Published Confirmed,0,,3.2,13.6,0.04279039
KMT-2023-BLG-1454L b,1,Microlensing,2024,Published Confirmed,0,,1.18,200.23189641,0.63
KMT-2023-BLG-1592L b,1,Microlensing,2026,Published Confirmed,0,,3.9,184.34047606,0.58
KMT-2023-BLG-1642L b,1,Microlensing,2024,Published Confirmed,0,,1.41,343.25467956,1.08
KMT-2023-BLG-1743L b,1,Microlensing,2024,Published Confirmed,0,,1.16,6356.56814,20.0
KMT-2023-BLG-1866L b,1,Microlensing,2024,Published Confirmed,0,,2.63,2.63,0.00827491
KMT-2023-BLG-1896L b,1,Microlensing,2025,Published Confirmed,0,,2.86,16.35,0.05144285
KMT-2023-BLG-2209L b,1,Microlensing,2025,Published Confirmed,0,,3.51,254.2627256,0.8
KMT-2024-BLG-0176L b,1,Microlensing,2026,Published Confirmed,0,,1.32,241.54958932,0.76
KMT-2024-BLG-0349L b,1,Microlensing,2026,Published Confirmed,0,,6.46,3769.44490702,11.86
KMT-2024-BLG-0404L b,1,Microlensing,2025,Published Confirmed,0,,0.85,8657.64580668,27.24
KMT-2024-BLG-1005L b,1,Microlensing,2025,Published Confirmed,0,,0.78,6674.396547,21.0
KMT-2024-BLG-1209L b,1,Microlensing,2025,Published Confirmed,0,,2.51,839.06699448,2.64
KMT-2024-BLG-1281L b,1,Microlensing,2025,Published Confirmed,0,,1.96,19.06970442,0.06
KMT-2024-BLG-1870L b,1,Microlensing,2026,Published Confirmed,0,,3.15,336.89811142,1.06
KMT-2024-BLG-2005L b,1,Microlensing,2026,Published Confirmed,0,,1.12,50.85254512,0.16
KMT-2024-BLG-2059L b,1,Microlensing,2025,Published Confirmed,0,,2.55,6.99222495,0.022
KMT-2024-BLG-2087L b,1,Microlensing,2026,Published Confirmed,0,,3.03,1395.26670673,4.39
KMT-2024-BLG-2242L b,1,Microlensing,2025,Published Confirmed,0,,0.89,13.98444991,0.044
KMT-2025-BLG-0121L b,1,Microlensing,2026,Published Confirmed,0,,3.05,2469.52672239,7.77
KMT-2025-BLG-0481L b,1,Microlensing,2026,Published Confirmed,0,,2.18,187.51876013,0.59
KMT-2025-BLG-1616L b,1,Microlensing,2026,Published Confirmed,0,,1.6,42.32,0.13315361
KOBE-1 b,1,Radial Velocity,2025,Published Confirmed,0,8.5399,0.07006,8.8,0.0276879
KOBE-1 c,1,Radial Velocity,2025,Published Confirmed,0,29.671,0.16071,12.4,0.03901476
KOI-12 b,1,Transit,2015,Published Confirmed,0,17.855182,0.154,349.613,1.1
KOI-1257 b,1,Transit,2014,Published Confirmed,0,86.647661,0.382,460.83,1.45
KOI-13 b,1,Transit,2011,Published Confirmed,0,1.763588,0.03641,2949.4624,9.28
KOI-134 b,1,Transit,2025,Published Confirmed,0,67.1277,0.363,346.43296363,1.09
KOI-134 c,1,Transit Timing Variations,2025,Published Confirmed,0,33.95,0.2305,69.92224954,0.22
KOI-1599.01,1,Transit,2019,Published Confirmed,0,20.4415,0.14728,4.6,0.01447315
KOI-1599.02,1,Transit,2019,Published Confirmed,0,13.6088,0.112293,9.0,0.02831702
KOI-217 b,1,Transit,2010,Published Confirmed,0,3.90512,0.0477,,
KOI-2513.01,1,Transit,2023,Published Confirmed,0,19.00547,0.5,7310.053361,23.0
KOI-351 b,1,Transit,2013,Published Confirmed,0,7.008151,0.074,,
KOI-351 c,1,Transit,2013,Published Confirmed,0,8.719375,0.089,,
KOI-351 d,1,Transit,2013,Published Confirmed,0,59.73667,0.32,,
KOI-351 e,1,Transit,2013,Published Confirmed,0,91.93913,0.42,,
KOI-351 f,1,Transit,2013,Published Confirmed,0,124.9144,0.48,,
KOI-3680 b,1,Transit,2018,Published Confirmed,0,141.241671,0.534,613.4119,1.93
KOI-4777.01,1,Transit,2022,Published Confirmed,0,0.412,0.008,99.2,0.3121181
KOI-55 b,1,Orbital Brightness Modulation,2011,Published Confirmed,1,0.240104,0.006,0.44,0.0014
KOI-55 c,1,Orbital Brightness Modulation,2011,Published Confirmed,1,0.342887,0.0076,0.655,0.0021
KOI-94 b,1,Transit,2013,Published Confirmed,0,3.743208,0.05119,10.5,0.033
KOI-94 c,1,Transit,2013,Published Confirmed,0,10.423648,0.1013,15.6,0.049
KOI-94 d,1,Transit,2013,Published Confirmed,0,22.342989,0.1684,106.0,0.334
KOI-94 e,1,Transit,2013,Published Confirmed,0,54.32031,0.3046,35.0,0.11
KOI-984 b,1,Transit,2022,Published Confirmed,0,4.2881785,0.0504,,
KOI-984 c,1,Transit Timing Variations,2022,Published Confirmed,0,21.512,0.1467,209.8,0.66010462
KPS-1 b,1,Transit,2018,Published Confirmed,0,1.706291,0.0269,346.4347,1.09
Kapteyn c,1,Radial Velocity,2014,Published Confirmed,1,121.54,0.311,7.0,0.022
Kepler-10 b,1,Transit,2011,Published Confirmed,0,0.8374907,0.01685,3.24,0.01019418
Kepler-10 c,1,Transit,2011,Published Confirmed,0,45.294301,0.241,11.29,0.03552231
Kepler-10 d,1,Radial Velocity,2023,Published Confirmed,0,151.06,0.5379,12.0,0.03775622
Kepler-100 e,1,Radial Velocity,2023,Published Confirmed,0,60.888588,0.312391586,24.14271827,0.07596149
Kepler-101 b,1,Transit,2014,Published Confirmed,0,3.4876812,0.0474,51.1,0.16
Kepler-101 c,1,Transit,2014,Published Confirmed,0,6.02976,0.0684,3.78,0.01
Kepler-102 b,1,Transit,2014,Published Confirmed,0,5.286965,0.05521,1.1,0.00346099
Kepler-102 c,1,Transit,2014,Published Confirmed,0,7.071392,0.06702,1.7,0.0053488
Kepler-102 d,1,Transit,2014,Published Confirmed,0,10.311767,0.08618,3.0,0.00943906
Kepler-102 e,1,Transit,2013,Published Confirmed,0,16.1456994,0.1162,4.7,0.01478785
Kepler-102 f,1,Transit,2014,Published Confirmed,0,27.453592,0.1656,4.3,0.01352931
Kepler-103 b,1,Transit,2014,Published Confirmed,0,15.9653287,0.133,11.67,0.03671793
Kepler-103 c,1,Transit,2014,Published Confirmed,0,179.60978,0.6679,58.47,0.18396719
Kepler-104 b,1,Transit,2014,Published Confirmed,0,11.427548,0.094,,
Kepler-104 c,1,Transit,2014,Published Confirmed,0,23.668205,0.153,,
Kepler-104 d,1,Transit,2014,Published Confirmed,0,51.755394,0.257,,
Kepler-107 b,1,Transit,2014,Published Confirmed,0,3.1800218,0.04544,3.8,0.01195614
Kepler-107 c,1,Transit,2014,Published Confirmed,0,4.901452,0.06064,10.0,0.03146352
Kepler-107 d,1,Transit,2014,Published Confirmed,0,7.95839,0.08377,7.7,0.02422691
Kepler-107 e,1,Transit,2014,Published Confirmed,0,14.749143,0.12638,14.1,0.04436356
Kepler-108 b,1,Transit,2014,Published Confirmed,0,49.183921,0.292,,
Kepler-108 c,1,Transit,2014,Published Confirmed,0,190.323494,0.721,,
Kepler-109 b,1,Transit,2014,Published Confirmed,0,6.4816307,0.0701,4.9,0.01541712
Kepler-109 c,1,Transit,2014,Published Confirmed,0,21.22265,0.1546,8.2,0.02580009
Kepler-11 b,1,Transit,2010,Published Confirmed,0,10.3039,0.091,1.9,0.006
Kepler-11 c,1,Transit,2010,Published Confirmed,0,13.0241,0.107,2.9,0.009
Kepler-11 d,1,Transit,2010,Published Confirmed,0,22.6845,0.155,7.3,0.023
Kepler-11 e,1,Transit,2010,Published Confirmed,0,31.9996,0.195,8.0,0.025
Kepler-11 f,1,Transit,2010,Published Confirmed,0,46.6888,0.25,2.0,0.006
Kepler-11 g,1,Transit,2010,Published Confirmed,0,118.3807,0.466,25.0,0.079
Kepler-110 b,1,Transit,2014,Published Confirmed,0,12.691112,0.107,,
Kepler-110 c,1,Transit,2014,Published Confirmed,0,31.719775,0.198,,
Kepler-111 b,1,Transit,2014,Published Confirmed,0,3.341815,0.046,,
Kepler-111 c,1,Transit,2014,Published Confirmed,0,224.77833,0.751,222.4798849,0.7
Kepler-112 b,1,Transit,2014,Published Confirmed,0,8.408878,0.076,,
Kepler-112 c,1,Transit,2014,Published Confirmed,0,28.574263,0.172,,
Kepler-114 b,1,Transit,2014,Published Confirmed,0,5.188549,0.053,,
Kepler-115 b,1,Transit,2014,Published Confirmed,0,2.403679,0.036,,
Kepler-115 c,1,Transit,2014,Published Confirmed,0,8.990889,0.087,,
Kepler-116 b,1,Transit,2014,Published Confirmed,0,5.968734,0.069,,
Kepler-116 c,1,Transit,2014,Published Confirmed,0,13.07163,0.116,,
Kepler-117 b,1,Transit,2014,Published Confirmed,0,18.7959228,0.1445,29.875,0.094
Kepler-117 c,1,Transit,2014,Published Confirmed,0,50.790391,0.2804,584.78,1.84
Kepler-118 b,1,Transit,2014,Published Confirmed,0,7.518496,0.073,,
Kepler-118 c,1,Transit,2014,Published Confirmed,0,20.17202,0.141,,
Kepler-119 b,1,Transit,2014,Published Confirmed,0,2.422082,0.035,,
Kepler-119 c,1,Transit,2014,Published Confirmed,0,4.125103,0.049,,
Kepler-12 b,1,Transit,2011,Published Confirmed,0,4.4379629,0.0553,137.30256,0.432
Kepler-120 b,1,Transit,2014,Published Confirmed,0,6.312501,0.055,,
Kepler-120 c,1,Transit,2014,Published Confirmed,0,12.794585,0.088,,
Kepler-121 b,1,Transit,2014,Published Confirmed,0,3.177422,0.039,,
Kepler-121 c,1,Transit,2014,Published Confirmed,0,41.008011,0.216,,
Kepler-122 b,1,Transit,2014,Published Confirmed,0,5.766193,0.064,,
Kepler-122 c,1,Transit,2014,Published Confirmed,0,12.465988,0.108,,
Kepler-122 d,1,Transit,2014,Published Confirmed,0,21.587475,0.155,,
Kepler-122 e,1,Transit,2014,Published Confirmed,0,37.993273,0.227,,
Kepler-123 b,1,Transit,2014,Published Confirmed,0,17.232366,0.135,,
Kepler-123 c,1,Transit,2014,Published Confirmed,0,26.695074,0.181,,
Kepler-124 b,1,Transit,2014,Published Confirmed,0,3.410493,0.039,,
Kepler-124 c,1,Transit,2014,Published Confirmed,0,13.821375,0.1,,
Kepler-124 d,1,Transit,2014,Published Confirmed,0,30.950851,0.17,,
Kepler-125 b,1,Transit,2014,Published Confirmed,0,4.164389,0.041,,
Kepler-125 c,1,Transit,2014,Published Confirmed,0,5.774464,0.051,,
Kepler-126 b,1,Transit,2014,Published Confirmed,0,10.495711,0.099,,
Kepler-126 c,1,Transit,2014,Published Confirmed,0,21.869741,0.162,,
Kepler-126 d,1,Transit,2014,Published Confirmed,0,100.283134,0.448,,
Kepler-127 b,1,Transit,2014,Published Confirmed,0,14.435889,0.125,,
Kepler-127 c,1,Transit,2014,Published Confirmed,0,29.393195,0.2,,
Kepler-127 d,1,Transit,2014,Published Confirmed,0,48.630408,0.28,,
Kepler-129 b,1,Transit,2014,Published Confirmed,0,15.79,0.13,20.0,0.06292704
Kepler-129 c,1,Transit,2014,Published Confirmed,0,82.2,0.39,43.0,0.13529313
Kepler-129 d,1,Radial Velocity,2021,Published Confirmed,0,2646.0,4.0,2637.9757781,8.3
Kepler-130 b,1,Transit,2014,Published Confirmed,0,8.457458,0.079,,
Kepler-130 c,1,Transit,2014,Published Confirmed,0,27.50868,0.178,,
Kepler-130 d,1,Transit,2014,Published Confirmed,0,87.517905,0.377,,
Kepler-132 b,1,Transit,2014,Published Confirmed,0,6.178196,0.067,,
Kepler-132 c,1,Transit,2014,Published Confirmed,0,6.414914,0.068,,
Kepler-132 d,1,Transit,2014,Published Confirmed,0,18.010199,0.136,,
Kepler-133 b,1,Transit,2014,Published Confirmed,0,8.129976,0.083,,
Kepler-133 c,1,Transit,2014,Published Confirmed,0,31.517586,0.204,,
Kepler-134 b,1,Transit,2014,Published Confirmed,0,5.317429,0.06,,
Kepler-134 c,1,Transit,2014,Published Confirmed,0,10.105785,0.092,,
Kepler-135 b,1,Transit,2014,Published Confirmed,0,6.00253,0.067,,
Kepler-135 c,1,Transit,2014,Published Confirmed,0,11.448708,0.103,,
Kepler-136 b,1,Transit,2014,Published Confirmed,0,11.5789,0.106,,
Kepler-136 c,1,Transit,2014,Published Confirmed,0,16.399235,0.133,,
Kepler-137 b,1,Transit,2014,Published Confirmed,0,8.436387,0.077,,
Kepler-137 c,1,Transit,2014,Published Confirmed,0,18.735753,0.13,,
Kepler-138 b,1,Transit,2014,Published Confirmed,0,10.3134,0.0753,0.07,0.00022024
Kepler-138 c,1,Transit,2014,Published Confirmed,0,13.7815,0.0913,2.3,0.00723661
Kepler-138 d,1,Transit,2014,Published Confirmed,0,23.0923,0.1288,2.1,0.00660734
Kepler-138 e,1,Transit Timing Variations,2022,Published Confirmed,0,38.23,0.1803,0.43,0.00135293
Kepler-139 b,1,Transit,2014,Published Confirmed,0,15.771044,0.127,,
Kepler-139 c,1,Transit,2014,Published Confirmed,0,157.072878,0.586,,
Kepler-139 d,1,Transit,2023,Published Confirmed,0,7.305699922,0.0755533961,4.65807623,0.01465595
Kepler-139 e,1,Radial Velocity,2023,Published Confirmed,0,2047.635373,3.23579639,426.1158152,1.34071029
Kepler-140 b,1,Transit,2014,Published Confirmed,0,3.25427,0.045,,
Kepler-140 c,1,Transit,2014,Published Confirmed,0,91.353282,0.414,,
Kepler-141 b,1,Transit,2014,Published Confirmed,0,3.107675,0.039,,
Kepler-141 c,1,Transit,2014,Published Confirmed,0,7.010606,0.067,,
Kepler-142 b,1,Transit,2014,Published Confirmed,0,2.024152,0.032,,
Kepler-142 c,1,Transit,2014,Published Confirmed,0,4.761702,0.057,,
Kepler-142 d,1,Transit,2014,Published Confirmed,0,41.809118,0.242,,
Kepler-143 b,1,Transit,2014,Published Confirmed,0,16.007583,0.127,,
Kepler-143 c,1,Transit,2014,Published Confirmed,0,27.082511,0.181,,
Kepler-144 b,1,Transit,2014,Published Confirmed,0,5.885273,0.066,,
Kepler-144 c,1,Transit,2014,Published Confirmed,0,10.104665,0.094,,
Kepler-146 b,1,Transit,2014,Published Confirmed,0,31.158799,0.2,,
Kepler-146 c,1,Transit,2014,Published Confirmed,0,76.732171,0.364,,
Kepler-147 b,1,Transit,2014,Published Confirmed,0,12.610584,0.113,,
Kepler-147 c,1,Transit,2014,Published Confirmed,0,33.416423,0.216,,
Kepler-148 b,1,Transit,2014,Published Confirmed,0,1.729366,0.028,,
Kepler-148 c,1,Transit,2014,Published Confirmed,0,4.180043,0.05,,
Kepler-149 b,1,Transit,2014,Published Confirmed,0,29.198943,0.184,,
Kepler-149 c,1,Transit,2014,Published Confirmed,0,55.328328,0.281,,
Kepler-149 d,1,Transit,2014,Published Confirmed,0,160.018032,0.571,,
Kepler-15 b,1,Transit,2011,Published Confirmed,0,4.942782,0.05714,209.76,0.66
Kepler-150 b,1,Transit,2014,Published Confirmed,0,3.428054,0.044,,
Kepler-150 c,1,Transit,2014,Published Confirmed,0,7.381998,0.073,,
Kepler-150 d,1,Transit,2014,Published Confirmed,0,12.56093,0.104,,
Kepler-150 e,1,Transit,2014,Published Confirmed,0,30.826557,0.189,,
Kepler-150 f,1,Transit,2017,Published Confirmed,0,637.2093,1.24,,
Kepler-151 b,1,Transit,2014,Published Confirmed,0,15.228958,0.116,,
Kepler-151 c,1,Transit,2014,Published Confirmed,0,24.674612,0.16,,
Kepler-1514 b,1,Transit,2016,Published Confirmed,0,217.83184,0.753,1678.1424,5.28
Kepler-1514 c,1,Transit,2020,Published Confirmed,0,10.514181,0.0997,,
Kepler-152 b,1,Transit,2014,Published Confirmed,0,18.207973,0.124,,
Kepler-152 c,1,Transit,2014,Published Confirmed,0,88.255055,0.356,,
Kepler-153 b,1,Transit,2014,Published Confirmed,0,18.870227,0.129,,
Kepler-153 c,1,Transit,2014,Published Confirmed,0,46.90232,0.237,,
Kepler-154 b,1,Transit,2014,Published Confirmed,0,33.040532,0.198,,
Kepler-154 c,1,Transit,2014,Published Confirmed,0,62.303276,0.303,,
Kepler-155 b,1,Transit,2014,Published Confirmed,0,5.931194,0.056,,
Kepler-155 c,1,Transit,2014,Published Confirmed,0,52.661793,0.242,,
Kepler-156 b,1,Transit,2014,Published Confirmed,0,4.973456,0.054,,
Kepler-156 c,1,Transit,2014,Published Confirmed,0,15.906801,0.117,,
Kepler-157 b,1,Transit,2014,Published Confirmed,0,1.732342,0.028,,
Kepler-157 c,1,Transit,2014,Published Confirmed,0,13.5405,0.11,,
Kepler-158 b,1,Transit,2014,Published Confirmed,0,16.709184,0.111,,
Kepler-158 c,1,Transit,2014,Published Confirmed,0,28.551383,0.158,,
Kepler-159 b,1,Transit,2014,Published Confirmed,0,10.139623,0.082,,
Kepler-159 c,1,Transit,2014,Published Confirmed,0,43.595792,0.218,,
Kepler-16 b,1,Transit,2011,Published Confirmed,0,228.776,0.7048,105.833,0.333
Kepler-160 b,1,Transit,2014,Published Confirmed,0,4.309397,0.05511,,
Kepler-160 c,1,Transit,2014,Published Confirmed,0,13.699429,0.1192,,
Kepler-160 d,1,Transit Timing Variations,2020,Published Confirmed,0,30.0,0.17,100.0,0.31463361
Kepler-161 b,1,Transit,2014,Published Confirmed,0,4.921355,0.054,,
Kepler-161 c,1,Transit,2014,Published Confirmed,0,7.06424,0.068,,
Kepler-162 b,1,Transit,2014,Published Confirmed,0,6.919798,0.069,,
Kepler-162 c,1,Transit,2014,Published Confirmed,0,19.446355,0.137,,
Kepler-163 b,1,Transit,2014,Published Confirmed,0,7.810937,0.078,,
Kepler-163 c,1,Transit,2014,Published Confirmed,0,21.347262,0.152,,
Kepler-164 b,1,Transit,2014,Published Confirmed,0,5.03503,0.058,,
Kepler-164 c,1,Transit,2014,Published Confirmed,0,10.945723,0.097,,
Kepler-164 d,1,Transit,2014,Published Confirmed,0,28.986769,0.187,,
Kepler-1647 b,1,Transit,2016,Published Confirmed,0,1107.5923,2.7205,483.0,1.51968033
Kepler-165 b,1,Transit,2014,Published Confirmed,0,8.180848,0.072,,
Kepler-165 c,1,Transit,2014,Published Confirmed,0,15.31299,0.11,,
Kepler-1652 b,1,Transit,2017,Published Confirmed,0,38.09722,0.1654,,
Kepler-1653 b,1,Transit,2017,Published Confirmed,0,140.2524,0.4706,,
Kepler-1654 b,1,Transit,2018,Published Confirmed,0,1047.8356,2.026,158.915,0.5
Kepler-1655 b,1,Transit,2018,Published Confirmed,0,11.8728787,0.1029,5.4,0.0169903
Kepler-1656 b,1,Transit,2018,Published Confirmed,0,31.562,0.1974,47.8,0.15
Kepler-1656 c,1,Radial Velocity,2022,Published Confirmed,0,1919.0,3.053,126.4,0.4
Kepler-166 b,1,Transit,2014,Published Confirmed,0,7.650254,0.072,,
Kepler-166 c,1,Transit,2014,Published Confirmed,0,34.260281,0.195,,
Kepler-1661 b,1,Transit,2020,Published Confirmed,0,175.06,0.633,17.0,0.05348771
Kepler-167 b,1,Transit,2014,Published Confirmed,0,4.3931539,0.04825,,
Kepler-167 c,1,Transit,2014,Published Confirmed,0,7.406106,0.0684,,
Kepler-167 d,1,Transit,2016,Published Confirmed,0,21.80379,0.1404,,
Kepler-167 e,1,Transit,2016,Published Confirmed,0,1071.23205,1.883,321.00669107,1.01
Kepler-168 b,1,Transit,2014,Published Confirmed,0,4.425391,0.056,,
Kepler-168 c,1,Transit,2014,Published Confirmed,0,13.193242,0.116,,
Kepler-169 b,1,Transit,2014,Published Confirmed,0,3.250619,0.04,,
Kepler-169 c,1,Transit,2014,Published Confirmed,0,6.195469,0.062,,
Kepler-169 d,1,Transit,2014,Published Confirmed,0,8.348125,0.075,,
Kepler-169 e,1,Transit,2014,Published Confirmed,0,13.767102,0.105,,
Kepler-169 f,1,Transit,2014,Published Confirmed,0,87.090195,0.359,,
Kepler-17 b,1,Transit,2011,Published Confirmed,0,1.4857108,0.02591,778.65,2.45
Kepler-170 b,1,Transit,2014,Published Confirmed,0,7.930592,0.08,,
Kepler-170 c,1,Transit,2014,Published Confirmed,0,16.665863,0.131,,
Kepler-1704 b,1,Transit,2021,Published Confirmed,0,988.88112,2.027,1322.16617312,4.16
Kepler-1708 b,1,Transit,2021,Published Confirmed,0,737.1131,1.64,1462.0106722,4.6
Kepler-171 b,1,Transit,2014,Published Confirmed,0,4.166972,0.05,,
Kepler-171 c,1,Transit,2014,Published Confirmed,0,11.463462,0.098,,
Kepler-171 d,1,Transit,2014,Published Confirmed,0,39.595519,0.223,,
Kepler-172 b,1,Transit,2014,Published Confirmed,0,2.940309,0.04,,
Kepler-172 c,1,Transit,2014,Published Confirmed,0,6.388996,0.068,,
Kepler-172 d,1,Transit,2014,Published Confirmed,0,14.627119,0.118,,
Kepler-172 e,1,Transit,2014,Published Confirmed,0,35.118736,0.211,,
Kepler-173 b,1,Transit,2014,Published Confirmed,0,4.263742,0.048,,
Kepler-173 c,1,Transit,2014,Published Confirmed,0,8.005777,0.074,,
Kepler-174 b,1,Transit,2014,Published Confirmed,0,13.98179,0.1,,
Kepler-174 c,1,Transit,2014,Published Confirmed,0,44.000529,0.214,,
Kepler-174 d,1,Transit,2014,Published Confirmed,0,247.35373,0.677,,
Kepler-175 b,1,Transit,2014,Published Confirmed,0,11.903515,0.105,,
Kepler-175 c,1,Transit,2014,Published Confirmed,0,34.035257,0.213,,
Kepler-176 b,1,Transit,2014,Published Confirmed,0,5.433074,0.058,,
Kepler-176 c,1,Transit,2014,Published Confirmed,0,12.759712,0.102,,
Kepler-176 d,1,Transit,2014,Published Confirmed,0,25.751974,0.163,,
Kepler-178 b,1,Transit,2014,Published Confirmed,0,9.576694,0.085,,
Kepler-178 c,1,Transit,2014,Published Confirmed,0,20.552802,0.142,,
Kepler-178 d,1,Transit,2014,Published Confirmed,0,96.678988,0.397,,
Kepler-179 b,1,Transit,2014,Published Confirmed,0,2.735926,0.036,,
Kepler-179 c,1,Transit,2014,Published Confirmed,0,6.40013,0.064,,
Kepler-18 b,1,Transit,2011,Published Confirmed,0,3.504725,0.0447,6.9,0.022
Kepler-18 c,1,Transit,2011,Published Confirmed,0,7.64159,0.0752,17.3,0.054
Kepler-18 d,1,Transit,2011,Published Confirmed,0,14.85888,0.1172,16.4,0.052
Kepler-180 b,1,Transit,2014,Published Confirmed,0,13.817124,0.109,,
Kepler-180 c,1,Transit,2014,Published Confirmed,0,41.885775,0.229,,
Kepler-181 b,1,Transit,2014,Published Confirmed,0,3.137873,0.04,,
Kepler-181 c,1,Transit,2014,Published Confirmed,0,4.302149,0.049,,
Kepler-182 b,1,Transit,2014,Published Confirmed,0,9.825792,0.096,,
Kepler-182 c,1,Transit,2014,Published Confirmed,0,20.684342,0.157,,
Kepler-183 b,1,Transit,2014,Published Confirmed,0,5.687945,0.064,,
Kepler-183 c,1,Transit,2014,Published Confirmed,0,11.637071,0.103,,
Kepler-184 b,1,Transit,2014,Published Confirmed,0,10.687576,0.092,,
Kepler-184 c,1,Transit,2014,Published Confirmed,0,20.303005,0.141,,
Kepler-184 d,1,Transit,2014,Published Confirmed,0,29.022358,0.179,,
Kepler-185 b,1,Transit,2014,Published Confirmed,0,1.6329,0.026,,
Kepler-185 c,1,Transit,2014,Published Confirmed,0,20.729042,0.139,,
Kepler-186 b,1,Transit,2014,Published Confirmed,0,3.8867907,0.0343,,
Kepler-186 c,1,Transit,2014,Published Confirmed,0,7.267302,0.0451,,
Kepler-186 d,1,Transit,2014,Published Confirmed,0,13.342996,0.0781,,
Kepler-186 e,1,Transit,2014,Published Confirmed,0,22.407704,0.11,,
Kepler-186 f,1,Transit,2014,Published Confirmed,1,129.9441,0.432,,
Kepler-187 b,1,Transit,2014,Published Confirmed,0,4.938864,0.059,,
Kepler-187 c,1,Transit,2014,Published Confirmed,0,10.640263,0.099,,
Kepler-1876 b,1,Transit,2021,Published Confirmed,0,6.99205,0.0758,2.4,0.00755124
Kepler-188 b,1,Transit,2014,Published Confirmed,0,2.061897,0.032,,
Kepler-188 c,1,Transit,2014,Published Confirmed,0,5.996553,0.066,,
Kepler-189 b,1,Transit,2014,Published Confirmed,0,10.399931,0.088,,
Kepler-189 c,1,Transit,2014,Published Confirmed,0,20.134866,0.137,,
Kepler-19 b,1,Transit,2011,Published Confirmed,0,9.28699,0.0846,6.1,0.01919275
Kepler-190 b,1,Transit,2014,Published Confirmed,0,2.019999,0.03,,
Kepler-190 c,1,Transit,2014,Published Confirmed,0,3.763024,0.045,,
Kepler-191 b,1,Transit,2014,Published Confirmed,0,9.939632,0.087,,
Kepler-191 c,1,Transit,2014,Published Confirmed,0,17.738506,0.128,,
Kepler-192 b,1,Transit,2014,Published Confirmed,0,9.926746,0.09,,
Kepler-192 c,1,Transit,2014,Published Confirmed,0,21.2234,0.15,,
Kepler-1928 b,1,Transit,2021,Published Confirmed,0,19.57783,0.194,,
Kepler-193 b,1,Transit,2014,Published Confirmed,0,11.38848,0.106,,
Kepler-193 c,1,Transit,2014,Published Confirmed,0,50.697494,0.286,,
Kepler-194 b,1,Transit,2014,Published Confirmed,0,2.092281,0.032,,
Kepler-194 c,1,Transit,2014,Published Confirmed,0,17.308032,0.131,,
Kepler-194 d,1,Transit,2014,Published Confirmed,0,52.814973,0.275,,
Kepler-195 b,1,Transit,2014,Published Confirmed,0,8.307872,0.077,,
Kepler-195 c,1,Transit,2014,Published Confirmed,0,34.096863,0.197,,
Kepler-196 b,1,Transit,2014,Published Confirmed,0,20.739886,0.138,,
Kepler-196 c,1,Transit,2014,Published Confirmed,0,47.427737,0.24,,
Kepler-197 b,1,Transit,2014,Published Confirmed,0,5.599308,0.06,,
Kepler-197 c,1,Transit,2014,Published Confirmed,0,10.349695,0.09,,
Kepler-197 d,1,Transit,2014,Published Confirmed,0,15.677563,0.119,,
Kepler-197 e,1,Transit,2014,Published Confirmed,0,25.209715,0.164,,
Kepler-198 b,1,Transit,2014,Published Confirmed,0,17.790037,0.131,,
Kepler-198 c,1,Transit,2014,Published Confirmed,0,49.567416,0.259,,
Kepler-199 b,1,Transit,2014,Published Confirmed,0,23.637604,0.158,,
Kepler-199 c,1,Transit,2014,Published Confirmed,0,67.093408,0.316,,
Kepler-20 b,1,Transit,2011,Published Confirmed,0,3.6961049,0.04565,9.7,0.03051961
Kepler-20 c,1,Transit,2011,Published Confirmed,0,10.8540774,0.0936,11.1,0.03492451
Kepler-20 d,1,Transit,2011,Published Confirmed,0,77.611455,0.3474,13.4,0.04216111
Kepler-20 e,1,Transit,2011,Published Confirmed,0,6.0984882,0.0637,0.76,0.00239123
Kepler-20 f,1,Transit,2011,Published Confirmed,0,19.578328,0.1387,1.4,0.00440489
Kepler-20 g,1,Radial Velocity,2016,Published Confirmed,0,34.94,0.2055,19.96,0.06280087
Kepler-200 b,1,Transit,2014,Published Confirmed,0,8.594805,0.08,,
Kepler-200 c,1,Transit,2014,Published Confirmed,0,10.222157,0.09,,
Kepler-201 b,1,Transit,2014,Published Confirmed,0,25.672083,0.175,,
Kepler-201 c,1,Transit,2014,Published Confirmed,0,151.884058,0.573,,
Kepler-202 b,1,Transit,2014,Published Confirmed,0,4.069427,0.045,,
Kepler-202 c,1,Transit,2014,Published Confirmed,0,16.282493,0.113,,
Kepler-203 b,1,Transit,2014,Published Confirmed,0,3.162697,0.043,,
Kepler-203 c,1,Transit,2014,Published Confirmed,0,5.370647,0.061,,
Kepler-203 d,1,Transit,2014,Published Confirmed,0,11.32972,0.1,,
Kepler-204 b,1,Transit,2014,Published Confirmed,0,14.400974,0.117,,
Kepler-204 c,1,Transit,2014,Published Confirmed,0,25.660593,0.173,,
Kepler-205 b,1,Transit,2014,Published Confirmed,0,2.75564,0.032,,
Kepler-205 c,1,Transit,2014,Published Confirmed,0,20.306546,0.122,,
Kepler-206 b,1,Transit,2014,Published Confirmed,0,7.781987,0.078,,
Kepler-206 c,1,Transit,2014,Published Confirmed,0,13.137471,0.111,,
Kepler-206 d,1,Transit,2014,Published Confirmed,0,23.44281,0.163,,
Kepler-207 b,1,Transit,2014,Published Confirmed,0,1.611865,0.029,,
Kepler-207 c,1,Transit,2014,Published Confirmed,0,3.071571,0.044,,
Kepler-207 d,1,Transit,2014,Published Confirmed,0,5.868075,0.068,,
Kepler-208 b,1,Transit,2014,Published Confirmed,0,4.22864,0.054,,
Kepler-208 c,1,Transit,2014,Published Confirmed,0,7.466623,0.079,,
Kepler-208 d,1,Transit,2014,Published Confirmed,0,11.131786,0.103,,
Kepler-208 e,1,Transit,2014,Published Confirmed,0,16.259458,0.132,,
Kepler-209 b,1,Transit,2014,Published Confirmed,0,16.087845,0.122,,
Kepler-209 c,1,Transit,2014,Published Confirmed,0,41.749882,0.231,,
Kepler-21 b,1,Transit,2012,Published Confirmed,0,2.7858212,0.0434,7.5,0.02359764
Kepler-210 b,1,Transit,2014,Published Confirmed,0,2.453234,0.032,,
Kepler-210 c,1,Transit,2014,Published Confirmed,0,7.972513,0.07,,
Kepler-211 b,1,Transit,2014,Published Confirmed,0,4.138575,0.048,,
Kepler-211 c,1,Transit,2014,Published Confirmed,0,6.04045,0.062,,
Kepler-212 b,1,Transit,2014,Published Confirmed,0,16.257582,0.133,,
Kepler-212 c,1,Transit,2014,Published Confirmed,0,31.805174,0.207,,
Kepler-213 b,1,Transit,2014,Published Confirmed,0,2.46236,0.036,,
Kepler-213 c,1,Transit,2014,Published Confirmed,0,4.822962,0.057,,
Kepler-214 b,1,Transit,2014,Published Confirmed,0,15.660544,0.13,,
Kepler-214 c,1,Transit,2014,Published Confirmed,0,28.7798,0.194,,
Kepler-215 b,1,Transit,2014,Published Confirmed,0,9.360672,0.084,,
Kepler-215 c,1,Transit,2014,Published Confirmed,0,14.667108,0.113,,
Kepler-215 d,1,Transit,2014,Published Confirmed,0,30.864423,0.185,,
Kepler-215 e,1,Transit,2014,Published Confirmed,0,68.16101,0.314,,
Kepler-216 b,1,Transit,2014,Published Confirmed,0,7.693641,0.079,,
Kepler-216 c,1,Transit,2014,Published Confirmed,0,17.406669,0.136,,
Kepler-217 b,1,Transit,2014,Published Confirmed,0,5.374943,0.065,,
Kepler-217 c,1,Transit,2014,Published Confirmed,0,8.586004,0.089,,
Kepler-218 b,1,Transit,2014,Published Confirmed,0,3.619337,0.046,,
Kepler-218 c,1,Transit,2014,Published Confirmed,0,44.699576,0.248,,
Kepler-219 b,1,Transit,2014,Published Confirmed,0,4.585512,0.057,,
Kepler-219 c,1,Transit,2014,Published Confirmed,0,22.714613,0.165,,
Kepler-219 d,1,Transit,2014,Published Confirmed,0,47.903645,0.272,,
Kepler-22 b,1,Transit,2011,Published Confirmed,0,289.863876,0.812,9.1,0.0286318
Kepler-220 b,1,Transit,2014,Published Confirmed,0,4.159807,0.046,,
Kepler-220 c,1,Transit,2014,Published Confirmed,0,9.034199,0.076,,
Kepler-220 d,1,Transit,2014,Published Confirmed,0,28.122397,0.163,,
Kepler-220 e,1,Transit,2014,Published Confirmed,0,45.902733,0.226,,
Kepler-221 b,1,Transit,2014,Published Confirmed,0,2.795906,0.037,,
Kepler-221 c,1,Transit,2014,Published Confirmed,0,5.690586,0.059,,
Kepler-221 d,1,Transit,2014,Published Confirmed,0,10.04156,0.087,,
Kepler-221 e,1,Transit,2014,Published Confirmed,0,18.369917,0.13,,
Kepler-222 b,1,Transit,2014,Published Confirmed,0,3.936981,0.048,,
Kepler-222 c,1,Transit,2014,Published Confirmed,0,10.08881,0.091,,
Kepler-222 d,1,Transit,2014,Published Confirmed,0,28.081912,0.18,,
Kepler-224 b,1,Transit,2014,Published Confirmed,0,3.132924,0.038,,
Kepler-224 c,1,Transit,2014,Published Confirmed,0,5.925003,0.058,,
Kepler-224 d,1,Transit,2014,Published Confirmed,0,11.349393,0.089,,
Kepler-224 e,1,Transit,2014,Published Confirmed,0,18.643577,0.124,,
Kepler-225 b,1,Transit,2014,Published Confirmed,0,6.738975,0.056,,
Kepler-225 c,1,Transit,2014,Published Confirmed,0,18.794234,0.111,,
Kepler-226 b,1,Transit,2014,Published Confirmed,0,3.940997,0.047,,
Kepler-226 c,1,Transit,2014,Published Confirmed,0,5.349555,0.058,,
Kepler-226 d,1,Transit,2014,Published Confirmed,0,8.109044,0.076,,
Kepler-227 b,1,Transit,2014,Published Confirmed,0,9.488015,0.09,,
Kepler-227 c,1,Transit,2014,Published Confirmed,0,54.418694,0.29,,
Kepler-228 b,1,Transit,2014,Published Confirmed,0,2.566546,0.038,,
Kepler-228 c,1,Transit,2014,Published Confirmed,0,4.134444,0.052,,
Kepler-228 d,1,Transit,2014,Published Confirmed,0,11.094286,0.101,,
Kepler-229 b,1,Transit,2014,Published Confirmed,0,6.252972,0.062,,
Kepler-229 c,1,Transit,2014,Published Confirmed,0,16.068638,0.117,,
Kepler-229 d,1,Transit,2014,Published Confirmed,0,41.194912,0.22,,
Kepler-230 b,1,Transit,2014,Published Confirmed,0,32.625555,0.191,,
Kepler-230 c,1,Transit,2014,Published Confirmed,0,91.773242,0.38,,
Kepler-231 b,1,Transit,2014,Published Confirmed,0,10.065275,0.074,,
Kepler-231 c,1,Transit,2014,Published Confirmed,0,19.271566,0.114,,
Kepler-232 b,1,Transit,2014,Published Confirmed,0,4.431222,0.054,,
Kepler-232 c,1,Transit,2014,Published Confirmed,0,11.379349,0.101,,
Kepler-233 b,1,Transit,2014,Published Confirmed,0,8.472382,0.077,,
Kepler-233 c,1,Transit,2014,Published Confirmed,0,60.418955,0.287,,
Kepler-234 b,1,Transit,2014,Published Confirmed,0,2.711506,0.04,,
Kepler-234 c,1,Transit,2014,Published Confirmed,0,7.21205,0.077,,
Kepler-235 b,1,Transit,2014,Published Confirmed,0,3.340222,0.037,,
Kepler-235 c,1,Transit,2014,Published Confirmed,0,7.824904,0.065,,
Kepler-235 d,1,Transit,2014,Published Confirmed,0,20.060548,0.122,,
Kepler-235 e,1,Transit,2014,Published Confirmed,0,46.183669,0.213,,
Kepler-236 b,1,Transit,2014,Published Confirmed,0,8.295611,0.065,,
Kepler-236 c,1,Transit,2014,Published Confirmed,0,23.968127,0.132,,
Kepler-237 b,1,Transit,2014,Published Confirmed,0,4.715106,0.05,,
Kepler-237 c,1,Transit,2014,Published Confirmed,0,8.103636,0.071,,
Kepler-238 b,1,Transit,2014,Published Confirmed,0,2.090876,0.034,,
Kepler-238 c,1,Transit,2014,Published Confirmed,0,6.155557,0.069,,
Kepler-238 d,1,Transit,2014,Published Confirmed,0,13.233549,0.115,,
Kepler-239 b,1,Transit,2014,Published Confirmed,0,11.763051,0.095,,
Kepler-239 c,1,Transit,2014,Published Confirmed,0,56.228098,0.268,,
Kepler-24 d,1,Transit,2014,Published Confirmed,0,4.244384,0.051,,
Kepler-24 e,1,Transit,2014,Published Confirmed,0,18.998355,0.138,,
Kepler-240 b,1,Transit,2014,Published Confirmed,0,4.144495,0.048,,
Kepler-240 c,1,Transit,2014,Published Confirmed,0,7.953528,0.074,,
Kepler-241 b,1,Transit,2014,Published Confirmed,0,12.718092,0.094,,
Kepler-241 c,1,Transit,2014,Published Confirmed,0,36.065978,0.189,,
Kepler-242 b,1,Transit,2014,Published Confirmed,0,8.20395,0.075,,
Kepler-242 c,1,Transit,2014,Published Confirmed,0,14.496481,0.109,,
Kepler-243 b,1,Transit,2014,Published Confirmed,0,5.715442,0.062,,
Kepler-243 c,1,Transit,2014,Published Confirmed,0,20.026218,0.142,,
Kepler-244 b,1,Transit,2014,Published Confirmed,0,4.311792,0.05,,
Kepler-244 c,1,Transit,2014,Published Confirmed,0,9.767292,0.087,,
Kepler-244 d,1,Transit,2014,Published Confirmed,0,20.050401,0.14,,
Kepler-245 b,1,Transit,2014,Published Confirmed,0,7.49019,0.071,,
Kepler-245 c,1,Transit,2014,Published Confirmed,0,17.460812,0.124,,
Kepler-245 d,1,Transit,2014,Published Confirmed,0,36.277108,0.202,,
Kepler-246 b,1,Transit,2014,Published Confirmed,0,4.60182,0.052,,
Kepler-246 c,1,Transit,2014,Published Confirmed,0,11.187161,0.095,,
Kepler-247 b,1,Transit,2014,Published Confirmed,0,3.33616,0.042,,
Kepler-247 c,1,Transit,2014,Published Confirmed,0,9.439452,0.084,,
Kepler-247 d,1,Transit,2014,Published Confirmed,0,20.477912,0.14,,
Kepler-248 b,1,Transit,2014,Published Confirmed,0,6.308205,0.066,,
Kepler-248 c,1,Transit,2014,Published Confirmed,0,16.239494,0.123,,
Kepler-249 b,1,Transit,2014,Published Confirmed,0,3.306539,0.035,,
Kepler-249 c,1,Transit,2014,Published Confirmed,0,7.113702,0.058,,
Kepler-249 d,1,Transit,2014,Published Confirmed,0,15.368459,0.097,,
Kepler-250 b,1,Transit,2014,Published Confirmed,0,4.148141,0.048,,
Kepler-250 c,1,Transit,2014,Published Confirmed,0,7.156804,0.069,,
Kepler-250 d,1,Transit,2014,Published Confirmed,0,17.648312,0.127,,
Kepler-251 b,1,Transit,2014,Published Confirmed,0,4.790936,0.053,,
Kepler-251 c,1,Transit,2014,Published Confirmed,0,16.514043,0.122,,
Kepler-251 d,1,Transit,2014,Published Confirmed,0,30.133001,0.182,,
Kepler-251 e,1,Transit,2014,Published Confirmed,0,99.640161,0.404,,
Kepler-252 b,1,Transit,2014,Published Confirmed,0,6.668391,0.058,,
Kepler-252 c,1,Transit,2014,Published Confirmed,0,10.848463,0.08,,
Kepler-253 b,1,Transit,2014,Published Confirmed,0,3.783986,0.046,,
Kepler-253 c,1,Transit,2014,Published Confirmed,0,10.281951,0.089,,
Kepler-253 d,1,Transit,2014,Published Confirmed,0,18.119869,0.13,,
Kepler-254 b,1,Transit,2014,Published Confirmed,0,5.826662,0.064,,
Kepler-254 c,1,Transit,2014,Published Confirmed,0,12.412183,0.105,,
Kepler-254 d,1,Transit,2014,Published Confirmed,0,18.746477,0.139,,
Kepler-255 b,1,Transit,2014,Published Confirmed,0,5.714606,0.063,,
Kepler-255 c,1,Transit,2014,Published Confirmed,0,9.946047,0.092,,
Kepler-256 b,1,Transit,2014,Published Confirmed,0,1.620493,0.027,,
Kepler-256 c,1,Transit,2014,Published Confirmed,0,3.38802,0.045,,
Kepler-256 d,1,Transit,2014,Published Confirmed,0,5.839172,0.064,,
Kepler-256 e,1,Transit,2014,Published Confirmed,0,10.681572,0.096,,
Kepler-257 b,1,Transit,2014,Published Confirmed,0,2.382667,0.034,,
Kepler-257 c,1,Transit,2014,Published Confirmed,0,6.581484,0.066,,
Kepler-257 d,1,Transit,2014,Published Confirmed,0,24.664551,0.16,,
Kepler-258 b,1,Transit,2014,Published Confirmed,0,13.19722,0.103,,
Kepler-258 c,1,Transit,2014,Published Confirmed,0,33.653079,0.193,,
Kepler-259 b,1,Transit,2014,Published Confirmed,0,8.115317,0.079,,
Kepler-259 c,1,Transit,2014,Published Confirmed,0,36.924931,0.217,,
Kepler-26 d,1,Transit,2014,Published Confirmed,0,3.543919,0.039,,
Kepler-26 e,1,Transit,2014,Published Confirmed,0,46.827915,0.22,,
Kepler-260 b,1,Transit,2014,Published Confirmed,0,8.187399,0.075,,
Kepler-260 c,1,Transit,2014,Published Confirmed,0,76.050178,0.332,,
Kepler-261 b,1,Transit,2014,Published Confirmed,0,10.381227,0.088,,
Kepler-261 c,1,Transit,2014,Published Confirmed,0,24.570858,0.156,,
Kepler-262 b,1,Transit,2014,Published Confirmed,0,13.060855,0.108,,
Kepler-262 c,1,Transit,2014,Published Confirmed,0,21.853722,0.152,,
Kepler-263 b,1,Transit,2014,Published Confirmed,0,16.568087,0.12,,
Kepler-263 c,1,Transit,2014,Published Confirmed,0,47.332773,0.242,,
Kepler-264 b,1,Transit,2014,Published Confirmed,0,40.806231,0.249,,
Kepler-264 c,1,Transit,2014,Published Confirmed,0,140.101261,0.566,,
Kepler-265 b,1,Transit,2014,Published Confirmed,0,6.846262,0.069,,
Kepler-265 c,1,Transit,2014,Published Confirmed,0,17.028937,0.127,,
Kepler-265 d,1,Transit,2014,Published Confirmed,0,43.130617,0.236,,
Kepler-265 e,1,Transit,2014,Published Confirmed,0,67.831024,0.319,,
Kepler-266 b,1,Transit,2014,Published Confirmed,0,6.61833,0.071,,
Kepler-266 c,1,Transit,2014,Published Confirmed,0,107.723601,0.457,,
Kepler-267 b,1,Transit,2014,Published Confirmed,0,3.353728,0.037,,
Kepler-267 c,1,Transit,2014,Published Confirmed,0,6.87745,0.06,,
Kepler-267 d,1,Transit,2014,Published Confirmed,0,28.464515,0.154,,
Kepler-268 b,1,Transit,2014,Published Confirmed,0,25.934138,0.18,,
Kepler-268 c,1,Transit,2014,Published Confirmed,0,83.446393,0.391,,
Kepler-269 b,1,Transit,2014,Published Confirmed,0,5.326718,0.061,,
Kepler-269 c,1,Transit,2014,Published Confirmed,0,8.127899,0.081,,
Kepler-27 b,1,Transit,2011,Published Confirmed,0,15.3348,0.118,2895.31,9.11
Kepler-27 c,1,Transit,2011,Published Confirmed,0,31.3309,0.191,4385.87,13.8
Kepler-270 b,1,Transit,2014,Published Confirmed,0,11.476094,0.107,,
Kepler-270 c,1,Transit,2014,Published Confirmed,0,25.262887,0.18,,
Kepler-272 b,1,Transit,2014,Published Confirmed,0,2.971353,0.038,,
Kepler-272 c,1,Transit,2014,Published Confirmed,0,6.057342,0.061,,
Kepler-272 d,1,Transit,2014,Published Confirmed,0,10.937304,0.091,,
Kepler-273 b,1,Transit,2014,Published Confirmed,0,2.936532,0.037,,
Kepler-273 c,1,Transit,2014,Published Confirmed,0,8.014927,0.073,,
Kepler-274 b,1,Transit,2014,Published Confirmed,0,11.634788,0.101,,
Kepler-274 c,1,Transit,2014,Published Confirmed,0,33.197861,0.204,,
Kepler-275 b,1,Transit,2014,Published Confirmed,0,10.300682,0.098,,
Kepler-275 c,1,Transit,2014,Published Confirmed,0,16.088134,0.132,,
Kepler-275 d,1,Transit,2014,Published Confirmed,0,35.676062,0.224,,
Kepler-276 b,1,Transit,2014,Published Confirmed,0,14.12841,0.119,,
Kepler-278 b,1,Transit,2014,Published Confirmed,0,30.1556,0.202,56.0,0.1761957
Kepler-278 c,1,Transit,2014,Published Confirmed,0,51.111,0.287,34.9,0.10980768
Kepler-279 b,1,Transit,2014,Published Confirmed,0,12.309681,0.112,,
Kepler-280 b,1,Transit,2014,Published Confirmed,0,2.139542,0.032,,
Kepler-280 c,1,Transit,2014,Published Confirmed,0,4.807091,0.056,,
Kepler-281 b,1,Transit,2014,Published Confirmed,0,14.646008,0.117,,
Kepler-281 c,1,Transit,2014,Published Confirmed,0,36.337373,0.215,,
Kepler-282 b,1,Transit,2014,Published Confirmed,0,9.220524,0.082,,
Kepler-282 c,1,Transit,2014,Published Confirmed,0,13.638723,0.106,,
Kepler-283 b,1,Transit,2014,Published Confirmed,0,11.008151,0.082,,
Kepler-283 c,1,Transit,2014,Published Confirmed,0,92.743711,0.341,,
Kepler-284 b,1,Transit,2014,Published Confirmed,0,12.699149,0.104,,
Kepler-284 c,1,Transit,2014,Published Confirmed,0,37.514456,0.213,,
Kepler-285 b,1,Transit,2014,Published Confirmed,0,2.633867,0.036,,
Kepler-285 c,1,Transit,2014,Published Confirmed,0,6.186676,0.064,,
Kepler-286 b,1,Transit,2014,Published Confirmed,0,1.796302,0.027,,
Kepler-286 c,1,Transit,2014,Published Confirmed,0,3.468095,0.042,,
Kepler-286 d,1,Transit,2014,Published Confirmed,0,5.914323,0.061,,
Kepler-286 e,1,Transit,2014,Published Confirmed,0,29.221289,0.176,,
Kepler-287 b,1,Transit,2014,Published Confirmed,0,20.342199,0.145,,
Kepler-287 c,1,Transit,2014,Published Confirmed,0,44.851896,0.246,,
Kepler-288 b,1,Transit,2014,Published Confirmed,0,6.097326,0.065,,
Kepler-288 c,1,Transit,2014,Published Confirmed,0,19.305772,0.14,,
Kepler-288 d,1,Transit,2014,Published Confirmed,0,56.633742,0.287,,
Kepler-290 b,1,Transit,2014,Published Confirmed,0,14.589347,0.11,,
Kepler-290 c,1,Transit,2014,Published Confirmed,0,36.77031,0.205,,
Kepler-291 b,1,Transit,2014,Published Confirmed,0,3.546511,0.047,,
Kepler-291 c,1,Transit,2014,Published Confirmed,0,5.700786,0.065,,
Kepler-292 b,1,Transit,2014,Published Confirmed,0,2.580827,0.035,,
Kepler-292 c,1,Transit,2014,Published Confirmed,0,3.715335,0.045,,
Kepler-292 d,1,Transit,2014,Published Confirmed,0,7.055679,0.068,,
Kepler-292 e,1,Transit,2014,Published Confirmed,0,11.97901,0.097,,
Kepler-292 f,1,Transit,2014,Published Confirmed,0,20.834237,0.141,,
Kepler-293 b,1,Transit,2014,Published Confirmed,0,19.254196,0.144,,
Kepler-293 c,1,Transit,2014,Published Confirmed,0,54.155743,0.286,,
Kepler-294 b,1,Transit,2014,Published Confirmed,0,3.701212,0.048,,
Kepler-294 c,1,Transit,2014,Published Confirmed,0,6.6264,0.071,,
Kepler-295 b,1,Transit,2014,Published Confirmed,0,12.645164,0.099,,
Kepler-295 c,1,Transit,2014,Published Confirmed,0,21.526258,0.142,,
Kepler-295 d,1,Transit,2014,Published Confirmed,0,33.884054,0.192,,
Kepler-296 b,1,Transit,2014,Published Confirmed,0,10.864384,0.079,,
Kepler-296 c,1,Transit,2014,Published Confirmed,0,5.8416366,0.0521,,
Kepler-296 d,1,Transit,2014,Published Confirmed,0,19.850291,0.118,,
Kepler-296 e,1,Transit,2014,Published Confirmed,0,34.14211,0.169,,
Kepler-296 f,1,Transit,2014,Published Confirmed,0,63.33627,0.255,,
Kepler-297 b,1,Transit,2014,Published Confirmed,0,38.871826,0.217,,
Kepler-297 c,1,Transit,2014,Published Confirmed,0,74.920137,0.336,,
Kepler-298 b,1,Transit,2014,Published Confirmed,0,10.475464,0.08,,
Kepler-298 c,1,Transit,2014,Published Confirmed,0,22.92881,0.136,,
Kepler-298 d,1,Transit,2014,Published Confirmed,0,77.473633,0.305,,
Kepler-299 b,1,Transit,2014,Published Confirmed,0,2.927128,0.04,,
Kepler-299 c,1,Transit,2014,Published Confirmed,0,6.885875,0.07,,
Kepler-299 d,1,Transit,2014,Published Confirmed,0,15.054786,0.118,,
Kepler-299 e,1,Transit,2014,Published Confirmed,0,38.285489,0.22,,
Kepler-30 b,1,Transit,2012,Published Confirmed,0,29.33434,0.18,11.3,0.036
Kepler-30 c,1,Transit,2012,Published Confirmed,0,60.323105,0.3,640.0,2.01
Kepler-30 d,1,Transit,2012,Published Confirmed,0,143.34394,0.5,23.1,0.073
Kepler-300 b,1,Transit,2014,Published Confirmed,0,10.446347,0.094,,
Kepler-300 c,1,Transit,2014,Published Confirmed,0,40.714955,0.232,,
Kepler-301 b,1,Transit,2014,Published Confirmed,0,2.508553,0.036,,
Kepler-301 c,1,Transit,2014,Published Confirmed,0,5.419026,0.06,,
Kepler-301 d,1,Transit,2014,Published Confirmed,0,13.751243,0.112,,
Kepler-302 b,1,Transit,2014,Published Confirmed,0,30.184104,0.193,,
Kepler-302 c,1,Transit,2014,Published Confirmed,0,127.282184,0.503,,
Kepler-303 b,1,Transit,2014,Published Confirmed,0,1.937055,0.024,,
Kepler-303 c,1,Transit,2014,Published Confirmed,0,7.061149,0.057,,
Kepler-304 b,1,Transit,2014,Published Confirmed,0,3.295709,0.039,,
Kepler-304 c,1,Transit,2014,Published Confirmed,0,5.315946,0.054,,
Kepler-304 d,1,Transit,2014,Published Confirmed,0,9.653471,0.08,,
Kepler-306 b,1,Transit,2014,Published Confirmed,0,4.646186,0.05,,
Kepler-306 c,1,Transit,2014,Published Confirmed,0,7.240193,0.067,,
Kepler-306 d,1,Transit,2014,Published Confirmed,0,17.326644,0.12,,
Kepler-306 e,1,Transit,2014,Published Confirmed,0,44.840975,0.227,,
Kepler-308 b,1,Transit,2014,Published Confirmed,0,9.694928,0.09,,
Kepler-308 c,1,Transit,2014,Published Confirmed,0,15.38231,0.123,,
Kepler-309 b,1,Transit,2014,Published Confirmed,0,5.923653,0.059,,
Kepler-309 c,1,Transit,2014,Published Confirmed,0,105.356383,0.401,,
Kepler-31 b,1,Transit,2011,Published Confirmed,0,20.8613,0.16,,
Kepler-31 c,1,Transit,2011,Published Confirmed,0,42.6318,0.26,1493.7,4.7
Kepler-31 d,1,Transit,2014,Published Confirmed,0,87.6451,0.4,2161.244,6.8
Kepler-310 b,1,Transit,2014,Published Confirmed,0,13.930698,0.111,,
Kepler-310 c,1,Transit,2014,Published Confirmed,0,56.47542,0.281,,
Kepler-310 d,1,Transit,2014,Published Confirmed,0,92.876125,0.392,,
Kepler-311 b,1,Transit,2014,Published Confirmed,0,9.176092,0.087,,
Kepler-311 c,1,Transit,2014,Published Confirmed,0,19.738286,0.145,,
Kepler-312 b,1,Transit,2014,Published Confirmed,0,1.772419,0.031,,
Kepler-312 c,1,Transit,2014,Published Confirmed,0,19.747412,0.153,,
Kepler-313 b,1,Transit,2014,Published Confirmed,0,14.970418,0.125,,
Kepler-313 c,1,Transit,2014,Published Confirmed,0,32.273273,0.208,,
Kepler-314 b,1,Transit,2014,Published Confirmed,0,2.461069,0.035,,
Kepler-314 c,1,Transit,2014,Published Confirmed,0,5.960392,0.064,,
Kepler-315 b,1,Transit,2014,Published Confirmed,0,96.101141,0.402,,
Kepler-315 c,1,Transit,2014,Published Confirmed,0,265.469335,0.791,,
Kepler-316 b,1,Transit,2014,Published Confirmed,0,2.240508,0.027,,
Kepler-316 c,1,Transit,2014,Published Confirmed,0,6.827766,0.058,,
Kepler-317 b,1,Transit,2014,Published Confirmed,0,5.524242,0.061,,
Kepler-317 c,1,Transit,2014,Published Confirmed,0,8.77501,0.083,,
Kepler-318 b,1,Transit,2014,Published Confirmed,0,4.662715,0.056,,
Kepler-318 c,1,Transit,2014,Published Confirmed,0,11.815007,0.105,,
Kepler-319 b,1,Transit,2014,Published Confirmed,0,4.362705,0.051,,
Kepler-319 c,1,Transit,2014,Published Confirmed,0,6.941357,0.069,,
Kepler-319 d,1,Transit,2014,Published Confirmed,0,31.781925,0.191,,
Kepler-32 b,1,Transit,2011,Published Confirmed,0,5.90124,0.05,1303.0,4.1
Kepler-32 c,1,Transit,2011,Published Confirmed,0,8.7522,0.09,158.9,0.5
Kepler-32 d,1,Transit,2012,Published Confirmed,0,22.7802,0.13,,
Kepler-32 e,1,Transit,2012,Published Confirmed,0,2.896,0.033,,
Kepler-32 f,1,Transit,2012,Published Confirmed,0,0.74296,0.013,,
Kepler-320 b,1,Transit,2014,Published Confirmed,0,8.371554,0.085,,
Kepler-320 c,1,Transit,2014,Published Confirmed,0,17.934937,0.142,,
Kepler-321 b,1,Transit,2014,Published Confirmed,0,4.915379,0.057,,
Kepler-321 c,1,Transit,2014,Published Confirmed,0,13.093921,0.11,,
Kepler-322 b,1,Transit,2014,Published Confirmed,0,1.653888,0.027,,
Kepler-322 c,1,Transit,2014,Published Confirmed,0,4.337234,0.051,,
Kepler-323 b,1,Transit,2014,Published Confirmed,0,1.678328,0.02778,3.9,0.01227077
Kepler-323 c,1,Transit,2014,Published Confirmed,0,3.5538229,0.0458,6.8,0.02139519
Kepler-324 b,1,Transit,2014,Published Confirmed,0,4.385315,0.05,,
Kepler-324 c,1,Transit,2014,Published Confirmed,0,51.805612,0.26,,
Kepler-325 b,1,Transit,2014,Published Confirmed,0,4.544439,0.053,,
Kepler-325 c,1,Transit,2014,Published Confirmed,0,12.762172,0.105,,
Kepler-325 d,1,Transit,2014,Published Confirmed,0,38.715185,0.22,,
Kepler-326 b,1,Transit,2014,Published Confirmed,0,2.248329,0.032,,
Kepler-326 c,1,Transit,2014,Published Confirmed,0,4.580358,0.051,,
Kepler-326 d,1,Transit,2014,Published Confirmed,0,6.766888,0.066,,
Kepler-327 b,1,Transit,2014,Published Confirmed,0,2.549575,0.029,,
Kepler-327 c,1,Transit,2014,Published Confirmed,0,5.212333,0.047,,
Kepler-327 d,1,Transit,2014,Published Confirmed,0,13.969457,0.09,,
Kepler-329 b,1,Transit,2014,Published Confirmed,0,7.416397,0.061,,
Kepler-329 c,1,Transit,2014,Published Confirmed,0,18.684737,0.113,,
Kepler-33 b,1,Transit,2011,Published Confirmed,0,5.66793,0.0677,,
Kepler-33 c,1,Transit,2011,Published Confirmed,0,13.17562,0.1189,,
Kepler-33 d,1,Transit,2011,Published Confirmed,0,21.77596,0.1662,,
Kepler-33 e,1,Transit,2011,Published Confirmed,0,31.7844,0.2138,,
Kepler-33 f,1,Transit,2011,Published Confirmed,0,41.02902,0.2535,,
Kepler-330 b,1,Transit,2014,Published Confirmed,0,8.25978,0.075,,
Kepler-330 c,1,Transit,2014,Published Confirmed,0,15.955387,0.116,,
Kepler-331 b,1,Transit,2014,Published Confirmed,0,8.457496,0.065,,
Kepler-331 c,1,Transit,2014,Published Confirmed,0,17.28111,0.105,,
Kepler-331 d,1,Transit,2014,Published Confirmed,0,32.134328,0.159,,
Kepler-332 b,1,Transit,2014,Published Confirmed,0,7.626324,0.07,,
Kepler-332 c,1,Transit,2014,Published Confirmed,0,15.995622,0.114,,
Kepler-332 d,1,Transit,2014,Published Confirmed,0,34.21154,0.189,,
Kepler-333 b,1,Transit,2014,Published Confirmed,0,12.551158,0.087,,
Kepler-333 c,1,Transit,2014,Published Confirmed,0,24.08821,0.135,,
Kepler-334 b,1,Transit,2014,Published Confirmed,0,5.470319,0.061,,
Kepler-334 c,1,Transit,2014,Published Confirmed,0,12.758005,0.107,,
Kepler-334 d,1,Transit,2014,Published Confirmed,0,25.09849,0.168,,
Kepler-335 b,1,Transit,2014,Published Confirmed,0,6.562331,0.075,,
Kepler-335 c,1,Transit,2014,Published Confirmed,0,67.844469,0.356,,
Kepler-336 b,1,Transit,2014,Published Confirmed,0,2.024823,0.033,,
Kepler-336 c,1,Transit,2014,Published Confirmed,0,9.600001,0.092,,
Kepler-336 d,1,Transit,2014,Published Confirmed,0,20.678772,0.154,,
Kepler-337 b,1,Transit,2014,Published Confirmed,0,3.292781,0.045,,
Kepler-337 c,1,Transit,2014,Published Confirmed,0,9.693201,0.093,,
Kepler-338 b,1,Transit,2014,Published Confirmed,0,13.726976,0.117,,
Kepler-338 c,1,Transit,2014,Published Confirmed,0,24.310856,0.172,,
Kepler-338 d,1,Transit,2014,Published Confirmed,0,44.431014,0.257,,
Kepler-339 b,1,Transit,2014,Published Confirmed,0,4.977656,0.055,,
Kepler-339 c,1,Transit,2014,Published Confirmed,0,6.988055,0.069,,
Kepler-339 d,1,Transit,2014,Published Confirmed,0,10.558345,0.091,,
Kepler-34 b,1,Transit,2011,Published Confirmed,0,288.822,1.0896,69.92,0.22
Kepler-340 b,1,Transit,2014,Published Confirmed,0,14.844387,0.134,,
Kepler-340 c,1,Transit,2014,Published Confirmed,0,22.824669,0.178,,
Kepler-341 b,1,Transit,2014,Published Confirmed,0,5.195528,0.06,,
Kepler-341 c,1,Transit,2014,Published Confirmed,0,8.01041,0.08,,
Kepler-341 d,1,Transit,2014,Published Confirmed,0,27.666313,0.182,,
Kepler-341 e,1,Transit,2014,Published Confirmed,0,42.473269,0.242,,
Kepler-342 b,1,Transit,2014,Published Confirmed,0,15.170318,0.128,,
Kepler-342 c,1,Transit,2014,Published Confirmed,0,26.234138,0.185,,
Kepler-342 d,1,Transit,2014,Published Confirmed,0,39.459357,0.242,,
Kepler-343 b,1,Transit,2014,Published Confirmed,0,8.96855,0.088,,
Kepler-343 c,1,Transit,2014,Published Confirmed,0,23.22182,0.167,,
Kepler-344 b,1,Transit,2014,Published Confirmed,0,21.963945,0.153,,
Kepler-344 c,1,Transit,2014,Published Confirmed,0,125.596809,0.488,,
Kepler-345 b,1,Transit,2014,Published Confirmed,0,7.415563,0.066,,
Kepler-345 c,1,Transit,2014,Published Confirmed,0,9.387427,0.077,,
Kepler-346 b,1,Transit,2014,Published Confirmed,0,6.511127,0.071,,
Kepler-346 c,1,Transit,2014,Published Confirmed,0,23.851549,0.168,,
Kepler-347 b,1,Transit,2014,Published Confirmed,0,12.79836,0.11,,
Kepler-347 c,1,Transit,2014,Published Confirmed,0,27.320871,0.183,,
Kepler-348 b,1,Transit,2014,Published Confirmed,0,7.05677,0.076,,
Kepler-348 c,1,Transit,2014,Published Confirmed,0,17.265427,0.138,,
Kepler-349 b,1,Transit,2014,Published Confirmed,0,5.929778,0.065,,
Kepler-349 c,1,Transit,2014,Published Confirmed,0,12.247629,0.105,,
Kepler-35 b,1,Transit,2011,Published Confirmed,0,131.458,0.60347,40.363,0.127
Kepler-350 b,1,Transit,2014,Published Confirmed,0,11.189562,0.104,,
Kepler-351 b,1,Transit,2014,Published Confirmed,0,37.054919,0.214,,
Kepler-351 c,1,Transit,2014,Published Confirmed,0,57.24809,0.287,,
Kepler-352 b,1,Transit,2014,Published Confirmed,0,10.05537,0.085,,
Kepler-352 c,1,Transit,2014,Published Confirmed,0,16.332995,0.118,,
Kepler-353 b,1,Transit,2014,Published Confirmed,0,5.795278,0.051,,
Kepler-353 c,1,Transit,2014,Published Confirmed,0,8.410894,0.065,,
Kepler-354 b,1,Transit,2014,Published Confirmed,0,5.47666,0.054,,
Kepler-354 c,1,Transit,2014,Published Confirmed,0,16.934402,0.115,,
Kepler-354 d,1,Transit,2014,Published Confirmed,0,24.209842,0.146,,
Kepler-355 b,1,Transit,2014,Published Confirmed,0,11.03189,0.102,,
Kepler-355 c,1,Transit,2014,Published Confirmed,0,25.762294,0.179,,
Kepler-356 b,1,Transit,2014,Published Confirmed,0,4.612696,0.057,,
Kepler-356 c,1,Transit,2014,Published Confirmed,0,13.121632,0.115,,
Kepler-357 b,1,Transit,2014,Published Confirmed,0,6.475434,0.063,,
Kepler-357 c,1,Transit,2014,Published Confirmed,0,16.85837,0.12,,
Kepler-357 d,1,Transit,2014,Published Confirmed,0,49.499875,0.246,,
Kepler-358 b,1,Transit,2014,Published Confirmed,0,34.060467,0.21,,
Kepler-358 c,1,Transit,2014,Published Confirmed,0,83.488369,0.381,,
Kepler-359 b,1,Transit,2014,Published Confirmed,0,25.563222,0.178,,
Kepler-359 c,1,Transit,2014,Published Confirmed,0,57.68802,0.307,,
Kepler-359 d,1,Transit,2014,Published Confirmed,0,77.095691,0.372,,
Kepler-360 b,1,Transit,2014,Published Confirmed,0,3.289672,0.044,,
Kepler-360 c,1,Transit,2014,Published Confirmed,0,7.186434,0.075,,
Kepler-361 b,1,Transit,2014,Published Confirmed,0,8.486616,0.086,,
Kepler-361 c,1,Transit,2014,Published Confirmed,0,55.188023,0.3,,
Kepler-362 b,1,Transit,2014,Published Confirmed,0,10.327186,0.087,,
Kepler-362 c,1,Transit,2014,Published Confirmed,0,37.866281,0.207,,
Kepler-363 b,1,Transit,2014,Published Confirmed,0,3.614568,0.048,,
Kepler-363 c,1,Transit,2014,Published Confirmed,0,7.542427,0.079,,
Kepler-363 d,1,Transit,2014,Published Confirmed,0,11.932125,0.107,,
Kepler-364 b,1,Transit,2014,Published Confirmed,0,25.745718,0.178,,
Kepler-364 c,1,Transit,2014,Published Confirmed,0,59.980627,0.312,,
Kepler-365 b,1,Transit,2014,Published Confirmed,0,10.664903,0.098,,
Kepler-365 c,1,Transit,2014,Published Confirmed,0,17.784129,0.137,,
Kepler-366 b,1,Transit,2014,Published Confirmed,0,3.281959,0.045,,
Kepler-366 c,1,Transit,2014,Published Confirmed,0,12.51616,0.11,,
Kepler-367 b,1,Transit,2014,Published Confirmed,0,37.815724,0.201,,
Kepler-367 c,1,Transit,2014,Published Confirmed,0,53.578637,0.253,,
Kepler-368 b,1,Transit,2014,Published Confirmed,0,26.84768,0.186,,
Kepler-368 c,1,Transit,2014,Published Confirmed,0,72.379334,0.36,,
Kepler-369 b,1,Transit,2014,Published Confirmed,0,2.732756,0.03,,
Kepler-369 c,1,Transit,2014,Published Confirmed,0,14.871572,0.094,,
Kepler-37 b,1,Transit,2013,Published Confirmed,0,13.36702,0.1019,0.79,0.00248562
Kepler-37 c,1,Transit,2013,Published Confirmed,0,21.301848,0.139,1.3,0.00409026
Kepler-37 d,1,Transit,2013,Published Confirmed,0,39.7922622,0.2109,2.0,0.0062927
Kepler-370 b,1,Transit,2014,Published Confirmed,0,4.57953,0.054,,
Kepler-370 c,1,Transit,2014,Published Confirmed,0,19.02293,0.14,,
Kepler-371 b,1,Transit,2014,Published Confirmed,0,34.763278,0.2,,
Kepler-371 c,1,Transit,2014,Published Confirmed,0,67.968015,0.313,,
Kepler-372 b,1,Transit,2014,Published Confirmed,0,6.849692,0.075,,
Kepler-372 c,1,Transit,2014,Published Confirmed,0,20.053763,0.154,,
Kepler-372 d,1,Transit,2014,Published Confirmed,0,30.092568,0.201,,
Kepler-373 b,1,Transit,2014,Published Confirmed,0,5.535309,0.06,,
Kepler-373 c,1,Transit,2014,Published Confirmed,0,16.725948,0.126,,
Kepler-374 b,1,Transit,2014,Published Confirmed,0,1.897806,0.029,,
Kepler-374 c,1,Transit,2014,Published Confirmed,0,3.282807,0.042,,
Kepler-374 d,1,Transit,2014,Published Confirmed,0,5.028219,0.056,,
Kepler-375 b,1,Transit,2014,Published Confirmed,0,12.125934,0.101,,
Kepler-375 c,1,Transit,2014,Published Confirmed,0,19.986326,0.141,,
Kepler-376 b,1,Transit,2014,Published Confirmed,0,4.920199,0.057,,
Kepler-376 c,1,Transit,2014,Published Confirmed,0,14.172327,0.115,,
Kepler-377 b,1,Transit,2014,Published Confirmed,0,12.509529,0.109,,
Kepler-377 c,1,Transit,2014,Published Confirmed,0,27.014976,0.182,,
Kepler-378 b,1,Transit,2014,Published Confirmed,0,16.092361,0.112,,
Kepler-378 c,1,Transit,2014,Published Confirmed,0,28.906009,0.166,,
Kepler-379 b,1,Transit,2014,Published Confirmed,0,20.09838,0.152,,
Kepler-379 c,1,Transit,2014,Published Confirmed,0,62.784697,0.326,,
Kepler-38 b,1,Transit,2012,Published Confirmed,0,105.599,0.4632,122.0,0.384
Kepler-380 b,1,Transit,2014,Published Confirmed,0,3.930821,0.05,,
Kepler-380 c,1,Transit,2014,Published Confirmed,0,7.630004,0.078,,
Kepler-381 b,1,Transit,2014,Published Confirmed,0,5.629021,0.066,,
Kepler-381 c,1,Transit,2014,Published Confirmed,0,13.391635,0.117,,
Kepler-382 b,1,Transit,2014,Published Confirmed,0,5.262155,0.055,,
Kepler-382 c,1,Transit,2014,Published Confirmed,0,12.162701,0.097,,
Kepler-383 b,1,Transit,2014,Published Confirmed,0,12.904532,0.095,,
Kepler-383 c,1,Transit,2014,Published Confirmed,0,31.200751,0.172,,
Kepler-384 b,1,Transit,2014,Published Confirmed,0,22.597053,0.148,,
Kepler-384 c,1,Transit,2014,Published Confirmed,0,45.348269,0.236,,
Kepler-385 b,1,Transit,2014,Published Confirmed,0,10.043686,0.097,,
Kepler-385 c,1,Transit,2014,Published Confirmed,0,15.163161,0.127,,
Kepler-386 b,1,Transit,2014,Published Confirmed,0,12.31043,0.096,,
Kepler-386 c,1,Transit,2014,Published Confirmed,0,25.193458,0.155,,
Kepler-387 b,1,Transit,2014,Published Confirmed,0,6.791636,0.068,,
Kepler-387 c,1,Transit,2014,Published Confirmed,0,11.837549,0.098,,
Kepler-388 b,1,Transit,2014,Published Confirmed,0,3.173315,0.036,,
Kepler-388 c,1,Transit,2014,Published Confirmed,0,13.297004,0.093,,
Kepler-389 b,1,Transit,2014,Published Confirmed,0,3.244107,0.041,,
Kepler-389 c,1,Transit,2014,Published Confirmed,0,14.51143,0.11,,
Kepler-39 b,1,Transit,2011,Published Confirmed,0,21.08721,0.164,6388.1,20.1
Kepler-390 b,1,Transit,2014,Published Confirmed,0,6.738088,0.065,,
Kepler-390 c,1,Transit,2014,Published Confirmed,0,13.060022,0.101,,
Kepler-391 b,1,Transit,2014,Published Confirmed,0,7.4175,0.083,1100.0,3.46098705
Kepler-391 c,1,Transit,2014,Published Confirmed,0,20.501,0.164,450.0,1.41585834
Kepler-392 b,1,Transit,2014,Published Confirmed,0,5.341853,0.059,,
Kepler-392 c,1,Transit,2014,Published Confirmed,0,10.423118,0.093,,
Kepler-393 b,1,Transit,2014,Published Confirmed,0,9.182417,0.091,,
Kepler-393 c,1,Transit,2014,Published Confirmed,0,14.613612,0.124,,
Kepler-394 b,1,Transit,2014,Published Confirmed,0,8.005013,0.083,,
Kepler-394 c,1,Transit,2014,Published Confirmed,0,12.130686,0.11,,
Kepler-395 b,1,Transit,2014,Published Confirmed,0,7.054346,0.061,,
Kepler-395 c,1,Transit,2014,Published Confirmed,0,34.989262,0.177,,
Kepler-397 b,1,Transit,2014,Published Confirmed,0,22.250949,0.144,,
Kepler-397 c,1,Transit,2014,Published Confirmed,0,135.498527,0.48,,
Kepler-398 b,1,Transit,2014,Published Confirmed,0,4.081423,0.044,,
Kepler-398 c,1,Transit,2014,Published Confirmed,0,11.419412,0.087,,
Kepler-399 b,1,Transit,2014,Published Confirmed,0,14.425281,0.103,,
Kepler-399 c,1,Transit,2014,Published Confirmed,0,26.67569,0.155,,
Kepler-399 d,1,Transit,2014,Published Confirmed,0,58.034616,0.261,,
Kepler-4 b,1,Transit,2009,Published Confirmed,0,3.21346,0.0456,24.472,0.077
Kepler-40 b,1,Transit,2010,Published Confirmed,0,6.87349,0.08,699.2,2.2
Kepler-400 b,1,Transit,2014,Published Confirmed,0,9.024389,0.087,,
Kepler-400 c,1,Transit,2014,Published Confirmed,0,17.340824,0.134,,
Kepler-401 b,1,Transit,2014,Published Confirmed,0,14.383035,0.122,,
Kepler-401 c,1,Transit,2014,Published Confirmed,0,47.318218,0.269,,
Kepler-402 b,1,Transit,2014,Published Confirmed,0,4.028751,0.051,,
Kepler-402 c,1,Transit,2014,Published Confirmed,0,6.124821,0.068,,
Kepler-402 d,1,Transit,2014,Published Confirmed,0,8.921099,0.087,,
Kepler-402 e,1,Transit,2014,Published Confirmed,0,11.242861,0.102,,
Kepler-403 b,1,Transit,2014,Published Confirmed,0,7.031462,0.076,,
Kepler-403 c,1,Transit,2014,Published Confirmed,0,54.280749,0.297,,
Kepler-404 b,1,Transit,2014,Published Confirmed,0,11.829851,0.102,,
Kepler-404 c,1,Transit,2014,Published Confirmed,0,14.751166,0.118,,
Kepler-405 b,1,Transit,2014,Published Confirmed,0,10.613839,0.095,,
Kepler-405 c,1,Transit,2014,Published Confirmed,0,29.726682,0.188,,
Kepler-409 b,1,Transit,2014,Published Confirmed,0,68.9583216,0.3192,6.0,0.01887811
Kepler-41 b,1,Transit,2011,Published Confirmed,0,1.8555582,0.03101,177.98,0.56
Kepler-410 A b,1,Transit,2013,Published Confirmed,0,17.833648,0.1226,,
Kepler-411 b,1,Transit,2013,Published Confirmed,0,3.005156,0.0375,25.6,0.0805462
Kepler-411 c,1,Transit,2016,Published Confirmed,0,7.834435,0.0739,26.4,0.08306327
Kepler-411 d,1,Transit,2018,Published Confirmed,0,58.02035,0.279,15.2,0.04782431
Kepler-411 e,1,Transit Timing Variations,2018,Published Confirmed,0,31.509728,0.186,10.8,0.03398043
Kepler-412 b,1,Transit,2014,Published Confirmed,0,1.7208604,0.02897,299.07803,0.941
Kepler-413 b,1,Transit,2014,Published Confirmed,0,66.262,0.3553,67.0,0.211
Kepler-419 b,1,Transit,2014,Published Confirmed,0,69.7546,0.37,794.5,2.5
Kepler-419 c,1,Transit Timing Variations,2014,Published Confirmed,0,675.47,1.68,2320.1,7.3
Kepler-42 b,1,Transit,2011,Published Confirmed,0,1.2137672,0.0116,,
Kepler-42 c,1,Transit,2011,Published Confirmed,0,0.45328509,0.006,,
Kepler-42 d,1,Transit,2011,Published Confirmed,0,1.865169,0.0154,,
Kepler-421 b,1,Transit,2014,Published Confirmed,0,704.1984,1.219,,
Kepler-422 b,1,Transit,2014,Published Confirmed,0,7.8914483,0.082,136.66,0.43
Kepler-423 b,1,Transit,2014,Published Confirmed,0,2.6843285,0.03585,189.101,0.595
Kepler-424 b,1,Transit,2014,Published Confirmed,0,3.3118644,0.044,327.35,1.03
Kepler-424 c,1,Radial Velocity,2014,Published Confirmed,0,223.3,0.73,2215.18,6.97
Kepler-425 b,1,Transit,2014,Published Confirmed,0,3.79701816,0.0464,79.45,0.25
Kepler-426 b,1,Transit,2014,Published Confirmed,0,3.21751883,0.0414,108.06,0.34
Kepler-427 b,1,Transit,2014,Published Confirmed,0,10.290994,0.091,92.17,0.29
Kepler-428 b,1,Transit,2014,Published Confirmed,0,3.52563254,0.0433,403.63,1.27
Kepler-43 b,1,Transit,2011,Published Confirmed,0,3.0240949,0.046,1026.5909,3.23
Kepler-430 b,1,Transit,2015,Published Confirmed,0,35.968,0.2244,,
Kepler-430 c,1,Transit,2015,Published Confirmed,0,110.979,0.4757,,
Kepler-431 b,1,Transit,2015,Published Confirmed,0,6.803,0.0719,,
Kepler-431 c,1,Transit,2015,Published Confirmed,0,8.703,0.0847,,
Kepler-431 d,1,Transit,2015,Published Confirmed,0,11.922,0.1045,,
Kepler-432 b,1,Transit,2015,Published Confirmed,0,52.501129,0.301,1719.4603,5.41
Kepler-433 b,1,Transit,2015,Published Confirmed,0,5.33408384,0.0679,896.24,2.82
Kepler-434 b,1,Transit,2015,Published Confirmed,0,12.8747099,0.1143,908.96,2.86
Kepler-435 b,1,Transit,2015,Published Confirmed,0,8.6001536,0.0948,266.97,0.84
Kepler-436 b,1,Transit,2015,Published Confirmed,0,64.00205,0.339,,
Kepler-437 b,1,Transit,2015,Published Confirmed,0,66.65062,0.288,,
Kepler-438 b,1,Transit,2015,Published Confirmed,0,35.23319,0.166,,
Kepler-439 b,1,Transit,2015,Published Confirmed,0,178.1396,0.563,,
Kepler-44 b,1,Transit,2011,Published Confirmed,0,3.2467293,0.0446,317.82,1.0
Kepler-440 b,1,Transit,2015,Published Confirmed,0,101.11141,0.242,,
Kepler-441 b,1,Transit,2015,Published Confirmed,0,207.2482,0.64,,
Kepler-442 b,1,Transit,2015,Published Confirmed,0,112.3053,0.409,,
Kepler-443 b,1,Transit,2015,Published Confirmed,0,177.6693,0.495,,
Kepler-444 b,1,Transit,2015,Published Confirmed,0,3.6001053,0.04178,,
Kepler-444 c,1,Transit,2015,Published Confirmed,0,4.5458841,0.04881,,
Kepler-444 d,1,Transit,2015,Published Confirmed,0,6.189392,0.06,,
Kepler-444 e,1,Transit,2015,Published Confirmed,0,7.743493,0.0696,,
Kepler-444 f,1,Transit,2015,Published Confirmed,0,9.740486,0.0811,,
Kepler-447 b,1,Transit,2015,Published Confirmed,0,7.79430132,0.0769,435.41,1.37
Kepler-448 c,1,Transit Timing Variations,2017,Published Confirmed,0,2500.0,4.2,6992.26,22.0
Kepler-45 b,1,Transit,2011,Published Confirmed,0,2.455239,0.03,160.497,0.505
Kepler-452 b,1,Transit,2015,Published Confirmed,1,384.843,1.046,,
Kepler-453 b,1,Transit,2015,Published Confirmed,0,240.503,0.7903,16.0,0.05034138
Kepler-454 b,1,Transit,2015,Published Confirmed,0,10.5737534,0.09528,5.4,0.0169903
Kepler-454 c,1,Radial Velocity,2015,Published Confirmed,0,524.19,1.287,1433.40611557,4.51
Kepler-454 d,1,Radial Velocity,2023,Published Confirmed,0,4073.0,5.1,734.18362017,2.31
Kepler-46 b,1,Transit,2012,Published Confirmed,0,33.60134,0.1968,1907.0,6.0
Kepler-46 c,1,Transit Timing Variations,2012,Published Confirmed,0,57.011,0.2799,119.499,0.376
Kepler-46 d,1,Transit,2014,Published Confirmed,0,6.766589,0.067,,
Kepler-47 b,1,Transit,2012,Published Confirmed,0,49.4643,0.2877,2.07,0.00651292
Kepler-47 c,1,Transit,2012,Published Confirmed,0,303.227,0.9638,3.17,0.00997389
Kepler-47 d,1,Transit,2019,Published Confirmed,0,187.366,0.6992,19.02,0.05984331
Kepler-48 f,1,Radial Velocity,2023,Published Confirmed,0,5219.681854,5.719187877,298.5809968,0.93944088
Kepler-49 d,1,Transit,2014,Published Confirmed,0,2.576549,0.031,,
Kepler-49 e,1,Transit,2014,Published Confirmed,0,18.596108,0.116,,
Kepler-5 b,1,Transit,2009,Published Confirmed,0,3.5484657,0.0538,670.93913,2.111
Kepler-50 b,1,Transit,2012,Published Confirmed,1,7.81254,0.077,,
Kepler-50 c,1,Transit,2012,Published Confirmed,1,9.37647,0.087,,
Kepler-51 b,1,Transit,2012,Published Confirmed,0,45.154,0.2514,2.1,0.007
Kepler-51 c,1,Transit,2012,Published Confirmed,0,85.312,0.384,4.0,0.013
Kepler-51 d,1,Transit,2014,Published Confirmed,0,130.194,0.509,7.6,0.024
Kepler-52 d,1,Transit,2014,Published Confirmed,0,36.445171,0.182,,
Kepler-53 d,1,Transit,2014,Published Confirmed,0,9.751962,0.091,,
Kepler-538 b,1,Transit,2016,Published Confirmed,0,81.73778,0.3554,12.9,0.04058794
Kepler-539 b,1,Transit,2016,Published Confirmed,0,125.63243,0.4988,308.2951,0.97
Kepler-539 c,1,Transit Timing Variations,2016,Published Confirmed,0,1000.0,2.42,762.792,2.4
Kepler-54 d,1,Transit,2014,Published Confirmed,0,20.995694,0.126,,
Kepler-55 d,1,Transit,2014,Published Confirmed,0,2.211099,0.029,,
Kepler-55 e,1,Transit,2014,Published Confirmed,0,4.617534,0.048,,
Kepler-55 f,1,Transit,2014,Published Confirmed,0,10.198545,0.081,,
Kepler-553 b,1,Transit,2016,Published Confirmed,0,4.030467,0.04766,116.00736855,0.365
Kepler-553 c,1,Transit,2016,Published Confirmed,0,328.24017,0.898,2129.4503269,6.7
Kepler-56 b,1,Transit,2012,Published Confirmed,0,10.5016,0.1028,22.1,0.07
Kepler-56 c,1,Transit,2012,Published Confirmed,0,21.40239,0.1652,181.0,0.57
Kepler-56 d,1,Radial Velocity,2016,Published Confirmed,0,1002.0,2.16,1784.0,5.61
Kepler-58 d,1,Transit,2014,Published Confirmed,0,40.101371,0.236,,
Kepler-6 b,1,Transit,2009,Published Confirmed,0,3.2346996,0.04852,212.31044,0.668
Kepler-62 b,1,Transit,2013,Published Confirmed,0,5.714932,0.0553,9.0,0.03
Kepler-62 c,1,Transit,2013,Published Confirmed,0,12.4417,0.0929,4.0,0.013
Kepler-62 d,1,Transit,2013,Published Confirmed,0,18.16406,0.12,14.0,0.044
Kepler-62 e,1,Transit,2013,Published Confirmed,0,122.3874,0.427,36.0,0.113
Kepler-62 f,1,Transit,2013,Published Confirmed,0,267.291,0.718,35.0,0.11
Kepler-63 b,1,Transit,2013,Published Confirmed,0,9.4341505,0.08,120.0,0.378
Kepler-65 b,1,Transit,2012,Published Confirmed,0,2.15491,0.035,,
Kepler-65 c,1,Transit,2012,Published Confirmed,0,5.859944,0.068,,
Kepler-65 d,1,Transit,2012,Published Confirmed,0,8.13123,0.084,,
Kepler-66 b,1,Transit,2013,Published Confirmed,0,17.815815,0.1352,,
Kepler-67 b,1,Transit,2013,Published Confirmed,0,15.7259,0.1171,,
Kepler-68 b,1,Transit,2013,Published Confirmed,0,5.39875259,0.06135,8.03,0.02526521
Kepler-68 c,1,Transit,2013,Published Confirmed,0,9.605027,0.09008,1.3,0.00409026
Kepler-68 d,1,Radial Velocity,2013,Published Confirmed,0,632.62,1.469,238.05347684,0.749
Kepler-68 e,1,Radial Velocity,2023,Published Confirmed,0,3455.0,4.6,86.4493267,0.272
Kepler-69 b,1,Transit,2013,Published Confirmed,0,13.722341,0.094,,
Kepler-69 c,1,Transit,2013,Published Confirmed,0,242.4613,0.64,,
Kepler-7 b,1,Transit,2009,Published Confirmed,0,4.8854892,0.06067,140.16303,0.441
Kepler-725 b,1,Transit,2016,Published Confirmed,0,39.64372,0.2238,,
Kepler-725 c,1,Transit Timing Variations,2025,Published Confirmed,0,207.541,0.6744,9.7,0.03051961
Kepler-730 b,1,Transit,2016,Published Confirmed,0,6.491682808,0.0694,,
Kepler-730 c,1,Transit,2018,Published Confirmed,0,2.85188338,0.03997,,
Kepler-74 b,1,Transit,2013,Published Confirmed,0,7.340711,0.0781,200.22,0.63
Kepler-75 b,1,Transit,2013,Published Confirmed,0,8.8849116,0.0818,3209.9,10.1
Kepler-76 b,1,Orbital Brightness Modulation,2013,Published Confirmed,0,1.5449298,0.0274,638.8383,2.01
Kepler-77 b,1,Transit,2013,Published Confirmed,0,3.57878087,0.04501,136.661,0.43
Kepler-78 b,1,Transit,2013,Published Confirmed,0,0.35500745,0.00901,1.68,0.00528587
Kepler-8 b,1,Transit,2010,Published Confirmed,0,3.5224991,0.0474,187.5197,0.59
Kepler-80 b,1,Transit,2012,Published Confirmed,0,7.05246,0.0648,6.93,0.02180411
Kepler-80 c,1,Transit,2012,Published Confirmed,0,9.52355,0.0792,6.74,0.02120631
Kepler-80 d,1,Transit,2014,Published Confirmed,0,3.07222,0.0372,6.75,0.02123777
Kepler-80 e,1,Transit,2014,Published Confirmed,0,4.64489,0.0491,4.13,0.01299437
Kepler-80 f,1,Transit,2016,Published Confirmed,0,0.9867873,0.0175,,
Kepler-81 d,1,Transit,2014,Published Confirmed,0,20.837846,0.128,,
Kepler-82 b,1,Transit,2012,Published Confirmed,0,26.44,0.1683,12.15,0.03822798
Kepler-82 c,1,Transit,2012,Published Confirmed,0,51.54,0.2626,13.9,0.04373407
Kepler-82 d,1,Transit,2014,Published Confirmed,0,2.382961,0.034,,
Kepler-82 e,1,Transit,2014,Published Confirmed,0,5.902206,0.063,,
Kepler-82 f,1,Transit Timing Variations,2019,Published Confirmed,0,75.732,0.3395,20.9,0.06575842
Kepler-83 d,1,Transit,2014,Published Confirmed,0,5.169796,0.051,,
Kepler-84 d,1,Transit,2014,Published Confirmed,0,4.224537,0.052,,
Kepler-84 e,1,Transit,2014,Published Confirmed,0,27.434389,0.181,,
Kepler-84 f,1,Transit,2014,Published Confirmed,0,44.552169,0.25,,
Kepler-849 b,1,Transit,2016,Published Confirmed,0,394.62508,1.137,298.75870258,0.94
Kepler-85 d,1,Transit,2014,Published Confirmed,0,17.91323,0.13,,
Kepler-85 e,1,Transit,2014,Published Confirmed,0,25.216751,0.163,,
Kepler-87 b,1,Transit,2013,Published Confirmed,0,114.73635,0.481,324.2,1.02
Kepler-87 c,1,Transit,2013,Published Confirmed,0,191.2318,0.676,6.4,0.02
Kepler-9 b,1,Transit,2010,Published Confirmed,0,19.23891,0.143,43.4,0.13655099
Kepler-9 c,1,Transit,2010,Published Confirmed,0,38.9853,0.227,29.9,0.09407545
Kepler-9 d,1,Transit,2010,Published Confirmed,0,1.592851,0.0273,,
Kepler-91 b,1,Transit,2013,Published Confirmed,0,6.24658,0.0731,257.4423,0.81
Kepler-93 b,1,Transit,2014,Published Confirmed,0,4.72673978,0.05343,4.66,0.014662
Kepler-970 b,1,Transit,2016,Published Confirmed,0,16.736525,0.139,,
L 168-9 b,1,Transit,2020,Published Confirmed,0,1.40152604,0.0208,4.07,0.01280565
L 363-38 b,1,Radial Velocity,2023,Published Confirmed,0,8.781,0.048,4.67,0.01469346
L 98-59 b,1,Transit,2019,Published Confirmed,0,2.253114,0.0223,0.46,0.00144732
L 98-59 c,1,Transit,2019,Published Confirmed,0,3.6906764,0.0309,2.0,0.0062927
L 98-59 d,1,Transit,2019,Published Confirmed,0,7.450729,0.0494,1.64,0.00516002
L 98-59 e,1,Radial Velocity,2021,Published Confirmed,0,12.8278,0.0712,2.82,0.00887271
L 98-59 f,1,Radial Velocity,2025,Published Confirmed,0,23.064,0.1052,2.8,0.00880979
LHS 1140 b,1,Transit,2017,Published Confirmed,0,24.73723,0.0946,5.6,0.01761957
LHS 1140 c,1,Transit,2018,Published Confirmed,0,3.77794,0.027,1.91,0.00600953
LHS 1478 b,1,Transit,2021,Published Confirmed,0,1.9495378,0.01848,2.33,0.007331
LHS 1678 b,1,Transit,2021,Published Confirmed,0,0.8602325,0.01239,,
LHS 1678 c,1,Transit,2021,Published Confirmed,0,3.694284,0.0327,,
LHS 1678 d,1,Transit,2024,Published Confirmed,0,4.9652229,0.04,,
LHS 1903 b,1,Transit,2026,Published Confirmed,0,2.1555098,0.02656,3.28,0.01032003
LHS 1903 c,1,Transit,2026,Published Confirmed,0,6.226185,0.05387,4.55,0.0143159
LHS 1903 d,1,Transit,2026,Published Confirmed,0,12.566287,0.08604,5.96,0.01875226
LHS 1903 e,1,Transit,2026,Published Confirmed,0,29.31773,0.15135,5.79,0.01821738
LHS 3154 b,1,Radial Velocity,2023,Published Confirmed,0,3.71778,0.02262,13.15,0.04137453
LHS 3844 b,1,Transit,2019,Published Confirmed,0,0.462929709,0.00624,2.37,0.00745685
LP 714-47 b,1,Transit,2020,Published Confirmed,0,4.052032,0.04056,28.38,0.08929347
LP 791-18 b,1,Transit,2019,Published Confirmed,0,0.9479981,0.00978,,
LP 791-18 c,1,Transit,2019,Published Confirmed,0,4.98991,0.02961,7.16,0.02252788
LP 791-18 d,1,Transit,2023,Published Confirmed,0,2.75485,0.01992,0.91,0.00286318
LP 890-9 b,1,Transit,2022,Published Confirmed,0,2.7299025,0.01875,13.2,0.04153184
LP 890-9 c,1,Transit,2022,Published Confirmed,0,8.457463,0.03984,25.3,0.0796027
LSPM J2116+0234 b,1,Radial Velocity,2019,Published Confirmed,0,14.4399,0.0876,13.3,0.04184627
LTT 1445 A b,1,Transit,2019,Published Confirmed,0,5.3587635,0.0381,2.73,0.00858954
LTT 1445 A c,1,Transit,2022,Published Confirmed,0,3.1239035,0.02661,1.54,0.00484538
LTT 3780 b,1,Transit,2020,Published Confirmed,0,0.76837931,0.01195,2.46,0.00774003
LTT 3780 c,1,Transit,2020,Published Confirmed,0,12.252284,0.0757,8.04,0.02529667
LTT 9779 b,1,Transit,2020,Published Confirmed,0,0.792052,0.01679,29.32,0.09225057
LkCa 15 b,1,Imaging,2015,Published Confirmed,1,,14.7,,
LkCa 15 c,1,Imaging,2015,Published Confirmed,1,,18.6,,
Luhman 16 b,1,Imaging,2017,Published Confirmed,0,9697.0,3.52,9344.1551658,29.4
Lupus-TR-3 b,1,Transit,2007,Published Confirmed,0,3.91405,0.0464,257.431,0.81
MASCARA-1 b,1,Transit,2017,Published Confirmed,0,2.14877381,0.040352,,
MASCARA-4 b,1,Transit,2020,Published Confirmed,0,2.8240932,0.0474,532.36258173,1.675
MOA-2007-BLG-192L b,1,Microlensing,2008,Published Confirmed,0,,2.02,12.49,0.03929793
MOA-2007-BLG-400L b,1,Microlensing,2008,Published Confirmed,0,,5.9,540.3082919,1.7
MOA-2008-BLG-310L b,1,Microlensing,2009,Published Confirmed,0,,1.1,23.4,0.0736
MOA-2008-BLG-379L b,1,Microlensing,2013,Published Confirmed,0,,2.7,1300.0,4.1
MOA-2009-BLG-266L b,1,Microlensing,2011,Published Confirmed,0,2800.0,3.2,10.4,0.0327
MOA-2009-BLG-319L b,1,Microlensing,2010,Published Confirmed,0,,2.03,67.3,0.212
MOA-2009-BLG-387L b,1,Microlensing,2010,Published Confirmed,0,1980.0,1.8,830.0,2.6
MOA-2010-BLG-073L b,1,Microlensing,2012,Published Confirmed,0,,1.21,3500.0,11.0
MOA-2010-BLG-117L b,1,Microlensing,2018,Published Confirmed,0,,2.42,170.0,0.54
MOA-2010-BLG-328L b,1,Microlensing,2013,Published Confirmed,0,,0.92,9.2,0.029
MOA-2010-BLG-353L b,1,Microlensing,2015,Published Confirmed,0,,1.72,86.0,0.27
MOA-2010-BLG-477L b,1,Microlensing,2012,Published Confirmed,0,,2.0,480.0,1.5
MOA-2011-BLG-028L b,1,Microlensing,2016,Published Confirmed,0,,4.14,30.0,0.09
MOA-2011-BLG-262L b,1,Microlensing,2014,Published Confirmed,0,,0.95,17.0,0.053
MOA-2011-BLG-291L b,1,Microlensing,2018,Published Confirmed,0,,0.69,18.0,0.057
MOA-2011-BLG-293L b,1,Microlensing,2012,Published Confirmed,0,,1.1,1500.0,4.8
MOA-2011-BLG-322L b,1,Microlensing,2013,Published Confirmed,0,,4.3,3690.0,11.6
MOA-2012-BLG-006L b,1,Microlensing,2017,Published Confirmed,0,,10.2,2700.0,8.4
MOA-2012-BLG-505L b,1,Microlensing,2017,Published Confirmed,0,,0.9,6.7,0.0211
MOA-2013-BLG-220L b,1,Microlensing,2014,Published Confirmed,0,,3.03,871.0,2.74
MOA-2013-BLG-605L b,1,Microlensing,2016,Published Confirmed,0,,0.93,3.24,0.0102
MOA-2015-BLG-337L b,1,Microlensing,2018,Published Confirmed,0,,0.24,33.7,0.106
MOA-2016-BLG-227L b,1,Microlensing,2017,Published Confirmed,0,,1.39,890.0,2.8
MOA-2016-BLG-319L b,1,Microlensing,2018,Published Confirmed,0,,0.95,200.0,0.62
MOA-2016-BLG-526L b,1,Microlensing,2024,Published Confirmed,0,,2.07,14.93793513,0.047
MOA-2020-BLG-135L b,1,Microlensing,2022,Published Confirmed,0,,1.11,11.3,0.03555378
MOA-2020-BLG-208L b,1,Microlensing,2023,Published Confirmed,0,,2.74,46.0,0.14473219
MOA-2022-BLG-033L b,1,Microlensing,2025,Published Confirmed,0,,2.15,12.15,0.03822818
MOA-2022-BLG-091L b,1,Microlensing,2025,Published Confirmed,0,,3.44,1141.00398113,3.59
MOA-2022-BLG-249L b,1,Microlensing,2023,Published Confirmed,0,,1.63,4.83,0.01519688
MOA-2022-BLG-563L b,1,Microlensing,2024,Published Confirmed,0,,2.15,127.1313628,0.4
MOA-bin-1L b,1,Microlensing,2012,Published Confirmed,0,,8.3,1200.0,3.7
MOA-bin-29 b,1,Microlensing,2019,Published Confirmed,0,,0.48,190.0,0.6
MXB 1658-298 b,1,Eclipse Timing Variations,2017,Published Confirmed,0,760.0,1.613,7532.571,23.7
NGC 2682 Sand 1429 b,1,Radial Velocity,2024,Published Confirmed,0,77.48,0.384,572.0911326,1.8
NGTS-1 b,1,Transit,2017,Published Confirmed,0,2.647298,0.0326,258.07796,0.812
NGTS-10 b,1,Transit,2020,Published Confirmed,0,0.7668944,0.0143,687.14846,2.162
NGTS-11 b,1,Transit,2020,Published Confirmed,0,35.45533,0.201,109.33352,0.344
NGTS-12 b,1,Transit,2020,Published Confirmed,0,7.532806,0.0757,66.10864,0.208
NGTS-13 b,1,Transit,2021,Published Confirmed,0,4.119027,0.0549,1538.2972,4.84
NGTS-14 A b,1,Transit,2021,Published Confirmed,0,3.5357173,0.0403,29.24036,0.092
NGTS-15 b,1,Transit,2021,Published Confirmed,0,3.27623,0.0441,238.68913366,0.751
NGTS-16 b,1,Transit,2021,Published Confirmed,0,4.84532,0.0523,211.99154747,0.667
NGTS-17 b,1,Transit,2021,Published Confirmed,0,3.24253,0.0391,242.82090295,0.764
NGTS-18 b,1,Transit,2021,Published Confirmed,0,3.05125,0.0448,129.99181846,0.409
NGTS-2 b,1,Transit,2018,Published Confirmed,0,4.511164,0.063,235.1942,0.74
NGTS-20 b,1,Transit,2022,Published Confirmed,0,54.18915,0.313,947.12865286,2.98
NGTS-21 b,1,Transit,2022,Published Confirmed,0,1.5433897,0.0236,750.07504052,2.36
NGTS-23 b,1,Transit,2022,Published Confirmed,0,4.0764326,0.0504,194.82881349,0.613
NGTS-24 b,1,Transit,2022,Published Confirmed,0,3.4678796,0.0479,165.27077164,0.52
NGTS-25 b,1,Transit,2022,Published Confirmed,0,2.823093,0.0388,203.09235207,0.639
NGTS-26 b,1,Transit,2024,Published Confirmed,0,4.5199279,0.049,92.80589484,0.292
NGTS-27 b,1,Transit,2024,Published Confirmed,0,3.3704181,0.0446,188.47224535,0.593
NGTS-3 A b,1,Transit,2018,Published Confirmed,0,1.6753728,0.023,756.4354,2.38
NGTS-30 b,1,Transit,2024,Published Confirmed,0,98.29838,0.408,305.11527072,0.96
NGTS-31 b,1,Transit,2025,Published Confirmed,0,4.162734,0.064,355.96781584,1.12
NGTS-32 b,1,Transit,2025,Published Confirmed,0,3.31211,0.044,181.16219199,0.57
NGTS-33 b,1,Transit,2024,Published Confirmed,0,2.827972,0.048,1153.71711741,3.63
NGTS-34 b,1,Transit,2025,Published Confirmed,0,43.12655,0.257,19.1,0.06009532
NGTS-35 b,1,Transit,2025,Published Confirmed,0,25.241192,0.16,152.0,0.47824548
NGTS-38 b,1,Transit,2026,Published Confirmed,0,180.52797,0.697,1516.04150139,4.77
NGTS-39 b,1,Transit,2026,Published Confirmed,0,58.20472,0.3077,466.25427307,1.467
NGTS-4 b,1,Transit,2019,Published Confirmed,0,1.3373508,0.019,20.6,0.06481452
NGTS-5 b,1,Transit,2019,Published Confirmed,0,3.3569866,0.0382,72.78307,0.229
NGTS-6 b,1,Transit,2019,Published Confirmed,0,0.882059,0.01677,425.57437,1.339
NGTS-8 b,1,Transit,2019,Published Confirmed,0,2.4997,0.035,295.5819,0.93
NGTS-9 b,1,Transit,2019,Published Confirmed,0,4.43527,0.058,921.707,2.9
NSVS 14256825 b,1,Eclipse Timing Variations,2019,Published Confirmed,1,3225.0,3.12,4497.2945,14.15
OGLE-2003-BLG-235L b,1,Microlensing,2004,Published Confirmed,0,,4.3,830.0,2.6
OGLE-2005-BLG-071L b,1,Microlensing,2005,Published Confirmed,0,,3.6,1200.0,3.8
OGLE-2005-BLG-169L b,1,Microlensing,2006,Published Confirmed,0,,3.5,14.1,0.0444
OGLE-2005-BLG-390L b,1,Microlensing,2005,Published Confirmed,0,3285.0,2.6,5.5,0.017
OGLE-2006-BLG-109L b,1,Microlensing,2008,Published Confirmed,0,1788.5,2.3,231.0,0.727
OGLE-2006-BLG-109L c,1,Microlensing,2008,Published Confirmed,0,4927.5,4.5,86.0,0.27
OGLE-2006-BLG-284L A b,1,Microlensing,2020,Published Confirmed,0,,2.17,144.0,0.45307467
OGLE-2007-BLG-349L AB c,1,Microlensing,2016,Published Confirmed,0,2557.0,2.59,80.0,0.25170815
OGLE-2007-BLG-368L b,1,Microlensing,2009,Published Confirmed,0,,2.8,20.0,0.06
OGLE-2008-BLG-092L b,1,Microlensing,2014,Published Confirmed,0,,15.0,57.0,0.18
OGLE-2008-BLG-355L b,1,Microlensing,2014,Published Confirmed,0,,1.7,1500.0,4.6
OGLE-2011-BLG-0173L b,1,Microlensing,2018,Published Confirmed,0,,8.0,60.0,0.19
OGLE-2011-BLG-0251L b,1,Microlensing,2012,Published Confirmed,0,,2.72,170.0,0.53
OGLE-2011-BLG-0265L b,1,Microlensing,2015,Published Confirmed,0,,1.89,280.0,0.88
OGLE-2012-BLG-0026L b,1,Microlensing,2012,Published Confirmed,0,,4.0,46.1,0.145
OGLE-2012-BLG-0026L c,1,Microlensing,2012,Published Confirmed,0,,4.8,270.0,0.86
OGLE-2012-BLG-0358L b,1,Microlensing,2013,Published Confirmed,0,,0.87,588.0,1.85
OGLE-2012-BLG-0406L b,1,Microlensing,2013,Published Confirmed,0,,3.45,868.0,2.73
OGLE-2012-BLG-0563L b,1,Microlensing,2015,Published Confirmed,0,,0.74,120.0,0.39
OGLE-2012-BLG-0724L b,1,Microlensing,2016,Published Confirmed,0,,1.6,150.0,0.47
OGLE-2012-BLG-0838L b,1,Microlensing,2020,Published Confirmed,0,,4.43,53.1,0.167
OGLE-2012-BLG-0950L b,1,Microlensing,2016,Published Confirmed,0,,2.6,35.0,0.11
OGLE-2013-BLG-0102L b,1,Microlensing,2014,Published Confirmed,0,,0.8,4100.0,13.0
OGLE-2013-BLG-0132L b,1,Microlensing,2017,Published Confirmed,0,,3.6,92.0,0.29
OGLE-2013-BLG-0341L B b,1,Microlensing,2014,Published Confirmed,0,,0.702,1.66,0.00522
OGLE-2013-BLG-0911L b,1,Microlensing,2019,Published Confirmed,0,,0.39,3020.0,9.51
OGLE-2013-BLG-1721L b,1,Microlensing,2017,Published Confirmed,0,,2.6,200.0,0.64
OGLE-2013-BLG-1761L b,1,Microlensing,2017,Published Confirmed,0,,1.8,860.0,2.7
OGLE-2014-BLG-0124L b,1,Microlensing,2015,Published Confirmed,0,,3.48,206.58846455,0.65
OGLE-2014-BLG-0221L b,1,Microlensing,2024,Published Confirmed,0,,3.76,1382.55357045,4.35
OGLE-2014-BLG-0319L b,1,Microlensing,2022,Published Confirmed,0,,3.49,181.16219199,0.57
OGLE-2014-BLG-0676L b,1,Microlensing,2016,Published Confirmed,0,,4.53,1169.60853776,3.68
OGLE-2014-BLG-1722L b,1,Microlensing,2018,Published Confirmed,0,,1.5,55.3,0.174
OGLE-2014-BLG-1722L c,1,Microlensing,2018,Published Confirmed,0,,1.7,83.7,0.263
OGLE-2014-BLG-1760L b,1,Microlensing,2016,Published Confirmed,0,,1.887,295.89824692,0.931
OGLE-2015-BLG-0051L b,1,Microlensing,2016,Published Confirmed,0,,0.73,230.0,0.72
OGLE-2015-BLG-0954L b,1,Microlensing,2016,Published Confirmed,0,,1.6,1100.0,3.4
OGLE-2015-BLG-0966L b,1,Microlensing,2016,Published Confirmed,0,,2.7,21.0,0.066
OGLE-2015-BLG-1649L b,1,Microlensing,2019,Published Confirmed,0,,2.07,807.0,2.54
OGLE-2015-BLG-1670L b,1,Microlensing,2019,Published Confirmed,0,,2.62,17.9,0.0563
OGLE-2015-BLG-1771L b,1,Microlensing,2020,Published Confirmed,0,,0.85,138.0,0.433
OGLE-2016-BLG-0007L b,1,Microlensing,2025,Published Confirmed,0,14200.0,10.1,1.32,0.00415318
OGLE-2016-BLG-0263L b,1,Microlensing,2017,Published Confirmed,0,,5.4,1300.0,4.1
OGLE-2016-BLG-0613L AB b,1,Microlensing,2017,Published Confirmed,0,,6.4,1330.0,4.18
OGLE-2016-BLG-1067L b,1,Microlensing,2019,Published Confirmed,0,,1.7,140.0,0.43
OGLE-2016-BLG-1093L b,1,Microlensing,2022,Published Confirmed,0,,2.13,225.65816897,0.71
OGLE-2016-BLG-1190L b,1,Microlensing,2017,Published Confirmed,0,1220.0,2.17,4253.0,13.38
OGLE-2016-BLG-1195L b,1,Microlensing,2017,Published Confirmed,0,,1.16,1.43,0.0045
OGLE-2016-BLG-1227L b,1,Microlensing,2020,Published Confirmed,0,,3.4,250.0,0.79
OGLE-2016-BLG-1266L b,1,Microlensing,2018,Published Confirmed,0,,0.43,3813.940884,12.0
OGLE-2016-BLG-1598L b,1,Microlensing,2024,Published Confirmed,0,,2.5,120.77479466,0.38
OGLE-2016-BLG-1800L b,1,Microlensing,2024,Published Confirmed,0,,1.88,823.17557413,2.59
OGLE-2017-BLG-0173L b,1,Microlensing,2018,Published Confirmed,0,,3.913,3.269,0.01029
OGLE-2017-BLG-0364L b,1,Microlensing,2024,Published Confirmed,0,,3.79,75.8,0.23849347
OGLE-2017-BLG-0373L b,1,Microlensing,2018,Published Confirmed,0,,2.424,127.0,0.401
OGLE-2017-BLG-0406L b,1,Microlensing,2020,Published Confirmed,0,,3.5,130.0,0.41
OGLE-2017-BLG-0448L b,1,Microlensing,2024,Published Confirmed,0,,5.75,15.6,0.04908309
OGLE-2017-BLG-0482L b,1,Microlensing,2018,Published Confirmed,0,,1.8,9.0,0.028
OGLE-2017-BLG-0604L b,1,Microlensing,2020,Published Confirmed,0,,4.06,160.0,0.51
OGLE-2017-BLG-0640L b,1,Microlensing,2024,Published Confirmed,0,,1.14,514.88201934,1.62
OGLE-2017-BLG-1049L b,1,Microlensing,2020,Published Confirmed,0,,3.92,1760.0,5.53
OGLE-2017-BLG-1099L b,1,Microlensing,2021,Published Confirmed,0,,2.73,959.84178914,3.02
OGLE-2017-BLG-1140L b,1,Microlensing,2018,Published Confirmed,0,,1.02,505.0,1.59
OGLE-2017-BLG-1237L b,1,Microlensing,2024,Published Confirmed,0,,2.53,1207.7479466,3.8
OGLE-2017-BLG-1275L b,1,Microlensing,2024,Published Confirmed,0,,2.09,1875.1876013,5.9
OGLE-2017-BLG-1375L b,1,Microlensing,2020,Published Confirmed,0,,3.04,3585.0,11.28
OGLE-2017-BLG-1434L b,1,Microlensing,2018,Published Confirmed,0,,1.18,4.43,0.01393834
OGLE-2017-BLG-1522L b,1,Microlensing,2018,Published Confirmed,0,,0.59,240.0,0.75
OGLE-2017-BLG-1691L b,1,Microlensing,2022,Published Confirmed,0,,2.41,14.62010672,0.046
OGLE-2017-BLG-1806L b,1,Microlensing,2023,Published Confirmed,0,,1.75,5.27,0.01658127
OGLE-2018-BLG-0298L b,1,Microlensing,2022,Published Confirmed,0,,2.86,44.49597698,0.14
OGLE-2018-BLG-0383L b,1,Microlensing,2022,Published Confirmed,0,,1.8,6.4,0.02013665
OGLE-2018-BLG-0506L b,1,Microlensing,2022,Published Confirmed,0,,3.0,16.3,0.05128554
OGLE-2018-BLG-0516L b,1,Microlensing,2022,Published Confirmed,0,,2.2,20.1,0.06324167
OGLE-2018-BLG-0532L b,1,Microlensing,2020,Published Confirmed,0,,1.064,6.228,0.01959548
OGLE-2018-BLG-0567L b,1,Microlensing,2021,Published Confirmed,0,,2.72,101.70509024,0.32
OGLE-2018-BLG-0596L b,1,Microlensing,2019,Published Confirmed,0,,0.97,13.93,0.04383
OGLE-2018-BLG-0677L b,1,Microlensing,2020,Published Confirmed,0,,0.63,3.96,0.0125
OGLE-2018-BLG-0740L b,1,Microlensing,2019,Published Confirmed,0,5480.0,5.0,1500.0,4.8
OGLE-2018-BLG-0799L b,1,Microlensing,2022,Published Confirmed,0,,1.28,82.63538582,0.26
OGLE-2018-BLG-0932L b,1,Microlensing,2022,Published Confirmed,0,,1.75,282.86728223,0.89
OGLE-2018-BLG-0962L b,1,Microlensing,2021,Published Confirmed,0,,3.59,425.89006538,1.34
OGLE-2018-BLG-0977L b,1,Microlensing,2022,Published Confirmed,0,,2.0,6.4,0.02013665
OGLE-2018-BLG-1011L b,1,Microlensing,2019,Published Confirmed,0,,1.8,570.0,1.8
OGLE-2018-BLG-1011L c,1,Microlensing,2019,Published Confirmed,0,,0.8,890.0,2.8
OGLE-2018-BLG-1119L b,1,Microlensing,2022,Published Confirmed,0,,4.06,289.22385037,0.91
OGLE-2018-BLG-1126L b,1,Microlensing,2022,Published Confirmed,0,,3.23,17.79839079,0.056
OGLE-2018-BLG-1185L b,1,Microlensing,2021,Published Confirmed,0,,1.54,8.4,0.02642936
OGLE-2018-BLG-1212L b,1,Microlensing,2022,Published Confirmed,0,,1.68,63.5656814,0.2
OGLE-2018-BLG-1269L b,1,Microlensing,2020,Published Confirmed,0,,4.51,210.0,0.67
OGLE-2018-BLG-1428L b,1,Microlensing,2021,Published Confirmed,0,,3.3,240.0,0.77
OGLE-2018-BLG-1647L b,1,Microlensing,2022,Published Confirmed,0,,1.36,308.29355479,0.97
OGLE-2018-BLG-1700L b,1,Microlensing,2020,Published Confirmed,0,,2.8,1400.0,4.4
OGLE-2019-BLG-0249L b,1,Microlensing,2023,Published Confirmed,0,,1.84,2262.93825784,7.12
OGLE-2019-BLG-0299L b,1,Microlensing,2021,Published Confirmed,0,,2.8,1976.89269154,6.22
OGLE-2019-BLG-0304L b,1,Microlensing,2021,Published Confirmed,0,,1.23,162.09248757,0.51
OGLE-2019-BLG-0362L b,1,Microlensing,2022,Published Confirmed,0,,2.18,1036.12060682,3.26
OGLE-2019-BLG-0468L b,1,Microlensing,2022,Published Confirmed,0,,3.29,1090.15143601,3.43
OGLE-2019-BLG-0468L c,1,Microlensing,2022,Published Confirmed,0,,2.77,3248.20631954,10.22
OGLE-2019-BLG-0679L b,1,Microlensing,2023,Published Confirmed,0,,6.99,1061.54687938,3.34
OGLE-2019-BLG-0954L b,1,Microlensing,2021,Published Confirmed,0,,2.65,4513.1633794,14.2
OGLE-2019-BLG-0960L b,1,Microlensing,2021,Published Confirmed,0,,1.9,2.5,0.00786588
OGLE-2019-BLG-1053L b,1,Microlensing,2021,Published Confirmed,0,,3.4,2.48,0.00780295
OGLE-2019-BLG-1180L b,1,Microlensing,2023,Published Confirmed,0,,5.19,555.24622703,1.747
OGLE-2019-BLG-1470L AB c,1,Microlensing,2022,Published Confirmed,0,,3.2,699.2224954,2.2
OGLE-2019-BLG-1492L b,1,Microlensing,2022,Published Confirmed,0,,2.7,37.1,0.11672965
OGLE-2023-BLG-0766L b,1,Microlensing,2026,Published Confirmed,0,,2.5,349.6112477,1.1
OGLE-2023-BLG-0836L b,1,Microlensing,2024,Published Confirmed,0,,3.7,1385.73185452,4.36
OGLE-TR-10 b,1,Transit,2004,Published Confirmed,0,3.101278,0.0434,197.046,0.62
OGLE-TR-111 b,1,Transit,2004,Published Confirmed,0,4.0144463,0.0473,,
OGLE-TR-113 b,1,Transit,2004,Published Confirmed,0,1.4324752,0.02289,400.449,1.26
OGLE-TR-132 b,1,Transit,2004,Published Confirmed,0,1.689868,0.03035,375.02,1.18
OGLE-TR-182 b,1,Transit,2007,Published Confirmed,0,3.9791,0.051,320.995,1.01
OGLE-TR-211 b,1,Transit,2007,Published Confirmed,0,3.67724,0.051,327.351,1.03
OGLE-TR-56 b,1,Transit,2002,Published Confirmed,0,1.2119189,0.02383,441.77,1.39
OGLE2-TR-L9 b,1,Transit,2008,Published Confirmed,0,2.4855335,0.0308,1430.175,4.5
PH1 b,1,Transit,2012,Published Confirmed,0,138.317,0.652,169.0,0.531
PH2 b,1,Transit,2013,Published Confirmed,0,282.52542,0.833,87.08498352,0.274
POTS-1 b,1,Transit,2013,Published Confirmed,0,3.1606296,0.03734,734.16,2.31
PSR B0329+54 b,1,Pulsar Timing,2017,Published Confirmed,0,10140.0,10.26,1.97,0.00619828
PSR B1257+12 b,1,Pulsar Timing,1994,Published Confirmed,0,25.262,0.19,0.02,6.293e-05
PSR B1257+12 c,1,Pulsar Timing,1992,Published Confirmed,0,66.5419,0.36,4.3,0.01352925
PSR B1257+12 d,1,Pulsar Timing,1992,Published Confirmed,0,98.2114,0.46,3.9,0.01227071
PSR J1719-1438 b,1,Pulsar Timing,2011,Published Confirmed,0,0.090706293,0.0044,382.8,1.2
PSR J2322-2650 b,1,Pulsar Timing,2017,Published Confirmed,0,0.322963997,0.0102,252.643067,0.7949
Pr0201 b,1,Radial Velocity,2012,Published Confirmed,0,4.4264,0.06,171.6282,0.54
Pr0211 b,1,Radial Velocity,2012,Published Confirmed,0,2.1461,0.03176,597.5204,1.88
Pr0211 c,1,Radial Velocity,2016,Published Confirmed,0,4850.0,5.5,2475.8957,7.79
Proxima Cen b,1,Radial Velocity,2016,Published Confirmed,0,11.18465,0.04848,1.055,0.0033194
Proxima Cen d,1,Radial Velocity,2025,Published Confirmed,0,5.12338,0.02881,0.26,0.00081805
Qatar-1 b,1,Transit,2010,Published Confirmed,0,1.4200242,0.02332,411.27202,1.294
Qatar-10 b,1,Transit,2019,Published Confirmed,0,1.645321,0.0286,233.92288,0.736
Qatar-2 b,1,Transit,2011,Published Confirmed,0,1.33711647,0.02153,792.635,2.494
Qatar-3 b,1,Transit,2017,Published Confirmed,0,2.5079204,0.03783,1369.8473,4.31
Qatar-4 b,1,Transit,2017,Published Confirmed,0,1.8053564,0.02803,1938.763,6.1
Qatar-5 b,1,Transit,2017,Published Confirmed,0,2.8792319,0.04127,1373.0256,4.32
Qatar-6 b,1,Transit,2017,Published Confirmed,0,3.506195,0.0423,212.31044,0.668
Qatar-7 b,1,Transit,2019,Published Confirmed,0,2.032046,0.0352,597.5204,1.88
Qatar-8 b,1,Transit,2019,Published Confirmed,0,3.71495,0.0474,117.91493,0.371
Qatar-9 b,1,Transit,2019,Published Confirmed,0,1.540731,0.0234,378.2177,1.19
RR Cae b,1,Eclipse Timing Variations,2012,Published Confirmed,1,4343.5,5.3,1334.886,4.2
Ross 128 b,1,Radial Velocity,2017,Published Confirmed,0,9.8658,0.0496,1.4,0.00440487
Ross 176 b,1,Transit,2025,Published Confirmed,0,5.0066338,0.0464,4.57,0.01437883
Ross 508 b,1,Radial Velocity,2022,Published Confirmed,0,10.77,0.05366,4.0,0.01258541
SPECULOOS-3 b,1,Transit,2024,Published Confirmed,0,0.71912603,0.00733,,
SWEEPS-11 b,1,Transit,2006,Published Confirmed,0,1.796,0.03,3082.82,9.7
SWEEPS-4 b,1,Transit,2006,Published Confirmed,0,4.2,0.055,1207.7,3.8
TAP 26 b,1,Radial Velocity,2017,Published Confirmed,0,10.79,0.0968,527.5978,1.66
TCP J05074264+2447555 b,1,Microlensing,2018,Published Confirmed,0,,0.94,20.0,0.06292704
TIC 139270665 b,1,Transit,2024,Published Confirmed,0,23.624,0.163,147.15455244,0.463
TIC 139270665 c,1,Radial Velocity,2024,Published Confirmed,0,1010.0,2.0,1554.18091023,4.89
TIC 147027702 b,1,Transit,2026,Published Confirmed,0,44.40523,0.274,346.43296363,1.09
TIC 172900988 b,1,Transit,2021,Published Confirmed,0,200.452,0.90281,942.0,2.96386345
TIC 237913194 b,1,Transit,2020,Published Confirmed,0,15.168865,0.1207,617.22586,1.942
TIC 241249530 b,1,Transit,2024,Published Confirmed,0,165.7719,0.641,1582.78546686,4.98
TIC 245076932 b,1,Transit,2026,Published Confirmed,0,21.61389,0.157,162.09248757,0.51
TIC 257060897 b,1,Transit,2021,Published Confirmed,0,3.66003639,0.04922,201.50321004,0.634
TIC 279401253 b,1,Transit,2023,Published Confirmed,0,76.8,0.369,1951.46641898,6.14
TIC 279401253 c,1,Transit,2023,Published Confirmed,0,155.3,0.591,2548.98382414,8.02
TIC 365102760 b,1,Transit,2024,Published Confirmed,0,4.21285367,0.0622,19.2,0.06040996
TIC 393818343 b,1,Transit,2024,Published Confirmed,0,16.24921,0.1291,1379.37528638,4.34
TIC 434398831 b,1,Transit,2025,Published Confirmed,0,3.685504,0.04641,,
TIC 434398831 c,1,Transit,2025,Published Confirmed,0,6.210291,0.06572,,
TIC 46432937 b,1,Transit,2024,Published Confirmed,0,1.44044527,0.02065,1017.0509024,3.2
TIC 4672985 b,1,Transit,2024,Published Confirmed,0,69.048,0.33,4049.13390518,12.74
TIC 52059926 b,1,Transit,2026,Published Confirmed,0,175.532,0.553,5380.0,16.9
TIC 87422071 b,1,Transit,2026,Published Confirmed,0,11.364929,0.106,409.99864503,1.29
TIC 88785435 b,1,Transit,2025,Published Confirmed,0,10.508843,0.08432,,
TIC 9344899 b,1,Transit,2026,Published Confirmed,0,8.5821566,0.0815,6170.0,19.4
TOI-1052 b,1,Transit,2023,Published Confirmed,0,9.139703,0.09103,16.9,0.05317335
TOI-1052 c,1,Radial Velocity,2023,Published Confirmed,0,35.806,0.2263,34.3,0.10791987
TOI-1062 b,1,Transit,2021,Published Confirmed,0,4.11296,0.052,10.15,0.03193547
TOI-1062 c,1,Radial Velocity,2021,Published Confirmed,0,7.972,0.08,9.78,0.03077132
TOI-1064 b,1,Transit,2022,Published Confirmed,0,6.443868,0.06152,13.5,0.04247575
TOI-1064 c,1,Transit,2022,Published Confirmed,0,12.226574,0.09429,2.5,0.00786588
TOI-1075 b,1,Transit,2022,Published Confirmed,0,0.6047328,0.01159,9.95,0.0313062
TOI-1080 b,1,Transit,2026,Published Confirmed,0,3.9652482,0.0272,10.7,0.03366596
TOI-1107 b,1,Transit,2022,Published Confirmed,0,4.0782387,0.0561,1064.72516345,3.35
TOI-1117 b,1,Transit,2025,Published Confirmed,0,2.22816,0.033,8.9,0.02800253
TOI-1117 c,1,Radial Velocity,2025,Published Confirmed,0,4.579,0.0534,8.78,0.02762497
TOI-1117 d,1,Radial Velocity,2025,Published Confirmed,0,8.665,0.0817,10.71,0.03369743
TOI-1130 b,1,Transit,2020,Published Confirmed,0,4.074554,0.0453,19.8,0.06229777
TOI-1130 c,1,Transit,2020,Published Confirmed,0,8.3501898,0.0731,336.0,1.05717423
TOI-1135 b,1,Transit,2024,Published Confirmed,0,8.0277327,0.0815,58.79825529,0.185
TOI-1136 b,1,Transit,2022,Published Confirmed,0,4.1727,0.05106,3.5,0.01101223
TOI-1136 c,1,Transit,2022,Published Confirmed,0,6.2574,0.0669,6.32,0.01988494
TOI-1136 d,1,Transit,2022,Published Confirmed,0,12.5199,0.1062,8.35,0.02627204
TOI-1136 f,1,Transit,2022,Published Confirmed,0,26.321,0.174,9.7,0.03051961
TOI-1136 g,1,Transit,2022,Published Confirmed,0,39.545,0.229,5.6,0.01761957
TOI-1173 b,1,Transit,2024,Published Confirmed,0,7.06466,0.0696,27.4,0.08621004
TOI-1174 b,1,Transit,2024,Published Confirmed,0,8.953487683,0.07994,,
TOI-1180 b,1,Transit,2024,Published Confirmed,0,9.686760378,0.080799,,
TOI-1184 b,1,Transit,2024,Published Confirmed,0,5.748433803,0.056027,,
TOI-1194 b,1,Transit,2023,Published Confirmed,0,2.3106446,0.034,120.0,0.37756222
TOI-1199 b,1,Transit,2024,Published Confirmed,0,3.671463,0.04988,75.96098927,0.239
TOI-1201 b,1,Transit,2021,Published Confirmed,0,2.4919863,0.0287,6.28,0.01975909
TOI-1203 b,1,Radial Velocity,2025,Published Confirmed,0,4.1572888,0.04869,3.51,0.0110437
TOI-1203.01,1,Transit,2021,Published Confirmed,0,25.502672,0.1632,7.39,0.02325154
TOI-122 b,1,Transit,2020,Published Confirmed,0,5.07803,0.0392,,
TOI-1221 b,1,Transit,2023,Published Confirmed,0,91.68278,0.387,1112.3994245,3.5
TOI-1224 b,1,Transit,2024,Published Confirmed,0,4.1782745,0.0355,,
TOI-1227 b,1,Transit,2022,Published Confirmed,0,27.36397,0.0886,,
TOI-1231 b,1,Transit,2021,Published Confirmed,0,24.245586,0.1288,15.4,0.04845382
TOI-1232 b,1,Transit,2026,Published Confirmed,0,14.256,0.117,220.57291446,0.694
TOI-1232 c,1,Transit Timing Variations,2026,Published Confirmed,0,30.356,0.194,58.48042689,0.184
TOI-1233.01,1,Transit,2021,Published Confirmed,0,14.175685,0.1074,,
TOI-1238 b,1,Transit,2022,Published Confirmed,0,0.764597,0.0139,3.76,0.01183028
TOI-1238 c,1,Transit,2022,Published Confirmed,0,3.294736,0.037,8.32,0.02617765
TOI-1244 b,1,Transit,2024,Published Confirmed,0,6.400316483,0.060694,,
TOI-1246 b,1,Transit,2022,Published Confirmed,0,4.30744,0.049,8.1,0.02548545
TOI-1246 c,1,Transit,2022,Published Confirmed,0,5.904137,0.061,9.1,0.0286318
TOI-1246 d,1,Transit,2022,Published Confirmed,0,18.654874,0.132,5.4,0.0169903
TOI-1246 e,1,Transit,2022,Published Confirmed,0,37.92548,0.212,14.5,0.0456221
TOI-1248 b,1,Transit,2024,Published Confirmed,0,4.3601561,0.051,27.4,0.08621004
TOI-1249 b,1,Transit,2024,Published Confirmed,0,13.079151,0.109,11.9,0.03744159
TOI-125 b,1,Transit,2019,Published Confirmed,0,4.65382,0.05186,9.5,0.02989019
TOI-125 c,1,Transit,2019,Published Confirmed,0,9.15059,0.0814,6.63,0.02086021
TOI-125 d,1,Transit,2020,Published Confirmed,0,19.98,0.137,13.6,0.04279017
TOI-1259 A b,1,Transit,2021,Published Confirmed,0,3.4779792,0.0408,141.0,0.44363561
TOI-1260 b,1,Transit,2021,Published Confirmed,0,3.127463,0.0367,8.56,0.02693277
TOI-1260 c,1,Transit,2021,Published Confirmed,0,7.493134,0.0657,13.2,0.04153184
TOI-1260 d,1,Transit,2022,Published Confirmed,0,16.608164,0.1116,11.84,0.03725281
TOI-1266 b,1,Transit,2020,Published Confirmed,0,10.8945,0.073,4.46,0.01403273
TOI-1266 c,1,Transit,2020,Published Confirmed,0,18.8027,0.105,3.17,0.00997394
TOI-1266 d,1,Transit Timing Variations,2025,Published Confirmed,0,32.509,0.1513,3.68,0.01157857
TOI-1268 b,1,Transit,2022,Published Confirmed,0,8.1577094,0.0711,96.4,0.30330832
TOI-1269 b,1,Transit,2024,Published Confirmed,0,4.2529913,0.0496,6.4,0.02013665
TOI-1272 b,1,Transit,2022,Published Confirmed,0,3.3159765,0.041,24.1,0.07582708
TOI-1273 b,1,Transit,2024,Published Confirmed,0,4.631296,0.0549,70.55790635,0.222
TOI-1278 b,1,Transit,2021,Published Confirmed,0,14.47567,0.095,5879.8255295,18.5
TOI-1279 b,1,Transit,2024,Published Confirmed,0,9.61419,0.085,10.6,0.03335133
TOI-128.01,1,Transit,2024,Published Confirmed,0,4.9404681,0.05381019,,
TOI-1288 b,1,Transit,2022,Published Confirmed,0,2.6998279,0.0374,44.1,0.13875412
TOI-1288 c,1,Radial Velocity,2022,Published Confirmed,0,416.0,1.07,85.7,0.26964235
TOI-1294 b,1,Transit,2024,Published Confirmed,0,3.915292,0.051,63.9,0.20105188
TOI-1294 c,1,Radial Velocity,2024,Published Confirmed,0,159.9,0.61,147.0,0.46251372
TOI-1295 b,1,Transit,2024,Published Confirmed,0,3.1968838,0.047,451.31633794,1.42
TOI-1296 b,1,Transit,2021,Published Confirmed,0,3.9443736,0.051,95.3,0.29984733
TOI-1298 b,1,Transit,2021,Published Confirmed,0,4.537143,0.057,99.0,0.31148883
TOI-1301.01,1,Transit,2024,Published Confirmed,0,6.096407209,0.059866,,
TOI-132 b,1,Transit,2020,Published Confirmed,0,2.1097019,0.026,22.4,0.07047793
TOI-1333 b,1,Transit,2021,Published Confirmed,0,4.720219,0.0626,753.2571,2.37
TOI-1386 b,1,Transit,2024,Published Confirmed,0,25.8401,0.173,45.8,0.14410292
TOI-1386 c,1,Radial Velocity,2024,Published Confirmed,0,232.0,0.75,75.2,0.23660566
TOI-1408 b,1,Transit,2023,Published Confirmed,0,4.42587,0.05778,593.0,1.86578665
TOI-1408 c,1,Transit Timing Variations,2024,Published Confirmed,0,2.1664,0.03587,7.6,0.02391227
TOI-1410 c,1,Radial Velocity,2024,Published Confirmed,0,47.56,0.239,27.0,0.0849515
TOI-1410.01,1,Transit,2024,Published Confirmed,0,1.21687,0.0207,12.5,0.0393294
TOI-1411 b,1,Transit,2022,Published Confirmed,0,1.4520527,0.02122,2.0,0.0062927
TOI-1416 b,1,Transit,2023,Published Confirmed,0,1.0697568,0.019,3.48,0.0109493
TOI-1420 b,1,Transit,2023,Published Confirmed,0,6.9561063,0.071,25.1,0.07897343
TOI-1422 b,1,Transit,2022,Published Confirmed,0,12.99894,0.107,9.5,0.02989034
TOI-1422 c,1,Radial Velocity,2025,Published Confirmed,0,34.5633,0.205,14.0,0.04404893
TOI-1431 b,1,Transit,2021,Published Confirmed,0,2.650237,0.046,991.62462984,3.12
TOI-1437 b,1,Transit,2024,Published Confirmed,0,18.840942,0.14,9.6,0.03020498
TOI-1438 b,1,Transit,2025,Published Confirmed,0,5.13967,0.0553,9.4,0.02957571
TOI-1438 c,1,Transit,2025,Published Confirmed,0,9.428089,0.083,10.6,0.03335133
TOI-1439 b,1,Transit,2024,Published Confirmed,0,27.644,0.192,38.5,0.12113455
TOI-1442 b,1,Transit,2022,Published Confirmed,0,0.4090677,0.0071,,
TOI-1443 b,1,Transit,2024,Published Confirmed,0,23.540678,0.147,30.0,0.09439056
TOI-1444 b,1,Transit,2021,Published Confirmed,0,0.4702743,0.0116,3.58,0.01126394
TOI-1448 b,1,Transit,2024,Published Confirmed,0,8.112245,0.0567,19.5,0.06135386
TOI-1451 b,1,Transit,2024,Published Confirmed,0,16.537944,0.127,15.2,0.04782455
TOI-1452 b,1,Transit,2022,Published Confirmed,0,11.06201,0.061,4.82,0.01516542
TOI-1467 b,1,Transit,2024,Published Confirmed,0,5.97114713,0.050748,,
TOI-1468 b,1,Transit,2022,Published Confirmed,0,1.8805201,0.02107,3.04,0.00956491
TOI-1468 c,1,Transit,2022,Published Confirmed,0,15.532477,0.08608,4.1,0.01290004
TOI-1470 b,1,Transit,2023,Published Confirmed,0,2.527093,0.0285,7.32,0.0230313
TOI-1470 c,1,Transit,2023,Published Confirmed,0,18.08816,0.106,7.24,0.02277959
TOI-1472 b,1,Transit,2024,Published Confirmed,0,6.36338574,0.064,18.05,0.057
TOI-1472 c,1,Radial Velocity,2025,Published Confirmed,0,15.5381747,0.116,21.13,0.067
TOI-1478 b,1,Transit,2021,Published Confirmed,0,10.1802117,0.0818,279.68899816,0.88
TOI-150.01,1,Transit,2019,Published Confirmed,0,5.857487,0.07037,797.7533,2.51
TOI-1518 b,1,Transit,2021,Published Confirmed,0,1.90261131,0.03712,581.62598481,1.83
TOI-1533 b,1,Transit,2026,Published Confirmed,0,3.6457974,0.0445,28.1,0.08841249
TOI-1533 c,1,Transit,2026,Published Confirmed,0,8.0637926,0.076,36.6,0.11515648
TOI-157 b,1,Transit,2020,Published Confirmed,0,2.0845435,0.03138,375.0394,1.18
TOI-159 b,1,Transit,2026,Published Confirmed,0,3.7628396,0.056,1110.0,3.49
TOI-1601 b,1,Transit,2021,Published Confirmed,0,5.33175,0.069,387.0,1.21763817
TOI-163 b,1,Transit,2019,Published Confirmed,0,4.231306,0.058,387.7526,1.22
TOI-1630.01,1,Transit,2024,Published Confirmed,0,12.055734733,0.101151,,
TOI-1634 b,1,Transit,2021,Published Confirmed,0,0.98934551,0.01544,4.9,0.01541712
TOI-1648 b,1,Transit,2025,Published Confirmed,0,7.331602,0.0694,7.4,0.0233
TOI-1659.01,1,Transit,2024,Published Confirmed,0,5.877556328,0.065757,,
TOI-1669 b,1,Radial Velocity,2023,Published Confirmed,0,500.0,1.27,191.0,0.60095321
TOI-1669 c,1,Transit,2024,Published Confirmed,0,2.6800535,0.0376,13.0,0.04090257
TOI-1670 b,1,Transit,2022,Published Confirmed,0,10.98462,0.103,41.31769291,0.13
TOI-1670 c,1,Transit,2022,Published Confirmed,0,40.74976,0.249,200.23189641,0.63
TOI-1680 b,1,Transit,2023,Published Confirmed,0,4.8026345,0.03144,,
TOI-1683.01,1,Transit,2024,Published Confirmed,0,3.0575356,0.036507593,,
TOI-1685 b,1,Transit,2021,Published Confirmed,0,0.66913923,0.01164,3.07,0.0096593
TOI-169 b,1,Transit,2020,Published Confirmed,0,2.2554477,0.03524,251.40353,0.791
TOI-1691 b,1,Transit,2024,Published Confirmed,0,16.736888935,0.129365,,
TOI-1693 b,1,Transit,2022,Published Confirmed,0,1.7666957,0.0226,,
TOI-1694 b,1,Transit,2023,Published Confirmed,0,3.7701389,0.0445,28.24,0.08885298
TOI-1694 c,1,Radial Velocity,2023,Published Confirmed,0,386.25,0.974,316.55709337,0.996
TOI-1695 b,1,Transit,2022,Published Confirmed,0,3.1342791,0.033548,6.36,0.0200108
TOI-1696 b,1,Transit,2022,Published Confirmed,0,2.500311,0.0229,48.8,0.15354197
TOI-1710 b,1,Transit,2022,Published Confirmed,0,24.28336,0.1652,19.1,0.06009532
TOI-1716.01,1,Transit,2024,Published Confirmed,0,8.082376554,0.080496,,
TOI-172 b,1,Transit,2019,Published Confirmed,0,9.47725,0.0914,1722.6386,5.42
TOI-1723 b,1,Transit,2024,Published Confirmed,0,13.727012643,0.113496,,
TOI-1728 b,1,Transit,2020,Published Confirmed,0,3.49151,0.0391,26.78,0.08425888
TOI-1736 b,1,Transit,2023,Published Confirmed,0,7.073076,0.073,12.3,0.03870013
TOI-1736 c,1,Radial Velocity,2023,Published Confirmed,0,571.25,1.37,2441.0,7.68024489
TOI-1739 b,1,Transit,2024,Published Confirmed,0,8.303341406,0.073872,,
TOI-1742 b,1,Transit,2024,Published Confirmed,0,21.269084,0.154,9.7,0.03051961
TOI-1743 b,1,Transit,2025,Published Confirmed,0,4.266046,0.03589,,
TOI-1744.01,1,Transit,2024,Published Confirmed,0,22.341702927,0.164086,,
TOI-1749 b,1,Transit,2021,Published Confirmed,0,2.38839,0.0291,57.0,0.17934206
TOI-1749 c,1,Transit,2021,Published Confirmed,0,4.4929,0.0443,14.0,0.04404893
TOI-1749 d,1,Transit,2021,Published Confirmed,0,9.0497,0.0707,15.0,0.04719528
TOI-1751 b,1,Transit,2024,Published Confirmed,0,37.46852,0.215,19.5,0.06135386
TOI-1752 b,1,Transit,2026,Published Confirmed,0,0.9351861,0.01624,,
TOI-1752 c,1,Transit,2026,Published Confirmed,0,32.71443,0.1614,,
TOI-1753 b,1,Transit,2024,Published Confirmed,0,5.3846104,0.059,16.6,0.05222944
TOI-1758 b,1,Transit,2024,Published Confirmed,0,20.705074685,0.141409,,
TOI-1759 b,1,Transit,2022,Published Confirmed,0,18.85019,0.1177,10.8,0.0339806
TOI-1768.01,1,Transit,2024,Published Confirmed,0,7.337703649,0.076381,,
TOI-1772.01,1,Transit,2024,Published Confirmed,0,8.054246874,0.078375,,
TOI-1775 b,1,Transit,2024,Published Confirmed,0,10.2405549,0.08,96.0,0.30204978
TOI-1776 b,1,Transit,2024,Published Confirmed,0,2.799868,0.0378,1.4,0.00440489
TOI-1777.01,1,Transit,2024,Published Confirmed,0,14.650111974,0.119466,,
TOI-1782.01,1,Transit,2024,Published Confirmed,0,4.987641028,0.05024,,
TOI-1782.02,1,Transit,2024,Published Confirmed,0,1.829024227,0.025739,,
TOI-1789 b,1,Transit,2021,Published Confirmed,0,3.208664,0.04882,222.4798849,0.7
TOI-1794 b,1,Transit,2024,Published Confirmed,0,8.765528,0.082,8.7,0.02737326
TOI-1798.01,1,Transit,2024,Published Confirmed,0,8.021522331,0.074984,,
TOI-1798.02,1,Transit,2024,Published Confirmed,0,0.437811822,0.010789,,
TOI-1799 b,1,Transit,2024,Published Confirmed,0,7.094570865,0.072502,,
TOI-1803 b,1,Transit,2025,Published Confirmed,0,6.293287,0.06,10.32,0.03247035
TOI-1803 c,1,Transit,2025,Published Confirmed,0,12.885779,0.097,8.0,0.02517081
TOI-1806.01,1,Transit,2024,Published Confirmed,0,15.1454693,0.087735044,,
TOI-1807 b,1,Transit,2021,Published Confirmed,0,0.54937097,0.0122,2.44,0.0076771
TOI-181 b,1,Transit,2023,Published Confirmed,0,4.532,0.0539,46.1687,0.1452
TOI-1811 b,1,Transit,2023,Published Confirmed,0,3.7130765,0.04389,308.9292116,0.972
TOI-1820 b,1,Transit,2022,Published Confirmed,0,4.860674,0.061,731.0053361,2.3
TOI-1823 b,1,Transit,2024,Published Confirmed,0,38.8,0.212,67.4,0.21206412
TOI-1824 b,1,Transit,2024,Published Confirmed,0,22.808533,0.151,16.0,0.05034163
TOI-1836 b,1,Transit,2024,Published Confirmed,0,20.380799,0.1597,38.45723725,0.121
TOI-1836 c,1,Transit,2024,Published Confirmed,0,1.7727471,0.03089,8.0,0.02517081
TOI-1842 b,1,Transit,2021,Published Confirmed,0,9.5739181,0.1,89.4,0.28128386
TOI-1846 b,1,Transit,2025,Published Confirmed,0,3.9306737,0.03646,,
TOI-1853 b,1,Transit,2023,Published Confirmed,0,1.2436258,0.0213,73.2,0.23031296
TOI-1855 b,1,Transit,2024,Published Confirmed,0,1.36414864,0.02398,360.09958513,1.133
TOI-1859 b,1,Transit,2023,Published Confirmed,0,63.48347,0.337,,
TOI-1860 b,1,Transit,2022,Published Confirmed,0,1.0662107,0.0204,,
TOI-1883 b,1,Transit,2024,Published Confirmed,0,4.508,0.0423,13.7,0.04310502
TOI-1898 b,1,Transit,2024,Published Confirmed,0,45.52234,0.269,129.0,0.40587939
TOI-1899 b,1,Transit,2020,Published Confirmed,0,29.090312,0.1525,212.94503269,0.67
TOI-1937 A b,1,Transit,2023,Published Confirmed,0,0.94667944,0.01932,638.83509807,2.01
TOI-198 b,1,Transit,2023,Published Confirmed,0,10.215213,0.0675,3.17,0.00997394
TOI-199 b,1,Transit,2023,Published Confirmed,0,104.854,0.4254,54.03082919,0.17
TOI-199 c,1,Transit Timing Variations,2023,Published Confirmed,0,273.69,0.807,88.99195396,0.28
TOI-1994 b,1,Transit,2024,Published Confirmed,0,4.0337142,0.0613,7024.0077947,22.1
TOI-2000 b,1,Transit,2023,Published Confirmed,0,3.09833,0.04271,11.0,0.0347
TOI-2000 c,1,Transit,2023,Published Confirmed,0,9.127055,0.0878,81.7,0.257
TOI-2005 b,1,Transit,2025,Published Confirmed,0,17.305904,0.16,2034.1018048,6.4
TOI-201 b,1,Transit,2021,Published Confirmed,0,52.9786,0.303,164.0,0.51600171
TOI-201 c,1,Transit Timing Variations,2025,Published Confirmed,0,2890.0,4.37,4990.0,15.70029579
TOI-201 d,1,Transit,2026,Published Confirmed,0,5.84889,0.0698,5.8,0.01824884
TOI-2010 b,1,Transit,2023,Published Confirmed,0,141.834025,0.5516,408.7273314,1.286
TOI-2015 b,1,Transit,2023,Published Confirmed,0,3.348237,0.029322,9.2,0.02894644
TOI-2015 c,1,Transit Timing Variations,2025,Published Confirmed,0,5.582796,0.041232,8.91,0.028034
TOI-2019 b,1,Transit,2024,Published Confirmed,0,15.3444,0.128,34.4,0.1082345
TOI-2025 b,1,Transit,2022,Published Confirmed,0,8.8720982,0.0892,1144.1822652,3.6
TOI-2031 A b,1,Transit,2025,Published Confirmed,0,5.71548654,0.066,254.2627256,0.8
TOI-2040 b,1,Transit,2026,Published Confirmed,0,3.8608576,0.0473,248.22398587,0.781
TOI-2049 b,1,Transit,2026,Published Confirmed,0,5.303468,0.06919,486.27746271,1.53
TOI-206 b,1,Transit,2022,Published Confirmed,0,0.7363104,0.0112,,
TOI-2068 b,1,Transit,2024,Published Confirmed,0,7.768915,0.0632,,
TOI-2076 b,1,Transit,2021,Published Confirmed,0,10.35504,0.08781,6.7,0.02108056
TOI-2076 c,1,Transit,2021,Published Confirmed,0,21.01447,0.1407,7.2,0.02265373
TOI-2076 d,1,Transit,2021,Published Confirmed,0,35.12803,0.1982,7.3,0.02296837
TOI-2076 e,1,Transit,2025,Published Confirmed,0,3.0223753,0.03863,4.7,0.01478785
TOI-2081 b,1,Transit,2022,Published Confirmed,0,10.50534,0.0752,,
TOI-2084 b,1,Transit,2023,Published Confirmed,0,6.0784247,0.05006,,
TOI-2088 b,1,Transit,2024,Published Confirmed,0,124.72997,0.472,37.0,0.11641502
TOI-2093 b,1,Radial Velocity,2025,Published Confirmed,0,12.836,0.097,10.6,0.03335133
TOI-2093 c,1,Transit,2025,Published Confirmed,0,53.81149,0.257,15.8,0.04971236
TOI-2094 b,1,Transit,2026,Published Confirmed,0,18.793193,0.136,,
TOI-2095 b,1,Transit,2023,Published Confirmed,0,17.66484,0.101,4.1,0.01290004
TOI-2095 c,1,Transit,2023,Published Confirmed,0,28.17232,0.137,7.4,0.023283
TOI-2096 b,1,Transit,2023,Published Confirmed,0,3.1190633,0.025,,
TOI-2096 c,1,Transit,2023,Published Confirmed,0,6.38784,0.04,,
TOI-2107 b,1,Transit,2024,Published Confirmed,0,2.4545467,0.03515,263.79757781,0.83
TOI-2109 b,1,Transit,2021,Published Confirmed,0,0.67247414,0.01791,1595.49860314,5.02
TOI-2120 b,1,Transit,2024,Published Confirmed,0,5.7998164,0.0377,6.8,0.02139519
TOI-2128 b,1,Transit,2024,Published Confirmed,0,16.34136,0.127,4.5,0.01415858
TOI-2133 b,1,Transit,2026,Published Confirmed,0,3.8266472,0.041,,
TOI-2134 b,1,Transit,2023,Published Confirmed,0,9.229198,0.07803,9.37,0.02948132
TOI-2134 c,1,Transit,2023,Published Confirmed,0,95.85284,0.3715,58.3,0.18343231
TOI-2136 b,1,Transit,2022,Published Confirmed,0,7.851928,0.057,6.37,0.02004226
TOI-2141 b,1,Transit,2023,Published Confirmed,0,18.261608,0.1322,20.1,0.06324167
TOI-2141 c,1,Radial Velocity,2025,Published Confirmed,0,5.4624,0.0585,6.14,0.0193186
TOI-2141 d,1,Radial Velocity,2025,Published Confirmed,0,60.45,0.2906,14.9,0.04688064
TOI-2145 b,1,Transit,2023,Published Confirmed,0,10.261128,0.1117,1805.26535176,5.68
TOI-2147 b,1,Transit,2026,Published Confirmed,0,26.20518,0.172,116.0,0.36497682
TOI-2152 A b,1,Transit,2023,Published Confirmed,0,3.3773512,0.05064,899.45439181,2.83
TOI-2154 b,1,Transit,2023,Published Confirmed,0,3.8240801,0.0513,292.40213444,0.92
TOI-2158 b,1,Transit,2022,Published Confirmed,0,8.60077,0.075,260.61929374,0.82
TOI-2169 A b,1,Transit,2025,Published Confirmed,0,8.2148282,0.0896,329.58805806,1.037
TOI-2180 b,1,Transit,2022,Published Confirmed,0,260.79,0.828,875.61726129,2.755
TOI-2193 A b,1,Transit,2022,Published Confirmed,0,2.1225735,0.03319,298.75870258,0.94
TOI-2196 b,1,Transit,2022,Published Confirmed,0,1.1947268,0.02234,26.0,0.08180515
TOI-220 b,1,Transit,2021,Published Confirmed,0,10.695264,0.08911,13.8,0.04341966
TOI-2202 c,1,Transit Timing Variations,2021,Published Confirmed,0,24.6744,0.15544,117.27868218,0.369
TOI-2207 b,1,Transit,2022,Published Confirmed,0,8.001968,0.0854,203.41018048,0.64
TOI-2211.01,1,Transit,2024,Published Confirmed,0,3.092686757,0.04011,,
TOI-2236 b,1,Transit,2022,Published Confirmed,0,3.5315902,0.05009,502.16888306,1.58
TOI-2257 b,1,Transit,2021,Published Confirmed,0,35.189346,0.145,,
TOI-2260 b,1,Transit,2022,Published Confirmed,0,0.3524728,0.0097,,
TOI-2266 b,1,Transit,2024,Published Confirmed,0,2.326318,0.02,,
TOI-2267 b,1,Transit,2025,Published Confirmed,0,2.28909,0.0205,,
TOI-2267 c,1,Transit,2025,Published Confirmed,0,3.4950412,0.0263,,
TOI-2267 d,1,Transit,2025,Published Confirmed,0,2.0344671,0.0145,,
TOI-2274 b,1,Transit,2024,Published Confirmed,0,2.67963,0.05,,
TOI-2295 b,1,Transit,2024,Published Confirmed,0,30.033302,0.1992,278.09985612,0.875
TOI-2295 c,1,Radial Velocity,2024,Published Confirmed,0,966.5,2.018,1783.01736327,5.61
TOI-2322 b,1,Transit,2025,Published Confirmed,0,11.30717,0.0924,2.31,0.00726807
TOI-2322 c,1,Transit,2025,Published Confirmed,0,20.225528,0.1362,18.1,0.05694897
TOI-2328 b,1,Transit,2025,Published Confirmed,0,17.10197,0.127,50.85254512,0.16
TOI-2338 b,1,Transit,2023,Published Confirmed,0,22.65398,0.158,1900.61387386,5.98
TOI-2345 b,1,Transit,2025,Published Confirmed,0,1.0528573,0.01705,3.49,0.01098077
TOI-2345 c,1,Transit,2025,Published Confirmed,0,21.064302,0.1257,7.27,0.02287398
TOI-2346 b,1,Transit,2025,Published Confirmed,0,3.3312029,0.0473,394.10722468,1.24
TOI-2364 b,1,Transit,2023,Published Confirmed,0,4.0197517,0.04871,71.51139158,0.225
TOI-2368 b,1,Transit,2024,Published Confirmed,0,5.1750073,0.05649,206.58846455,0.65
TOI-237 b,1,Transit,2020,Published Confirmed,0,5.436098,0.0341,,
TOI-237 c,1,Transit,2026,Published Confirmed,0,1.74486147,0.016,,
TOI-2373 b,1,Transit,2023,Published Confirmed,0,13.33668,0.112,2955.8041851,9.3
TOI-2374 b,1,Transit,2024,Published Confirmed,0,4.3136193,0.04818,61.65871096,0.194
TOI-2379 b,1,Transit,2024,Published Confirmed,0,5.4693827,0.05263,1830.69162432,5.76
TOI-238 b,1,Transit,2024,Published Confirmed,0,1.273099,0.0212,3.37,0.01060321
TOI-238 c,1,Radial Velocity,2024,Published Confirmed,0,8.465651,0.0749,6.7,0.02108056
TOI-2382 b,1,Transit,2025,Published Confirmed,0,4.6612061,0.059,235.19302118,0.74
TOI-2384 b,1,Transit,2024,Published Confirmed,0,2.13570304,0.02793,624.85064816,1.966
TOI-2406 b,1,Transit,2021,Published Confirmed,0,3.0766891,0.02267,15.6,0.04908309
TOI-2407 b,1,Transit,2025,Published Confirmed,0,2.702969,0.033,,
TOI-2411 b,1,Transit,2022,Published Confirmed,0,0.7826942,0.0144,,
TOI-2416 b,1,Transit,2023,Published Confirmed,0,8.275479,0.0831,953.485221,3.0
TOI-2420 b,1,Transit,2024,Published Confirmed,0,5.842641,0.0684,294.62693329,0.927
TOI-2421 b,1,Transit,2022,Published Confirmed,0,4.3474032,0.0543,105.83685953,0.333
TOI-2427 b,1,Transit,2022,Published Confirmed,0,1.3060011,0.0202,,
TOI-2431 b,1,Transit,2026,Published Confirmed,0,0.22419578,0.0063,6.2,0.01950738
TOI-244 b,1,Transit,2023,Published Confirmed,0,7.397225,0.0559,2.68,0.00843222
TOI-2443 b,1,Transit,2023,Published Confirmed,0,15.66858,0.105,4.8,0.01510249
TOI-2445 b,1,Transit,2022,Published Confirmed,0,0.3711281,0.0064,,
TOI-2447 b,1,Transit,2024,Published Confirmed,0,69.33684,0.347,124.90656395,0.393
TOI-2449 b,1,Transit,2025,Published Confirmed,0,106.14468,0.45,222.0,0.7
TOI-2458 b,1,Transit,2024,Published Confirmed,0,3.73659,0.0482,13.31,0.04187794
TOI-2458 c,1,Radial Velocity,2024,Published Confirmed,0,16.553,0.129,10.22,0.03215572
TOI-2485 b,1,Transit,2024,Published Confirmed,0,11.23479,0.1093,766.60211768,2.412
TOI-2497 b,1,Transit,2023,Published Confirmed,0,10.655669,0.1166,1531.93292174,4.82
TOI-2498 b,1,Transit,2023,Published Confirmed,0,3.738252,0.0491,34.62,0.1089267
TOI-251 b,1,Transit,2021,Published Confirmed,0,4.93777,0.05741,317.83,1.0
TOI-2524 b,1,Transit,2023,Published Confirmed,0,7.18585,0.073,203.41018048,0.64
TOI-2525 b,1,Transit,2023,Published Confirmed,0,23.2856,0.1511,26.69758619,0.084
TOI-2525 c,1,Transit,2023,Published Confirmed,0,49.2519,0.249,208.8132634,0.657
TOI-2529 b,1,Transit,2024,Published Confirmed,0,64.5949,0.327,743.71847238,2.34
TOI-2537 b,1,Transit,2024,Published Confirmed,0,94.1022,0.3715,415.40172795,1.307
TOI-2537 c,1,Radial Velocity,2024,Published Confirmed,0,1920.0,2.78,2297.89938261,7.23
TOI-2567 b,1,Transit,2022,Published Confirmed,0,5.983944,0.0672,63.88350981,0.201
TOI-257 b,1,Transit,2021,Published Confirmed,0,18.38818,0.1528,43.86032017,0.138
TOI-2570 b,1,Transit,2022,Published Confirmed,0,2.9887615,0.04145,260.61929374,0.82
TOI-2578 b,1,Transit,2026,Published Confirmed,0,3.4579667,0.0495,167.17774208,0.526
TOI-2580 b,1,Transit,2024,Published Confirmed,0,3.39775,0.048,200.23189641,0.63
TOI-2583 A b,1,Transit,2023,Published Confirmed,0,4.5207265,0.0571,79.45710175,0.25
TOI-2587 A b,1,Transit,2023,Published Confirmed,0,5.45664,0.0635,69.28659273,0.218
TOI-2589 b,1,Transit,2023,Published Confirmed,0,61.6277,0.3,1112.3994245,3.5
TOI-260 b,1,Transit,2024,Published Confirmed,0,13.475853,0.0943,4.23,0.01330907
TOI-261.01,1,Transit,2021,Published Confirmed,0,3.3639254,0.034792189,,
TOI-262 b,1,Transit,2023,Published Confirmed,0,11.14529,0.163,,
TOI-2641 b,1,Transit,2023,Published Confirmed,0,4.880974,0.0607,122.6817651,0.386
TOI-269 b,1,Transit,2021,Published Confirmed,0,3.6977104,0.0345,8.8,0.0276879
TOI-2714 b,1,Transit,2024,Published Confirmed,0,2.499387,0.036,228.0,0.71736822
TOI-2768 b,1,Transit,2024,Published Confirmed,0,1.50801,0.027,,
TOI-277 b,1,Transit,2022,Published Confirmed,0,3.994,0.0269,,
TOI-2796 b,1,Transit,2023,Published Confirmed,0,4.8084983,0.0569,139.84449908,0.44
TOI-2803 A b,1,Transit,2023,Published Confirmed,0,1.96229325,0.03185,309.88269682,0.975
TOI-2818 b,1,Transit,2023,Published Confirmed,0,4.039709,0.0493,225.65816897,0.71
TOI-283 b,1,Transit,2025,Published Confirmed,0,17.61745,0.123,6.54,0.02057714
TOI-2842 b,1,Transit,2023,Published Confirmed,0,3.5514058,0.0475,117.59651059,0.37
TOI-286 b,1,Transit,2024,Published Confirmed,0,4.5117244,0.0503,4.53,0.01425297
TOI-286 c,1,Transit,2024,Published Confirmed,0,39.361826,0.213,3.72,0.01170443
TOI-2876 b,1,Transit,2025,Published Confirmed,0,6.2996431,0.0654,54.03082919,0.17
TOI-2886 b,1,Transit,2025,Published Confirmed,0,1.60200105,0.02871,444.9597698,1.4
TOI-2969 b,1,Transit,2025,Published Confirmed,0,1.8237146,0.0261,368.68095212,1.16
TOI-2977 b,1,Transit,2023,Published Confirmed,0,2.3505614,0.03386,533.95172376,1.68
TOI-2981 b,1,Transit,2024,Published Confirmed,0,3.601501,0.048,638.0,2.00737249
TOI-2986 b,1,Transit,2025,Published Confirmed,0,3.2783662,0.04489,96.61983573,0.304
TOI-2989 b,1,Transit,2025,Published Confirmed,0,3.122832,0.0384,953.485221,3.0
TOI-2992 b,1,Transit,2025,Published Confirmed,0,3.007812,0.0434,1058.36859531,3.33
TOI-3023 b,1,Transit,2023,Published Confirmed,0,3.9014971,0.0505,197.05361234,0.62
TOI-3071 b,1,Transit,2024,Published Confirmed,0,1.266938,0.0249,68.2,0.2145812
TOI-3135 b,1,Transit,2025,Published Confirmed,0,3.7065585,0.04756,327.36325921,1.03
TOI-3160 A b,1,Transit,2025,Published Confirmed,0,3.971281,0.0505,378.21580433,1.19
TOI-3235 b,1,Transit,2023,Published Confirmed,0,2.59261842,0.02709,211.35589065,0.665
TOI-3261 b,1,Transit,2024,Published Confirmed,0,0.8831331,0.01714,30.3,0.09533446
TOI-3288 b,1,Transit,2025,Published Confirmed,0,1.4338647,0.02285,536.17652261,1.687
TOI-329 b,1,Transit,2024,Published Confirmed,0,5.70439,0.0638,40.4,0.12711262
TOI-332 b,1,Transit,2023,Published Confirmed,0,0.777038,0.0159,57.2,0.17997133
TOI-3321 b,1,Transit,2024,Published Confirmed,0,3.6525145,0.047,176.07693748,0.554
TOI-333 b,1,Transit,2025,Published Confirmed,0,3.7852503,0.049,20.1,0.06324167
TOI-3331 A b,1,Transit,2022,Published Confirmed,0,2.0180231,0.03144,721.47048389,2.27
TOI-3353.01,1,Transit,2024,Published Confirmed,0,4.6657965,0.060118218,,
TOI-3362 b,1,Transit,2021,Published Confirmed,0,18.09547,0.153,1598.3590588,5.029
TOI-3364 b,1,Transit,2023,Published Confirmed,0,5.8768918,0.0675,530.77343969,1.67
TOI-3457 b,1,Transit,2026,Published Confirmed,0,32.600268,0.2001,797.74930157,2.51
TOI-3464 b,1,Transit,2025,Published Confirmed,0,3.6515568,0.0515,397.28550875,1.25
TOI-3474 b,1,Transit,2025,Published Confirmed,0,3.8795105,0.0502,193.87532827,0.61
TOI-3486 b,1,Transit,2025,Published Confirmed,0,2.21778105,0.03138,99.16246298,0.312
TOI-3523 A b,1,Transit,2025,Published Confirmed,0,2.30458952,0.03559,435.42491759,1.37
TOI-3540 A b,1,Transit,2022,Published Confirmed,0,3.119999,0.04289,375.03752026,1.18
TOI-3568 b,1,Transit,2024,Published Confirmed,0,4.417965,0.0485,26.4,0.083
TOI-3593 b,1,Transit,2025,Published Confirmed,0,3.8212867,0.0481,565.73456446,1.78
TOI-3629 b,1,Transit,2022,Published Confirmed,0,3.936551,0.043,82.63538582,0.26
TOI-3664 b,1,Transit,2026,Published Confirmed,0,3.2974839,0.0431,114.41822652,0.36
TOI-3682 b,1,Transit,2025,Published Confirmed,0,3.3462406,0.048,69.28659273,0.218
TOI-3688 A b,1,Transit,2023,Published Confirmed,0,3.246075,0.0456,311.47183886,0.98
TOI-3693 b,1,Transit,2022,Published Confirmed,0,9.088516,0.0813,324.18497514,1.02
TOI-3714 b,1,Transit,2022,Published Confirmed,0,2.154849,0.027,222.4798849,0.7
TOI-375 b,1,Transit,2026,Published Confirmed,0,9.45469,0.099,236.78216321,0.745
TOI-375 c,1,Radial Velocity,2026,Published Confirmed,0,115.5,0.524,669.34662514,2.106
TOI-375 d,1,Radial Velocity,2026,Published Confirmed,0,297.9,0.984,445.59542661,1.402
TOI-3757 b,1,Transit,2022,Published Confirmed,0,3.438753,0.03845,85.3,0.26838381
TOI-3785 b,1,Transit,2023,Published Confirmed,0,4.6747373,0.043,14.95,0.04703796
TOI-3807 b,1,Transit,2023,Published Confirmed,0,2.8989727,0.0421,330.54154328,1.04
TOI-3819 b,1,Transit,2023,Published Confirmed,0,3.2443141,0.04611,352.78953177,1.11
TOI-3837 b,1,Transit,2025,Published Confirmed,0,11.88865,0.099,187.51876013,0.59
TOI-3856 b,1,Transit,2025,Published Confirmed,0,2.04360352,0.0325,171.62733978,0.54
TOI-3862 b,1,Transit,2026,Published Confirmed,0,1.55745774,0.02539,53.7,0.1688
TOI-3877 b,1,Transit,2025,Published Confirmed,0,4.123596,0.0529,99.7981198,0.314
TOI-3884 b,1,Transit,2022,Published Confirmed,0,4.5445828,0.0361,32.59,0.10253961
TOI-3894 b,1,Transit,2024,Published Confirmed,0,4.33454,0.05354,260.61929374,0.82
TOI-3912 b,1,Transit,2023,Published Confirmed,0,3.4936264,0.0463,129.03833324,0.406
TOI-3919 b,1,Transit,2024,Published Confirmed,0,7.433234,0.0795,1233.17421916,3.88
TOI-3976 A b,1,Transit,2023,Published Confirmed,0,6.607662,0.0743,55.61997123,0.175
TOI-3980 b,1,Transit,2025,Published Confirmed,0,3.6089254,0.0494,187.51876013,0.59
TOI-3984 A b,1,Transit,2023,Published Confirmed,0,4.353326,0.041,44.0,0.14
TOI-4010 b,1,Transit,2023,Published Confirmed,0,1.348335,0.0229,11.0,0.03460987
TOI-4010 c,1,Transit,2023,Published Confirmed,0,5.414654,0.058,20.31,0.06390241
TOI-4010 d,1,Transit,2023,Published Confirmed,0,14.70886,0.113,38.15,0.12003332
TOI-4010 e,1,Radial Velocity,2023,Published Confirmed,0,762.0,1.57,692.0,2.17727549
TOI-4034 b,1,Transit,2026,Published Confirmed,0,1.8020932,0.03289,276.51071409,0.87
TOI-406 c,1,Transit,2024,Published Confirmed,0,3.307441,0.0322,2.08,0.00654441
TOI-406.01,1,Transit,2024,Published Confirmed,0,13.175682,0.0809,6.57,0.02067153
TOI-4087 b,1,Transit,2023,Published Confirmed,0,3.1774835,0.04469,232.01473711,0.73
TOI-411 b,1,Transit,2022,Published Confirmed,0,4.040295,0.05727,13.71,0.04313648
TOI-411 c,1,Transit,2022,Published Confirmed,0,9.573083,0.1017,9.72,0.03058254
TOI-4127 b,1,Transit,2023,Published Confirmed,0,56.3987,0.303,743.71847238,2.34
TOI-4137 b,1,Transit,2022,Published Confirmed,0,3.8016122,0.05222,457.67290608,1.44
TOI-4145 A b,1,Transit,2023,Published Confirmed,0,4.0664428,0.04823,136.66621501,0.43
TOI-4153 b,1,Transit,2024,Published Confirmed,0,4.6174141,0.06311,365.50266805,1.15
TOI-4184 b,1,Transit,2023,Published Confirmed,0,4.9019804,0.0336,,
TOI-4201 b,1,Transit,2023,Published Confirmed,0,3.5819194,0.04,788.21444936,2.48
TOI-421 b,1,Transit,2020,Published Confirmed,0,5.197576,0.0554,6.7,0.02108056
TOI-421 c,1,Transit,2020,Published Confirmed,0,16.067541,0.117,14.1,0.04436356
TOI-4214 b,1,Transit,2025,Published Confirmed,0,3.4913885,0.05018,165.27077164,0.52
TOI-431 b,1,Transit,2021,Published Confirmed,0,0.490047,0.0113,3.07,0.0096593
TOI-431 c,1,Radial Velocity,2021,Published Confirmed,0,4.8494,0.052,2.83,0.00890418
TOI-431 d,1,Transit,2021,Published Confirmed,0,12.46103,0.098,9.9,0.03114888
TOI-4311 b,1,Transit,2026,Published Confirmed,0,0.9902738,0.01817,4.5,0.01415858
TOI-4311 c,1,Transit,2026,Published Confirmed,0,15.070425,0.1116,13.58,0.04272746
TOI-4336 A b,1,Transit,2024,Published Confirmed,0,16.336351,0.0849,3.33,0.01047735
TOI-4336 A c,1,Transit,2026,Published Confirmed,0,7.587266,0.05092,1.55,0.00487685
TOI-4342 b,1,Transit,2023,Published Confirmed,0,5.5382592,0.0519,7.3,0.02296837
TOI-4342 c,1,Transit,2023,Published Confirmed,0,10.688662,0.0804,4.8,0.01510249
TOI-4364 b,1,Transit,2025,Published Confirmed,0,5.424019,0.04753,,
TOI-4377 b,1,Transit,2023,Published Confirmed,0,4.378081,0.0579,304.1617855,0.957
TOI-4406 b,1,Transit,2023,Published Confirmed,0,30.08364,0.201,95.3485221,0.3
TOI-4427 b,1,Transit,2026,Published Confirmed,0,4.6182621,0.05389,87.72064033,0.276
TOI-4438 b,1,Transit,2024,Published Confirmed,0,7.446295,0.0523,4.11,0.01293151
TOI-444 b,1,Transit,2023,Published Confirmed,0,17.9636,0.133,,
TOI-4443.01,1,Transit,2024,Published Confirmed,0,1.8498567,0.029962645,,
TOI-4458 b,1,Transit,2026,Published Confirmed,0,3.9393792,0.0522,552.06794296,1.737
TOI-4463 A b,1,Transit,2023,Published Confirmed,0,2.8807198,0.04036,252.35575516,0.794
TOI-4465 b,1,Transit,2025,Published Confirmed,0,101.94054,0.416,1872.00931723,5.89
TOI-4479 b,1,Transit,2022,Published Confirmed,0,1.1589,0.0164,,
TOI-4487 A b,1,Transit,2025,Published Confirmed,0,3.9540709,0.05448,397.28550875,1.25
TOI-4495 b,1,Transit,2026,Published Confirmed,0,2.56699,0.03957,7.7,0.02422691
TOI-4495 c,1,Transit,2024,Published Confirmed,0,5.18553,0.06323,23.2,0.07299536
TOI-4504 b,1,Transit,2024,Published Confirmed,0,2.4261516,0.0338,140.0,0.45
TOI-4504 c,1,Transit,2024,Published Confirmed,0,82.819093,0.3593,821.0,2.58
TOI-4504 d,1,Transit Timing Variations,2024,Published Confirmed,0,41.2871975,0.2219,643.0,2.02
TOI-4507 b,1,Transit,2025,Published Confirmed,0,104.61611,0.456,20.0,0.06292704
TOI-451 b,1,Transit,2020,Published Confirmed,0,1.8587033,0.0274,4.7,0.01478785
TOI-451 c,1,Transit,2020,Published Confirmed,0,9.192463,0.0795,3.7,0.0116415
TOI-451 d,1,Transit,2020,Published Confirmed,0,16.364962,0.1168,10.2,0.03209279
TOI-4515 b,1,Transit,2024,Published Confirmed,0,15.266446,0.118,637.0,2.005
TOI-4527.01,1,Transit,2024,Published Confirmed,0,0.3994445,0.008332353,,
TOI-4551 b,1,Transit,2023,Published Confirmed,0,9.95581,0.0994,473.56432643,1.49
TOI-4552 b,1,Transit,2026,Published Confirmed,0,0.30110032,0.0056255,1.83,0.00575782
TOI-4559 b,1,Transit,2024,Published Confirmed,0,3.965991,0.0359,,
TOI-4562 c,1,Transit Timing Variations,2024,Published Confirmed,0,3990.0,5.219,1833.86990839,5.77
TOI-4600 b,1,Transit,2023,Published Confirmed,0,82.6869,0.349,959.84178914,3.02
TOI-4600 c,1,Transit,2023,Published Confirmed,0,482.8191,1.152,2946.26933289,9.27
TOI-4602.01,1,Transit,2024,Published Confirmed,0,3.9812999,0.04747,5.53,0.0174
TOI-4603 b,1,Transit,2023,Published Confirmed,0,7.24599,0.0888,4096.80816623,12.89
TOI-4633 c,1,Transit,2024,Published Confirmed,0,271.9445,0.847,123.0,0.38700128
TOI-4638.01,1,Transit,2024,Published Confirmed,0,10.283918787,0.093013,,
TOI-4641 b,1,Transit,2023,Published Confirmed,0,22.09341,0.173,1229.99593509,3.87
TOI-4666 b,1,Transit,2025,Published Confirmed,0,2.9089165,0.034,155.41809102,0.489
TOI-469.01,1,Transit,2021,Published Confirmed,0,13.6308205,0.111,9.1,0.0286318
TOI-470 b,1,Transit,2023,Published Confirmed,0,12.19148,0.119,,
TOI-4734 b,1,Transit,2025,Published Confirmed,0,6.235633,0.074,61.65871096,0.194
TOI-4773 b,1,Transit,2025,Published Confirmed,0,1.7452851,0.03216,1687.66884117,5.31
TOI-4791 b,1,Transit,2023,Published Confirmed,0,4.28088,0.0555,734.18362017,2.31
TOI-4794 b,1,Transit,2025,Published Confirmed,0,3.5658116,0.0492,308.29355479,0.97
TOI-480 b,1,Transit,2024,Published Confirmed,0,6.866196,0.077,20.8,0.06544412
TOI-481 b,1,Transit,2020,Published Confirmed,0,10.33111,0.097,486.2799,1.53
TOI-4860 b,1,Transit,2023,Published Confirmed,0,1.5227591,0.01808,86.7,0.273
TOI-4914 b,1,Transit,2024,Published Confirmed,0,10.60057,0.098,227.0,0.71422187
TOI-4940 b,1,Transit,2025,Published Confirmed,0,25.867811,0.165,89.0,0.28002532
TOI-4961 b,1,Transit,2025,Published Confirmed,0,7.479182,0.0726,572.0911326,1.8
TOI-4994 b,1,Transit,2024,Published Confirmed,0,21.491984,0.1515,88.99195396,0.28
TOI-500 b,1,Transit,2022,Published Confirmed,0,0.548177,0.01189,1.42,0.00446782
TOI-5005 b,1,Transit,2024,Published Confirmed,0,6.3085044,0.06614,32.7,0.103
TOI-5007 b,1,Transit,2026,Published Confirmed,0,2.543371,0.0307,211.03806225,0.664
TOI-5027 b,1,Transit,2025,Published Confirmed,0,10.24368,0.093,642.01338214,2.02
TOI-5076 b,1,Transit,2024,Published Confirmed,0,23.443162,0.1481,16.14568308,0.0508
TOI-5082.01,1,Transit,2024,Published Confirmed,0,4.240122,0.051204842,,
TOI-5108 b,1,Transit,2025,Published Confirmed,0,6.753581,0.073,32.0,0.10068326
TOI-5110 b,1,Transit,2024,Published Confirmed,0,30.158577,0.2157,921.7023803,2.9
TOI-5126 b,1,Transit,2023,Published Confirmed,0,5.4588385,0.06519,,
TOI-5126 c,1,Transit,2023,Published Confirmed,0,17.8999,0.1439,,
TOI-5143 c,1,Transit,2025,Published Confirmed,0,5.2097118,0.05602,,
TOI-5153 b,1,Transit,2022,Published Confirmed,0,20.33003,0.158,1036.12060682,3.26
TOI-5181 A b,1,Transit,2025,Published Confirmed,0,3.8922295,0.0522,330.54154328,1.04
TOI-519 b,1,Transit,2021,Published Confirmed,0,1.2652328,0.0159,147.15455244,0.463
TOI-5205 b,1,Transit,2023,Published Confirmed,0,1.630757,0.0199,343.0,1.08
TOI-521 b,1,Transit,2025,Published Confirmed,0,1.54285047,0.0195,5.3,0.01667566
TOI-5210 b,1,Transit,2025,Published Confirmed,0,4.5661061,0.0557,81.99972901,0.258
TOI-5218 b,1,Transit,2024,Published Confirmed,0,4.291452,0.0469,657.0,2.06715317
TOI-5232 b,1,Transit,2024,Published Confirmed,0,4.0966692,0.05593,743.71847238,2.34
TOI-5261 b,1,Transit,2025,Published Confirmed,0,4.1509768,0.05134,3651.84839643,11.49
TOI-5292 A b,1,Transit,2026,Published Confirmed,0,2.02191,0.0279,412.85910069,1.299
TOI-5293 A b,1,Transit,2023,Published Confirmed,0,2.930289,0.034,170.4,0.54
TOI-530 b,1,Transit,2021,Published Confirmed,0,6.387597,0.052,127.1313628,0.4
TOI-5300 b,1,Transit,2025,Published Confirmed,0,2.262196,0.0295,190.6970442,0.6
TOI-5301 b,1,Transit,2024,Published Confirmed,0,5.858858,0.073,1182.32167404,3.72
TOI-5319 b,1,Transit,2024,Published Confirmed,0,4.07853,0.0506,,
TOI-532 b,1,Transit,2021,Published Confirmed,0,2.3266508,0.0296,61.5,0.19350064
TOI-5322 b,1,Transit,2025,Published Confirmed,0,5.4233207,0.0604,184.02264765,0.579
TOI-5340 b,1,Transit,2025,Published Confirmed,0,4.9394392,0.0628,270.15414595,0.85
TOI-5344 b,1,Transit,2023,Published Confirmed,0,3.792622,0.04041,130.94530368,0.412
TOI-5349 b,1,Transit,2026,Published Confirmed,0,3.317921,0.0369,127.4,0.4
TOI-5350 b,1,Transit,2025,Published Confirmed,0,7.581367,0.0796,2094.48920213,6.59
TOI-5386 A b,1,Transit,2025,Published Confirmed,0,3.62156552,0.04856,155.10026262,0.488
TOI-5398 b,1,Transit,2022,Published Confirmed,0,10.590547,0.098,58.7,0.18469085
TOI-5398 c,1,Transit,2023,Published Confirmed,0,4.77271,0.057,11.8,0.03712695
TOI-540 b,1,Transit,2020,Published Confirmed,0,1.2391491,0.01223,,
TOI-5422 b,1,Transit,2026,Published Confirmed,0,5.377219,0.0619,8899.195396,28.0
TOI-544 b,1,Transit,2022,Published Confirmed,0,1.548352,0.0225,2.89,0.00909296
TOI-5542 b,1,Transit,2022,Published Confirmed,0,75.12375,0.332,419.53349724,1.32
TOI-5573 b,1,Transit,2025,Published Confirmed,0,8.79758977,0.0712,112.0,0.35
TOI-558 b,1,Transit,2021,Published Confirmed,0,14.574071,0.1291,1147.36054927,3.61
TOI-559 b,1,Transit,2021,Published Confirmed,0,6.9839095,0.0723,1910.14872607,6.01
TOI-5592 b,1,Transit,2025,Published Confirmed,0,2.6085846,0.03935,285.72773789,0.899
TOI-561 b,1,Transit,2020,Published Confirmed,0,0.4465697,0.01064,2.02,0.00635563
TOI-561 c,1,Transit,2020,Published Confirmed,0,10.778838,0.0889,5.93,0.01865787
TOI-561 d,1,Transit,2020,Published Confirmed,1,25.71268,0.1587,13.33,0.04194087
TOI-561 e,1,Transit,2020,Published Confirmed,1,77.144,0.33,12.4,0.03901476
TOI-5616 b,1,Transit,2024,Published Confirmed,0,2.002849,0.0272,624.0,1.96332356
TOI-5624 b,1,Transit,2026,Published Confirmed,0,3.3903473,0.04201,9.4,0.02957571
TOI-5624 c,1,Transit,2026,Published Confirmed,0,7.885385,0.07374,4.8,0.01510249
TOI-5624 d,1,Transit,2026,Published Confirmed,0,13.731468,0.1067,4.9,0.01541712
TOI-5624 e,1,Transit,2026,Published Confirmed,0,21.489936,0.1439,8.9,0.02800253
TOI-5624 f,1,Transit Timing Variations,2026,Published Confirmed,0,45.37,0.2366,13.0,0.04090257
TOI-5628 A b,1,Transit,2026,Published Confirmed,0,4.3416612,0.0368,28.60455663,0.09
TOI-5634 A b,1,Transit,2024,Published Confirmed,0,2.2035373,0.0272,588.0,1.85005489
TOI-564 b,1,Transit,2020,Published Confirmed,0,1.651144,0.02734,464.98529,1.463
TOI-5678 b,1,Transit,2023,Published Confirmed,0,47.73022,0.249,20.0,0.06292704
TOI-5688 A b,1,Transit,2024,Published Confirmed,0,2.94815527,0.03379,124.0,0.39
TOI-5713 b,1,Transit,2024,Published Confirmed,0,10.441989,0.06008,,
TOI-5720 b,1,Transit,2024,Published Confirmed,0,1.4344555,0.018288,4.3,0.01352931
TOI-5726.01,1,Transit,2024,Published Confirmed,0,5.491125215,0.062186,,
TOI-5734 b,1,Transit,2026,Published Confirmed,0,6.1841876,0.05921,9.1,0.0286318
TOI-5786 b,1,Transit,2025,Published Confirmed,0,12.779107,0.114,73.0,0.22968369
TOI-5788 b,1,Transit,2026,Published Confirmed,0,6.340758,0.064,3.72,0.01170443
TOI-5788 c,1,Transit,2026,Published Confirmed,0,16.213362,0.1197,6.4,0.02013665
TOI-5789 b,1,Radial Velocity,2026,Published Confirmed,0,2.76369,0.03608,2.12,0.00667027
TOI-5789 c,1,Transit,2026,Published Confirmed,0,12.927748,0.1009,5.0,0.01573176
TOI-5789 d,1,Radial Velocity,2026,Published Confirmed,0,29.65,0.1756,4.29,0.01349785
TOI-5789 e,1,Radial Velocity,2026,Published Confirmed,0,62.98,0.2901,11.61,0.03652915
TOI-5795 b,1,Transit,2025,Published Confirmed,0,6.1406325,0.064,23.66,0.07444269
TOI-5799 b,1,Transit,2024,Published Confirmed,0,4.164507,0.0348,,
TOI-5799 c,1,Transit,2025,Published Confirmed,0,14.010449,0.0782,,
TOI-5800 b,1,Transit,2025,Published Confirmed,0,2.6278838,0.0344,9.5,0.02989034
TOI-5817 b,1,Transit,2025,Published Confirmed,0,15.61031,0.1223,10.3,0.03240742
TOI-5882 b,1,Transit,2025,Published Confirmed,0,7.148972,0.0804,6995.40323807,22.01
TOI-5916 b,1,Transit,2026,Published Confirmed,0,2.367128,0.0262,226.61165419,0.713
TOI-5938 b,1,Transit,2026,Published Confirmed,0,2.260424,0.0308,,
TOI-6002 b,1,Transit,2024,Published Confirmed,0,10.904821,0.05722,,
TOI-6008 b,1,Transit,2024,Published Confirmed,0,0.8574347,0.010777,4.0,0.01258541
TOI-6016 b,1,Transit,2024,Published Confirmed,0,4.023687,0.055,371.85923619,1.17
TOI-6019 b,1,Transit,2026,Published Confirmed,0,14.547952,0.1212,149.0,0.46880643
TOI-6034 b,1,Transit,2024,Published Confirmed,0,2.576184,0.02949,254.0,0.798
TOI-6038 A b,1,Transit,2025,Published Confirmed,0,5.8267311,0.069,78.5,0.24698862
TOI-6041 b,1,Transit,2025,Published Confirmed,0,26.04945,0.1651,28.9,0.09092957
TOI-6041 c,1,Radial Velocity,2025,Published Confirmed,0,88.0,0.3721,77.9,0.24510081
TOI-6054.01,1,Transit,2024,Published Confirmed,0,7.501428,0.0763,12.5,0.0393294
TOI-6054.02,1,Transit,2024,Published Confirmed,0,12.563636,0.1079,9.3,0.02926107
TOI-6086 b,1,Transit,2024,Published Confirmed,0,1.3888725,0.01541,,
TOI-6109 b,1,Transit,2025,Published Confirmed,0,5.690476,0.0599,,
TOI-6109 c,1,Transit,2025,Published Confirmed,0,8.538878,0.0786,,
TOI-6130 b,1,Transit,2024,Published Confirmed,0,2.392679,0.036,333.71982735,1.05
TOI-615 b,1,Transit,2023,Published Confirmed,0,4.6615983,0.0678,138.25535705,0.435
TOI-620 b,1,Transit,2022,Published Confirmed,0,5.0988179,0.04825,,
TOI-622 b,1,Transit,2023,Published Confirmed,0,6.402513,0.0708,96.30200732,0.303
TOI-6223 b,1,Transit,2025,Published Confirmed,0,3.855219,0.04018,,
TOI-628 b,1,Transit,2021,Published Confirmed,0,3.4095675,0.0486,2011.8639,6.33
TOI-6303 b,1,Transit,2025,Published Confirmed,0,9.485236,0.0761,2493.0,7.84
TOI-6330 b,1,Transit,2025,Published Confirmed,0,6.8500246,0.05763,3179.0,10.0
TOI-6383 A b,1,Transit,2024,Published Confirmed,0,1.79058695,0.02292,331.0,1.04
TOI-6420 b,1,Transit,2025,Published Confirmed,0,6.961508,0.0753,2606.1929374,8.2
TOI-6448 b,1,Transit,2025,Published Confirmed,0,14.844261,0.131,,
TOI-6478 b,1,Transit,2025,Published Confirmed,0,34.005019,0.1136,,
TOI-654.01,1,Transit,2024,Published Confirmed,0,1.527561,0.01944,8.71,0.02740472
TOI-6564 b,1,Transit,2026,Published Confirmed,0,3.985413,0.0542,222.16205649,0.699
TOI-6628 b,1,Transit,2025,Published Confirmed,0,18.18424,0.134,235.19302118,0.74
TOI-663 b,1,Transit,2024,Published Confirmed,0,2.598902,0.0295,4.45,0.01400127
TOI-663 c,1,Transit,2024,Published Confirmed,0,4.6955507,0.0437,3.65,0.01148418
TOI-663 d,1,Transit,2024,Published Confirmed,0,7.1027268,0.0576,5.2,0.01636103
TOI-6651 b,1,Transit,2024,Published Confirmed,0,5.056973,0.0633,61.0,0.19192746
TOI-669 b,1,Transit,2023,Published Confirmed,0,3.945152,0.048,10.0,0.03146352
TOI-6692 b,1,Transit,2026,Published Confirmed,0,131.125,0.512,197.05361234,0.62
TOI-6695 b,1,Transit,2025,Published Confirmed,0,80.389,0.402,66.74396547,0.21
TOI-6695 c,1,Radial Velocity,2025,Published Confirmed,0,242.4,0.838,460.85119015,1.45
TOI-6716 b,1,Transit,2026,Published Confirmed,0,4.7185898,0.0319,,
TOI-672 b,1,Transit,2023,Published Confirmed,0,3.633581,0.0376,50.9,0.16014931
TOI-674 b,1,Transit,2021,Published Confirmed,0,1.977143,0.025,23.6,0.0742539
TOI-677 b,1,Transit,2020,Published Confirmed,0,11.2365985,0.1041,392.20025424,1.234
TOI-6884 b,1,Transit,2026,Published Confirmed,0,4.808264,0.0629,8365.24367224,26.32
TOI-6894 b,1,Transit,2025,Published Confirmed,0,3.37077196,0.02604,53.39517238,0.168
TOI-700 b,1,Transit,2020,Published Confirmed,0,9.977219,0.0677,,
TOI-700 c,1,Transit,2020,Published Confirmed,0,16.051137,0.0929,,
TOI-700 d,1,Transit,2020,Published Confirmed,0,37.42396,0.1633,,
TOI-700 e,1,Transit,2023,Published Confirmed,0,27.80978,0.134,,
TOI-7009 b,1,Transit,2026,Published Confirmed,0,2.3206612,0.0287,,
TOI-707 b,1,Transit,2026,Published Confirmed,0,52.79918,0.275,,
TOI-712 b,1,Transit,2022,Published Confirmed,0,9.531361,0.07928,,
TOI-712 c,1,Transit,2022,Published Confirmed,0,51.69906,0.2447,,
TOI-712 d,1,Transit,2022,Published Confirmed,0,84.8396,0.3405,,
TOI-7149 b,1,Transit,2025,Published Confirmed,0,2.65206166,0.02603,224.0,0.705
TOI-715 b,1,Transit,2023,Published Confirmed,0,19.288004,0.083,,
TOI-7166 b,1,Transit,2025,Published Confirmed,0,12.92063621,0.06191,,
TOI-733 b,1,Transit,2023,Published Confirmed,0,4.884765,0.0618,5.72,0.01799713
TOI-7384 b,1,Transit,2026,Published Confirmed,0,6.2340258,0.0439,,
TOI-7510 b,1,Transit,2025,Published Confirmed,0,11.530869,0.1019,18.1,0.0571
TOI-7510 c,1,Transit,2025,Published Confirmed,0,22.5687423,0.1595,131.0,0.412
TOI-7510 d,1,Transit,2025,Published Confirmed,0,48.864468,0.2672,190.0,0.597
TOI-756 b,1,Transit,2025,Published Confirmed,0,1.2392495,0.018,9.83,0.03092864
TOI-756 c,1,Radial Velocity,2025,Published Confirmed,0,149.4,0.439,1287.20504835,4.05
TOI-757 b,1,Transit,2024,Published Confirmed,0,17.46819,0.122,10.5,0.03303669
TOI-762 A b,1,Transit,2024,Published Confirmed,0,3.4716826,0.03418,79.77493016,0.251
TOI-763 b,1,Transit,2020,Published Confirmed,0,5.6057,0.06,9.79,0.03080263
TOI-763 c,1,Transit,2020,Published Confirmed,0,12.2737,0.1011,9.32,0.02932385
TOI-771 b,1,Transit,2024,Published Confirmed,0,2.3260155,0.0208,2.47,0.00777149
TOI-771 c,1,Radial Velocity,2025,Published Confirmed,0,7.61,0.046,2.87,0.00903003
TOI-776 b,1,Transit,2020,Published Confirmed,0,8.24662,0.0653,5.0,0.01573176
TOI-776 c,1,Transit,2020,Published Confirmed,0,15.665323,0.1001,6.9,0.02170983
TOI-778 b,1,Transit,2023,Published Confirmed,0,4.633611,0.06,878.0,2.8
TOI-782 b,1,Transit,2024,Published Confirmed,0,8.0240015,0.0578,19.1,0.06009532
TOI-784 b,1,Transit,2023,Published Confirmed,0,2.7970365,0.038,9.67,0.03042522
TOI-791 b,1,Transit,2026,Published Confirmed,0,139.29931,0.602,9.5,0.02989034
TOI-791 c,1,Transit,2026,Published Confirmed,0,232.0157,0.863,18.6,0.05852214
TOI-813 b,1,Transit,2020,Published Confirmed,0,83.8911,0.423,,
TOI-815 b,1,Transit,2024,Published Confirmed,0,11.197259,0.0903,7.6,0.02391227
TOI-815 c,1,Transit,2024,Published Confirmed,0,34.976145,0.193,23.5,0.07393927
TOI-824 b,1,Transit,2020,Published Confirmed,0,1.392978,0.02177,18.467,0.05810339
TOI-833 b,1,Transit,2022,Published Confirmed,0,1.0418777,0.0171,,
TOI-836 b,1,Transit,2023,Published Confirmed,0,3.81673,0.0422,4.53,0.01425297
TOI-836.01,1,Transit,2021,Published Confirmed,0,8.59545,0.075,9.6,0.03020498
TOI-837 b,1,Transit,2020,Published Confirmed,0,8.3249113,0.0888,120.45696625,0.379
TOI-849 b,1,Transit,2020,Published Confirmed,0,0.765548,0.0155,41.8,0.13151751
TOI-858 B b,1,Transit,2023,Published Confirmed,0,3.2797178,0.04435,349.6112477,1.1
TOI-871 b,1,Transit,2024,Published Confirmed,0,14.362565,0.1054,,
TOI-880 c,1,Transit,2025,Published Confirmed,0,6.3872703,0.0635,,
TOI-880.02,1,Transit,2024,Published Confirmed,0,2.57571,0.0349,,
TOI-892 b,1,Transit,2020,Published Confirmed,0,10.62656,0.092,301.9385,0.95
TOI-904 b,1,Transit,2023,Published Confirmed,0,10.8772,0.056,,
TOI-904 c,1,Transit,2023,Published Confirmed,0,83.9997,0.312,,
TOI-905 b,1,Transit,2020,Published Confirmed,0,3.739494,0.04666,211.99261,0.667
TOI-907.01,1,Transit,2024,Published Confirmed,0,4.5849129,0.055225481,,
TOI-908 b,1,Transit,2023,Published Confirmed,0,3.183792,0.041657,16.137,0.05077268
TOI-912 b,1,Transit,2025,Published Confirmed,0,4.6780691,0.041,5.1,0.01604639
TOI-942 b,1,Transit,2020,Published Confirmed,0,4.32421,0.04866,,
TOI-942 c,1,Transit,2020,Published Confirmed,0,10.156272,0.08598,,
TOI-954 b,1,Transit,2020,Published Confirmed,0,3.6849729,0.04963,55.30242,0.174
TOI-969 b,1,Transit,2022,Published Confirmed,0,1.8237305,0.02636,9.1,0.0286318
TOI-969 c,1,Radial Velocity,2022,Published Confirmed,0,1700.0,2.52,3591.4609991,11.3
TRAPPIST-1 b,1,Transit,2016,Published Confirmed,0,1.510826,0.01154,1.374,0.00432309
TRAPPIST-1 c,1,Transit,2016,Published Confirmed,0,2.421937,0.0158,1.308,0.00411543
TRAPPIST-1 d,1,Transit,2016,Published Confirmed,0,4.049219,0.02227,0.388,0.00122078
TRAPPIST-1 e,1,Transit,2017,Published Confirmed,0,6.101013,0.02925,0.692,0.00217728
TRAPPIST-1 f,1,Transit,2017,Published Confirmed,0,9.20754,0.03849,1.039,0.00326906
TRAPPIST-1 g,1,Transit,2017,Published Confirmed,0,12.352446,0.04683,1.321,0.00415633
TRAPPIST-1 h,1,Transit,2017,Published Confirmed,0,18.772866,0.06189,0.326,0.00102571
TYC 0434-04538-1 b,1,Radial Velocity,2021,Published Confirmed,0,193.2,0.66,1938.763,6.1
TYC 1422-614-1 b,1,Radial Velocity,2014,Published Confirmed,0,198.4,0.69,794.5,2.5
TYC 1422-614-1 c,1,Radial Velocity,2014,Published Confirmed,0,559.3,1.37,3178.0,10.0
TYC 2187-512-1 b,1,Radial Velocity,2022,Published Confirmed,0,691.9,1.22,104.88337431,0.33
TYC 3318-01333-1 b,1,Radial Velocity,2018,Published Confirmed,0,562.0,1.414,1086.9786,3.42
TYC 3667-1280-1 b,1,Radial Velocity,2016,Published Confirmed,0,26.468,0.21,1716.282,5.4
TYC 4282-00605-1 b,1,Radial Velocity,2017,Published Confirmed,0,101.54,0.422,3426.2074,10.78
Teegarden's Star b,1,Radial Velocity,2019,Published Confirmed,0,4.90634,0.0259,1.16,0.00364977
Teegarden's Star c,1,Radial Velocity,2019,Published Confirmed,0,11.416,0.0455,1.05,0.00330367
Teegarden's Star d,1,Radial Velocity,2024,Published Confirmed,0,26.13,0.0791,0.82,0.00258001
TrES-3 b,1,Transit,2007,Published Confirmed,0,1.30618581,0.02282,607.03,1.91
TrES-5 b,1,Transit,2011,Published Confirmed,0,1.48224686,0.02459,568.9157,1.79
UKIRT-2017-BLG-001L b,1,Microlensing,2018,Published Confirmed,0,,4.18,407.0,1.28
UZ For b,1,Eclipse Timing Variations,2011,Published Confirmed,0,5840.0,5.9,2002.2,6.3
UZ For c,1,Eclipse Timing Variations,2011,Published Confirmed,0,1916.25,2.8,2447.2,7.7
V0391 Peg b,1,Pulsation Timing Variations,2007,Published Confirmed,0,1170.0,1.7,1017.056,3.2
V1298 Tau b,1,Transit,2019,Published Confirmed,0,24.140006,0.1685,13.1,0.04121721
V1298 Tau c,1,Transit,2019,Published Confirmed,0,8.249164,0.0824,4.7,0.01478785
V1298 Tau d,1,Transit,2019,Published Confirmed,0,12.401394,0.1081,6.0,0.01887811
V1298 Tau e,1,Transit,2019,Published Confirmed,0,48.677714,0.2689,15.3,0.04813918
V830 Tau b,1,Radial Velocity,2016,Published Confirmed,1,4.927,0.057,222.481,0.7
WASP-1 b,1,Transit,2007,Published Confirmed,0,2.5199454,0.03889,271.415,0.854
WASP-10 b,1,Transit,2008,Published Confirmed,0,3.0927616,0.03781,1001.12,3.15
WASP-102 b,1,Transit,2025,Published Confirmed,0,2.709813,0.041,197.68926915,0.622
WASP-103 b,1,Transit,2014,Published Confirmed,0,0.925542,0.01985,473.547,1.49
WASP-104 b,1,Transit,2014,Published Confirmed,0,1.7554137,0.02918,404.263,1.272
WASP-105 b,1,Transit,2017,Published Confirmed,0,7.87288,0.075,572.094,1.8
WASP-106 b,1,Transit,2014,Published Confirmed,0,9.28969,0.0901,613.40882551,1.93
WASP-113 b,1,Transit,2016,Published Confirmed,0,4.54216874538,0.05885,150.96925,0.475
WASP-114 b,1,Transit,2016,Published Confirmed,0,1.5487743,0.02851,562.24127,1.769
WASP-116 b,1,Transit,2025,Published Confirmed,0,6.6132,0.065,203.41018048,0.64
WASP-118 b,1,Transit,2016,Published Confirmed,0,4.0460435,0.05453,163.36462,0.514
WASP-119 b,1,Transit,2016,Published Confirmed,0,2.49979,0.0363,390.9309,1.23
WASP-12 b,1,Transit,2008,Published Confirmed,0,1.091418901,0.0234,,
WASP-121 b,1,Transit,2016,Published Confirmed,0,1.27492504,0.02571,371.85923619,1.17
WASP-124 b,1,Transit,2016,Published Confirmed,0,3.37265,0.0449,190.698,0.6
WASP-127 b,1,Transit,2016,Published Confirmed,0,4.17806203,0.0484,52.346601,0.1647
WASP-129 b,1,Transit,2016,Published Confirmed,0,5.748145,0.0628,317.83,1.0
WASP-130 b,1,Transit,2016,Published Confirmed,0,11.55098,0.1012,390.9309,1.23
WASP-131 b,1,Transit,2016,Published Confirmed,0,5.3220125,0.0608,86.76715511,0.273
WASP-132 b,1,Transit,2016,Published Confirmed,0,7.1335164,0.0674,136.0305582,0.428
WASP-132 c,1,Transit,2022,Published Confirmed,0,1.01153624,0.01833,6.26,0.01969616
WASP-132 d,1,Radial Velocity,2024,Published Confirmed,0,1816.6,2.71,1639.99458012,5.16
WASP-133 b,1,Transit,2016,Published Confirmed,0,2.176423,0.0345,368.6828,1.16
WASP-135 b,1,Transit,2015,Published Confirmed,0,1.4013794,0.0243,603.877,1.9
WASP-138 b,1,Transit,2016,Published Confirmed,0,3.634433,0.0494,387.7526,1.22
WASP-139 b,1,Transit,2016,Published Confirmed,0,5.924262,0.062,37.18611,0.117
WASP-141 b,1,Transit,2016,Published Confirmed,0,3.310651,0.0469,854.9627,2.69
WASP-142 b,1,Transit,2016,Published Confirmed,0,2.052868,0.0347,266.9772,0.84
WASP-144 b,1,Transit,2018,Published Confirmed,0,2.2783152,0.0316,139.8452,0.44
WASP-145 A b,1,Transit,2018,Published Confirmed,0,1.7690381,0.0261,282.8687,0.89
WASP-147 b,1,Transit,2018,Published Confirmed,0,4.60273,0.0549,87.40325,0.275
WASP-148 b,1,Transit,2020,Published Confirmed,0,8.803809,0.08215,91.21675281,0.287
WASP-148 c,1,Radial Velocity,2020,Published Confirmed,0,34.524,0.2044,124.58873554,0.392
WASP-149 b,1,Transit,2025,Published Confirmed,0,1.332813,0.024,314.96795134,0.991
WASP-150 b,1,Transit,2020,Published Confirmed,0,5.644207,0.0694,2688.8418,8.46
WASP-151 b,1,Transit,2017,Published Confirmed,0,4.5334775,0.055,100.43377661,0.316
WASP-153 b,1,Transit,2017,Published Confirmed,0,3.332609,0.048,123.9537,0.39
WASP-154 b,1,Transit,2025,Published Confirmed,0,3.811678,0.044,198.96058278,0.626
WASP-155 b,1,Transit,2025,Published Confirmed,0,3.110413,0.043,276.8285425,0.871
WASP-156 b,1,Transit,2017,Published Confirmed,0,3.8361629,0.046,42.0,0.13214678
WASP-157 b,1,Transit,2016,Published Confirmed,0,3.951623,0.0499,,
WASP-158 b,1,Transit,2018,Published Confirmed,0,3.656333,0.0517,886.7457,2.79
WASP-159 b,1,Transit,2018,Published Confirmed,0,3.840401,0.0538,174.8065,0.55
WASP-160 B b,1,Transit,2018,Published Confirmed,0,3.7684952,0.0452,88.35674,0.278
WASP-161 b,1,Transit,2018,Published Confirmed,0,5.4060425,0.0673,791.3967,2.49
WASP-162 b,1,Transit,2018,Published Confirmed,0,9.62468,0.0871,1652.716,5.2
WASP-163 b,1,Transit,2018,Published Confirmed,0,1.6096884,0.0266,594.3421,1.87
WASP-164 b,1,Transit,2018,Published Confirmed,0,1.7771255,0.02818,676.9779,2.13
WASP-165 b,1,Transit,2018,Published Confirmed,0,3.465509,0.04823,209.13214,0.658
WASP-166 b,1,Transit,2019,Published Confirmed,0,5.44354,0.0641,32.10083,0.101
WASP-167 b,1,Transit,2017,Published Confirmed,0,2.0219596,0.0365,2542.64,8.0
WASP-168 b,1,Transit,2018,Published Confirmed,0,4.153658,0.0519,133.4886,0.42
WASP-169 b,1,Transit,2019,Published Confirmed,0,5.6114118,0.0681,178.30263,0.561
WASP-170 b,1,Transit,2018,Published Confirmed,0,2.34478022,0.0337,508.528,1.6
WASP-171 b,1,Transit,2019,Published Confirmed,0,3.8186244,0.0504,344.52772,1.084
WASP-172 b,1,Transit,2018,Published Confirmed,0,5.477433,0.0694,149.3801,0.47
WASP-173 A b,1,Transit,2018,Published Confirmed,0,1.38665318,0.0248,1172.7927,3.69
WASP-174 b,1,Transit,2018,Published Confirmed,0,4.2337005,0.05503,104.88337431,0.33
WASP-175 b,1,Transit,2019,Published Confirmed,0,3.0652907,0.04403,314.6517,0.99
WASP-176 b,1,Transit,2020,Published Confirmed,0,3.899052,0.0535,271.74465,0.855
WASP-177 b,1,Transit,2019,Published Confirmed,0,3.071722,0.03957,161.45764,0.508
WASP-178 b,1,Transit,2019,Published Confirmed,0,3.3448285,0.0558,527.5978,1.66
WASP-18 b,1,Transit,2009,Published Confirmed,0,0.94145223,0.02024,3241.8497514,10.2
WASP-180 A b,1,Transit,2019,Published Confirmed,0,3.409264,0.048,286.047,0.9
WASP-181 b,1,Transit,2019,Published Confirmed,0,4.5195064,0.05427,95.03117,0.299
WASP-182 b,1,Transit,2019,Published Confirmed,0,3.3769848,0.0451,47.03884,0.148
WASP-183 b,1,Transit,2019,Published Confirmed,0,4.1117771,0.04632,159.55066,0.502
WASP-184 b,1,Transit,2019,Published Confirmed,0,5.1817,0.0627,181.1631,0.57
WASP-185 b,1,Transit,2019,Published Confirmed,0,9.38755,0.0904,311.4734,0.98
WASP-186 b,1,Transit,2020,Published Confirmed,0,5.026799,0.06,1341.2426,4.22
WASP-187 b,1,Transit,2020,Published Confirmed,0,5.147878,0.0653,254.264,0.8
WASP-188 b,1,Transit,2025,Published Confirmed,0,5.748916,0.072,458.6263913,1.443
WASP-189 b,1,Transit,2020,Published Confirmed,0,2.724033,0.05053,632.47852993,1.99
WASP-19 b,1,Transit,2009,Published Confirmed,0,0.78883852,0.01652,366.77398168,1.154
WASP-190 b,1,Transit,2019,Published Confirmed,0,5.367753,0.0663,317.83,1.0
WASP-192 b,1,Transit,2019,Published Confirmed,0,2.8786765,0.0408,731.009,2.3
WASP-193 b,1,Transit,2023,Published Confirmed,0,6.2463475,0.0668,35.59678158,0.112
WASP-194 b,1,Transit,2025,Published Confirmed,0,3.183387,0.047,373.13054982,1.174
WASP-195 b,1,Transit,2025,Published Confirmed,0,5.051928,0.063,33.05415433,0.104
WASP-197 b,1,Transit,2025,Published Confirmed,0,5.167228,0.065,403.32424848,1.269
WASP-2 b,1,Transit,2007,Published Confirmed,0,2.152175,0.03144,295.89973,0.931
WASP-21 b,1,Transit,2010,Published Confirmed,0,4.322482,0.052,95.345,0.3
WASP-23 b,1,Transit,2010,Published Confirmed,0,2.9444256,0.0376,280.95,0.884
WASP-28 b,1,Transit,2014,Published Confirmed,0,3.40883495,0.0442,282.54945382,0.889
WASP-31 b,1,Transit,2010,Published Confirmed,0,3.4059096,0.04659,151.916,0.478
WASP-33 b,1,Transit,2010,Published Confirmed,0,1.21987,0.0239,665.21819,2.093
WASP-36 b,1,Transit,2011,Published Confirmed,0,1.53736596,0.02677,750.39663,2.361
WASP-37 b,1,Transit,2010,Published Confirmed,0,3.577469,0.0446,572.07,1.8
WASP-39 b,1,Transit,2011,Published Confirmed,0,4.0552941,0.04828,89.31023,0.281
WASP-4 b,1,Transit,2007,Published Confirmed,0,1.338230994,0.02261,381.3940884,1.2
WASP-41 c,1,Radial Velocity,2015,Published Confirmed,0,421.0,1.07,1010.6994,3.18
WASP-42 b,1,Transit,2012,Published Confirmed,0,4.9816819,0.0561,167.49641,0.527
WASP-43 b,1,Transit,2011,Published Confirmed,0,0.813475,0.0142,565.714,1.78
WASP-44 b,1,Transit,2011,Published Confirmed,0,2.423804,0.03453,276.5121,0.87
WASP-45 b,1,Transit,2011,Published Confirmed,0,3.126089,0.03963,306.38812,0.964
WASP-46 b,1,Transit,2011,Published Confirmed,0,1.43036763,0.02335,607.0553,1.91
WASP-5 b,1,Transit,2008,Published Confirmed,0,1.6284279,0.0267,502.15,1.58
WASP-50 b,1,Transit,2011,Published Confirmed,0,1.9551,0.0293,466.828704,1.4688
WASP-52 b,1,Transit,2012,Published Confirmed,0,1.7497798,0.0272,146.2,0.46
WASP-53 b,1,Transit,2017,Published Confirmed,0,3.3098443,0.04101,677.61356,2.132
WASP-53 c,1,Radial Velocity,2017,Published Confirmed,0,2840.0,3.73,5196.5205,16.35
WASP-57 b,1,Transit,2012,Published Confirmed,0,2.83891856,0.03769,204.68252,0.644
WASP-59 b,1,Transit,2012,Published Confirmed,0,7.919585,0.0697,274.276,0.863
WASP-64 b,1,Transit,2012,Published Confirmed,0,1.5732918,0.02648,403.945,1.271
WASP-65 b,1,Transit,2013,Published Confirmed,0,2.3114243,0.0334,492.62,1.55
WASP-69 b,1,Transit,2014,Published Confirmed,0,3.86813881,0.0453,82.58,0.26
WASP-7 b,1,Transit,2008,Published Confirmed,0,4.9546416,0.0617,305.1168,0.96
WASP-70 A b,1,Transit,2014,Published Confirmed,0,3.7130203,0.04853,187.512,0.59
WASP-75 b,1,Transit,2013,Published Confirmed,0,2.484193,0.0375,340.06,1.07
WASP-76 b,1,Transit,2016,Published Confirmed,0,1.80988198,0.033,284.13859586,0.894
WASP-77 A b,1,Transit,2012,Published Confirmed,0,1.360029395,0.023233633,529.31142902,1.6654
WASP-79 b,1,Transit,2012,Published Confirmed,0,3.662392,0.0519,270.15414595,0.85
WASP-8 c,1,Radial Velocity,2013,Published Confirmed,0,4323.0,5.28,3003.37,9.45
WASP-80 b,1,Transit,2012,Published Confirmed,0,3.06785234,0.0344,170.99254,0.538
WASP-81 b,1,Transit,2017,Published Confirmed,0,2.7164762,0.03908,231.69807,0.729
WASP-83 b,1,Transit,2015,Published Confirmed,0,4.971252,0.059,95.349,0.3
WASP-84 b,1,Transit,2014,Published Confirmed,0,8.52349648,0.0778,220.0,0.692
WASP-84 c,1,Transit,2023,Published Confirmed,0,1.4468849,0.02359,15.2,0.048
WASP-85 A b,1,Transit,2016,Published Confirmed,0,2.6556777,0.039,402.05495,1.265
WASP-87 b,1,Transit,2016,Published Confirmed,0,1.682795,0.02946,692.8694,2.18
WASP-89 b,1,Transit,2015,Published Confirmed,0,3.3564227,0.0427,1875.197,5.9
WASP-90 b,1,Transit,2016,Published Confirmed,0,3.916243,0.0562,200.2329,0.63
WASP-91 b,1,Transit,2017,Published Confirmed,0,2.798581,0.037,425.8922,1.34
WASP-92 b,1,Transit,2016,Published Confirmed,0,2.1746742,0.0348,255.85315,0.805
WASP-93 b,1,Transit,2016,Published Confirmed,0,2.7325321,0.04211,467.2101,1.47
WASP-94 B b,1,Radial Velocity,2014,Published Confirmed,0,2.00839,0.0335,196.411,0.618
WASP-96 b,1,Transit,2014,Published Confirmed,0,3.4252602,0.0453,152.55,0.48
WASP-98 b,1,Transit,2014,Published Confirmed,0,2.96264036,0.03762,293.03926,0.922
WD 1856+534 b,1,Transit,2020,Published Confirmed,0,1.4079405,0.0204,4386.054,13.8
WISE J033605.05-014350.4 b,1,Imaging,2023,Published Confirmed,0,2560.0,0.97,2622.08435775,8.25
WISEP J121756.91+162640.2 A b,1,Imaging,2012,Published Confirmed,0,,8.0,6992.0,22.0
WISPIT 2 c,1,Imaging,2026,Published Confirmed,0,,14.0,3178.28407,10.0
WTS-1 b,1,Transit,2012,Published Confirmed,0,3.352057,0.047,1274.44,4.01
WTS-2 b,1,Transit,2014,Published Confirmed,0,1.0187068,0.01855,355.9696,1.12
Wendelstein-1 b,1,Transit,2020,Published Confirmed,0,2.663416,0.0282,188.15536,0.592
Wendelstein-2 b,1,Transit,2020,Published Confirmed,0,1.7522239,0.0234,232.33373,0.731
Wolf 1061 b,1,Radial Velocity,2015,Published Confirmed,0,4.8869,0.0375,1.91,0.0060095
Wolf 1061 c,1,Radial Velocity,2015,Published Confirmed,0,17.8719,0.089,3.41,0.01072901
Wolf 1061 d,1,Radial Velocity,2015,Published Confirmed,0,217.21,0.47,7.7,0.02422679
Wolf 1069 b,1,Radial Velocity,2023,Published Confirmed,0,15.564,0.0672,1.26,0.0039644
Wolf 327 b,1,Transit,2024,Published Confirmed,0,0.5734745,0.01,2.53,0.00796027
Wolf 503 b,1,Transit,2018,Published Confirmed,0,6.00127,0.05706,6.26,0.01969616
XO-2 N b,1,Transit,2007,Published Confirmed,0,2.61585906,0.03666,188.79007376,0.594
XO-2 S b,1,Radial Velocity,2014,Published Confirmed,0,18.22,0.1347,82.63538582,0.26
XO-2 S c,1,Radial Velocity,2014,Published Confirmed,0,120.059,0.4737,438.60320166,1.38
XO-2 S d,1,Radial Velocity,2024,Published Confirmed,0,4696.0,5.46,1179.14338997,3.71
XO-3 b,1,Transit,2007,Published Confirmed,0,3.19152309,0.04815,4217.58296089,13.27
XO-5 b,1,Transit,2008,Published Confirmed,0,4.1877558,0.0515,378.2,1.19
XO-6 b,1,Transit,2016,Published Confirmed,0,3.7650007,0.0815,1398.452,4.4
XO-7 b,1,Transit,2019,Published Confirmed,0,2.8641424,0.04421,225.34147,0.709
YZ Cet b,1,Radial Velocity,2017,Published Confirmed,0,2.02087,0.01634,0.7,0.00220245
YZ Cet c,1,Radial Velocity,2017,Published Confirmed,0,3.05989,0.02156,1.14,0.00358684
YZ Cet d,1,Radial Velocity,2017,Published Confirmed,0,4.65626,0.02851,1.09,0.00342952
alf Ari b,1,Radial Velocity,2010,Published Confirmed,0,380.8,1.2,572.07,1.8
alf Tau b,1,Radial Velocity,2015,Published Confirmed,1,628.96,1.46,2056.3601,6.47
bet Cnc b,1,Radial Velocity,2014,Published Confirmed,0,605.2,1.7,2479.0,7.8
bet Pic b,1,Imaging,2008,Published Confirmed,0,8682.0,10.07,2765.1071409,8.7
bet Pic c,1,Radial Velocity,2019,Published Confirmed,0,1202.0,2.7,2765.1071409,8.7
bet UMi b,1,Radial Velocity,2014,Published Confirmed,0,522.3,1.4,1938.7,6.1
eps CrB b,1,Radial Velocity,2012,Published Confirmed,0,417.9,1.3,2129.461,6.7
eps Eri b,1,Radial Velocity,2000,Published Confirmed,0,2680.0,3.53,317.828407,1.0
eps Ind A b,1,Radial Velocity,2019,Published Confirmed,0,25450.0,15.76,2065.8846455,6.5
eps Tau b,1,Radial Velocity,2006,Published Confirmed,0,585.82,1.878,2285.18624633,7.19
gam Lib b,1,Radial Velocity,2018,Published Confirmed,0,414.88,1.319,357.87478628,1.126
gam Lib c,1,Radial Velocity,2018,Published Confirmed,0,966.49,2.318,1662.56039702,5.231
gam Psc b,1,Radial Velocity,2021,Published Confirmed,0,555.1,1.32,425.89006538,1.34
gam1 Leo b,1,Radial Velocity,2009,Published Confirmed,0,428.5,1.19,2790.43,8.78
iot Dra b,1,Radial Velocity,2002,Published Confirmed,0,510.8544,1.453,3756.73177074,11.82
iot Dra c,1,Radial Velocity,2021,Published Confirmed,0,25000.0,19.4,4958.1231492,15.6
kap CrB b,1,Radial Velocity,2007,Published Confirmed,0,1253.68,2.5,483.73483545,1.522
mu Leo b,1,Radial Velocity,2014,Published Confirmed,0,357.8,1.1,762.8,2.4
nu Oct A b,1,Radial Velocity,2016,Published Confirmed,1,402.4,1.24,696.04421133,2.19
nu Oph b,1,Radial Velocity,2012,Published Confirmed,0,529.93,1.765,6848.56651404,21.548
nu Oph c,1,Radial Velocity,2012,Published Confirmed,0,3180.6,5.829,7530.30844705,23.693
ome Ser b,1,Radial Velocity,2013,Published Confirmed,0,278.59,0.838,233.92170755,0.736
omi CrB b,1,Radial Velocity,2012,Published Confirmed,0,187.01,0.699,355.96781584,1.12
omi UMa b,1,Radial Velocity,2012,Published Confirmed,0,1569.81,3.691,1160.39151396,3.651
psi1 Dra B b,1,Radial Velocity,2015,Published Confirmed,0,3117.0,4.43,486.2799,1.53
tau Boo b,1,Radial Velocity,1996,Published Confirmed,0,3.3124568,0.049,1373.0256,4.32
tau Cet f,1,Radial Velocity,2017,Published Confirmed,1,636.13,1.334,3.93,0.0123651
tau Cet g,1,Radial Velocity,2017,Published Confirmed,1,20.0,0.133,1.75,0.00550609
tau Cet h,1,Radial Velocity,2017,Published Confirmed,1,49.41,0.243,1.83,0.0057578
tau Gem b,1,Radial Velocity,2013,Published Confirmed,0,305.5,1.17,6547.0,20.6
ups And b,1,Radial Velocity,1996,Published Confirmed,0,4.617033,0.05922166,218.531,0.6876
ups And c,1,Radial Velocity,1999,Published Confirmed,0,241.258,0.827774,629.595,1.981
ups And d,1,Radial Velocity,1999,Published Confirmed,0,1276.46,2.51329,1313.22,4.132
ups Leo b,1,Radial Velocity,2021,Published Confirmed,0,385.2,1.18,162.09248757,0.51
xi Aql b,1,Radial Velocity,2007,Published Confirmed,0,136.97,0.625,616.90493799,1.941
